--- Layer: conv2d (Quantized Output) ---
tf.Tensor(
[[[[ 0.00000000e+00  0.00000000e+00  0.00000000e+00  0.00000000e+00
     0.00000000e+00  0.00000000e+00  6.25000000e-02  0.00000000e+00
     0.00000000e+00  0.00000000e+00  0.00000000e+00  0.00000000e+00
     0.00000000e+00  0.00000000e+00  0.00000000e+00 -6.25000000e-02]
   [ 0.00000000e+00  0.00000000e+00  0.00000000e+00  0.00000000e+00
     0.00000000e+00  0.00000000e+00  6.25000000e-02  0.00000000e+00
     0.00000000e+00  0.00000000e+00  0.00000000e+00  0.00000000e+00
     0.00000000e+00  0.00000000e+00  0.00000000e+00 -6.25000000e-02]
   [ 0.00000000e+00  0.00000000e+00  0.00000000e+00  0.00000000e+00
     0.00000000e+00  0.00000000e+00  6.25000000e-02  0.00000000e+00
     0.00000000e+00  0.00000000e+00  0.00000000e+00  0.00000000e+00
     0.00000000e+00  0.00000000e+00  0.00000000e+00 -6.25000000e-02]
   [ 0.00000000e+00  0.00000000e+00  0.00000000e+00  0.00000000e+00
     0.00000000e+00  0.00000000e+00  6.25000000e-02  0.00000000e+00
     0.00000000e+00  0.00000000e+00  0.00000000e+00  0.00000000e+00
     0.00000000e+00  0.00000000e+00  0.00000000e+00 -6.25000000e-02]
   [ 0.00000000e+00  0.00000000e+00  0.00000000e+00  0.00000000e+00
     0.00000000e+00  0.00000000e+00  6.25000000e-02  0.00000000e+00
     0.00000000e+00  0.00000000e+00  0.00000000e+00  0.00000000e+00
     0.00000000e+00  0.00000000e+00  0.00000000e+00 -6.25000000e-02]
   [ 0.00000000e+00  0.00000000e+00  0.00000000e+00  0.00000000e+00
     0.00000000e+00  0.00000000e+00  6.25000000e-02  0.00000000e+00
     0.00000000e+00  0.00000000e+00  0.00000000e+00  0.00000000e+00
     0.00000000e+00  0.00000000e+00  0.00000000e+00 -6.25000000e-02]
   [ 0.00000000e+00  0.00000000e+00  0.00000000e+00  0.00000000e+00
     0.00000000e+00  0.00000000e+00  6.25000000e-02  0.00000000e+00
     0.00000000e+00  0.00000000e+00  0.00000000e+00  0.00000000e+00
     0.00000000e+00  0.00000000e+00  0.00000000e+00 -6.25000000e-02]
   [ 0.00000000e+00  0.00000000e+00  0.00000000e+00  0.00000000e+00
     0.00000000e+00  0.00000000e+00  6.25000000e-02  0.00000000e+00
     0.00000000e+00  0.00000000e+00  0.00000000e+00  0.00000000e+00
     0.00000000e+00  0.00000000e+00  0.00000000e+00 -6.25000000e-02]
   [ 0.00000000e+00  0.00000000e+00  0.00000000e+00  0.00000000e+00
     0.00000000e+00  0.00000000e+00  6.25000000e-02  0.00000000e+00
     0.00000000e+00  0.00000000e+00  0.00000000e+00  0.00000000e+00
     0.00000000e+00  0.00000000e+00  0.00000000e+00 -6.25000000e-02]
   [ 0.00000000e+00  0.00000000e+00  0.00000000e+00  0.00000000e+00
     0.00000000e+00  0.00000000e+00  6.25000000e-02  0.00000000e+00
     0.00000000e+00  0.00000000e+00  0.00000000e+00  0.00000000e+00
     0.00000000e+00  0.00000000e+00  0.00000000e+00 -6.25000000e-02]
   [ 0.00000000e+00  0.00000000e+00  0.00000000e+00  0.00000000e+00
     0.00000000e+00  0.00000000e+00  6.25000000e-02  0.00000000e+00
     0.00000000e+00  0.00000000e+00  0.00000000e+00  0.00000000e+00
     0.00000000e+00  0.00000000e+00  0.00000000e+00 -6.25000000e-02]
   [ 0.00000000e+00  0.00000000e+00  0.00000000e+00  0.00000000e+00
     0.00000000e+00  0.00000000e+00  6.25000000e-02  0.00000000e+00
     0.00000000e+00  0.00000000e+00  0.00000000e+00  0.00000000e+00
     0.00000000e+00  0.00000000e+00  0.00000000e+00 -6.25000000e-02]
   [ 0.00000000e+00  0.00000000e+00  0.00000000e+00  0.00000000e+00
     0.00000000e+00  0.00000000e+00  6.25000000e-02  0.00000000e+00
     0.00000000e+00  0.00000000e+00  0.00000000e+00  0.00000000e+00
     0.00000000e+00  0.00000000e+00  0.00000000e+00 -6.25000000e-02]
   [ 0.00000000e+00  0.00000000e+00  0.00000000e+00  0.00000000e+00
     0.00000000e+00  0.00000000e+00  6.25000000e-02  0.00000000e+00
     0.00000000e+00  0.00000000e+00  0.00000000e+00  0.00000000e+00
     0.00000000e+00  0.00000000e+00  0.00000000e+00 -6.25000000e-02]
   [ 0.00000000e+00  0.00000000e+00  0.00000000e+00  0.00000000e+00
     0.00000000e+00  0.00000000e+00  6.25000000e-02  0.00000000e+00
     0.00000000e+00  0.00000000e+00  0.00000000e+00  0.00000000e+00
     0.00000000e+00  0.00000000e+00  0.00000000e+00 -6.25000000e-02]
   [ 0.00000000e+00  0.00000000e+00  0.00000000e+00  0.00000000e+00
     0.00000000e+00  0.00000000e+00  6.25000000e-02  0.00000000e+00
     0.00000000e+00  0.00000000e+00  0.00000000e+00  0.00000000e+00
     0.00000000e+00  0.00000000e+00  0.00000000e+00 -6.25000000e-02]
   [ 0.00000000e+00  0.00000000e+00  0.00000000e+00  0.00000000e+00
     0.00000000e+00  0.00000000e+00  6.25000000e-02  0.00000000e+00
     0.00000000e+00  0.00000000e+00  0.00000000e+00  0.00000000e+00
     0.00000000e+00  0.00000000e+00  0.00000000e+00 -6.25000000e-02]
   [ 0.00000000e+00  0.00000000e+00  0.00000000e+00  0.00000000e+00
     0.00000000e+00  0.00000000e+00  6.25000000e-02  0.00000000e+00
     0.00000000e+00  0.00000000e+00  0.00000000e+00  0.00000000e+00
     0.00000000e+00  0.00000000e+00  0.00000000e+00 -6.25000000e-02]
   [ 0.00000000e+00  0.00000000e+00  0.00000000e+00  0.00000000e+00
     0.00000000e+00  0.00000000e+00  6.25000000e-02  0.00000000e+00
     0.00000000e+00  0.00000000e+00  0.00000000e+00  0.00000000e+00
     0.00000000e+00  0.00000000e+00  0.00000000e+00 -6.25000000e-02]
   [ 0.00000000e+00  0.00000000e+00  0.00000000e+00  0.00000000e+00
     0.00000000e+00  0.00000000e+00  6.25000000e-02  0.00000000e+00
     0.00000000e+00  0.00000000e+00  0.00000000e+00  0.00000000e+00
     0.00000000e+00  0.00000000e+00  0.00000000e+00 -6.25000000e-02]
   [ 0.00000000e+00  0.00000000e+00  0.00000000e+00  0.00000000e+00
     0.00000000e+00  0.00000000e+00  6.25000000e-02  0.00000000e+00
     0.00000000e+00  0.00000000e+00  0.00000000e+00  0.00000000e+00
     0.00000000e+00  0.00000000e+00  0.00000000e+00 -6.25000000e-02]
   [ 0.00000000e+00  0.00000000e+00  0.00000000e+00  0.00000000e+00
     0.00000000e+00  0.00000000e+00  6.25000000e-02  0.00000000e+00
     0.00000000e+00  0.00000000e+00  0.00000000e+00  0.00000000e+00
     0.00000000e+00  0.00000000e+00  0.00000000e+00 -6.25000000e-02]
   [ 0.00000000e+00  0.00000000e+00  0.00000000e+00  0.00000000e+00
     0.00000000e+00  0.00000000e+00  6.25000000e-02  0.00000000e+00
     0.00000000e+00  0.00000000e+00  0.00000000e+00  0.00000000e+00
     0.00000000e+00  0.00000000e+00  0.00000000e+00 -6.25000000e-02]
   [ 0.00000000e+00  0.00000000e+00  0.00000000e+00  0.00000000e+00
     0.00000000e+00  0.00000000e+00  6.25000000e-02  0.00000000e+00
     0.00000000e+00  0.00000000e+00  0.00000000e+00  0.00000000e+00
     0.00000000e+00  0.00000000e+00  0.00000000e+00 -6.25000000e-02]
   [ 0.00000000e+00  0.00000000e+00  0.00000000e+00  0.00000000e+00
     0.00000000e+00  0.00000000e+00  6.25000000e-02  0.00000000e+00
     0.00000000e+00  0.00000000e+00  0.00000000e+00  0.00000000e+00
     0.00000000e+00  0.00000000e+00  0.00000000e+00 -6.25000000e-02]
   [ 0.00000000e+00  0.00000000e+00  0.00000000e+00  0.00000000e+00
     0.00000000e+00  0.00000000e+00  6.25000000e-02  0.00000000e+00
     0.00000000e+00  0.00000000e+00  0.00000000e+00  0.00000000e+00
     0.00000000e+00  0.00000000e+00  0.00000000e+00 -6.25000000e-02]]

  [[ 0.00000000e+00  0.00000000e+00  0.00000000e+00  0.00000000e+00
     0.00000000e+00  0.00000000e+00  6.25000000e-02  0.00000000e+00
     0.00000000e+00  0.00000000e+00  0.00000000e+00  0.00000000e+00
     0.00000000e+00  0.00000000e+00  0.00000000e+00 -6.25000000e-02]
   [ 0.00000000e+00  0.00000000e+00  0.00000000e+00  0.00000000e+00
     0.00000000e+00  0.00000000e+00  6.25000000e-02  0.00000000e+00
     0.00000000e+00  0.00000000e+00  0.00000000e+00  0.00000000e+00
     0.00000000e+00  0.00000000e+00  0.00000000e+00 -6.25000000e-02]
   [ 0.00000000e+00  0.00000000e+00  0.00000000e+00  0.00000000e+00
     0.00000000e+00  0.00000000e+00  6.25000000e-02  0.00000000e+00
     0.00000000e+00  0.00000000e+00  0.00000000e+00  0.00000000e+00
     0.00000000e+00  0.00000000e+00  0.00000000e+00 -6.25000000e-02]
   [ 0.00000000e+00  0.00000000e+00  0.00000000e+00  0.00000000e+00
     0.00000000e+00  0.00000000e+00  6.25000000e-02  0.00000000e+00
     0.00000000e+00  0.00000000e+00  0.00000000e+00  0.00000000e+00
     0.00000000e+00  0.00000000e+00  0.00000000e+00 -6.25000000e-02]
   [ 0.00000000e+00  0.00000000e+00  0.00000000e+00  0.00000000e+00
     0.00000000e+00  0.00000000e+00  6.25000000e-02  0.00000000e+00
     0.00000000e+00  0.00000000e+00  0.00000000e+00  0.00000000e+00
     0.00000000e+00  0.00000000e+00  0.00000000e+00 -6.25000000e-02]
   [ 0.00000000e+00  0.00000000e+00  0.00000000e+00  0.00000000e+00
     0.00000000e+00  0.00000000e+00  6.25000000e-02  0.00000000e+00
     0.00000000e+00  0.00000000e+00  0.00000000e+00  0.00000000e+00
     0.00000000e+00  0.00000000e+00  0.00000000e+00 -6.25000000e-02]
   [ 0.00000000e+00  0.00000000e+00  0.00000000e+00  0.00000000e+00
     0.00000000e+00  0.00000000e+00  6.25000000e-02  0.00000000e+00
     0.00000000e+00  0.00000000e+00  0.00000000e+00  0.00000000e+00
     0.00000000e+00  0.00000000e+00  0.00000000e+00 -6.25000000e-02]
   [ 0.00000000e+00  0.00000000e+00  0.00000000e+00  0.00000000e+00
     0.00000000e+00  0.00000000e+00  6.25000000e-02  0.00000000e+00
     0.00000000e+00  0.00000000e+00  0.00000000e+00  0.00000000e+00
     0.00000000e+00  0.00000000e+00  0.00000000e+00 -6.25000000e-02]
   [ 0.00000000e+00  0.00000000e+00  0.00000000e+00  0.00000000e+00
     0.00000000e+00  0.00000000e+00  6.25000000e-02  0.00000000e+00
     0.00000000e+00  0.00000000e+00  0.00000000e+00  0.00000000e+00
     0.00000000e+00  0.00000000e+00  0.00000000e+00 -6.25000000e-02]
   [ 0.00000000e+00  0.00000000e+00  0.00000000e+00  0.00000000e+00
     0.00000000e+00  0.00000000e+00  6.25000000e-02  0.00000000e+00
     0.00000000e+00  0.00000000e+00  0.00000000e+00  0.00000000e+00
     0.00000000e+00  0.00000000e+00  0.00000000e+00 -6.25000000e-02]
   [ 0.00000000e+00  0.00000000e+00  0.00000000e+00  0.00000000e+00
     0.00000000e+00  0.00000000e+00  6.25000000e-02  0.00000000e+00
     0.00000000e+00  0.00000000e+00  0.00000000e+00  0.00000000e+00
     0.00000000e+00  0.00000000e+00  0.00000000e+00 -6.25000000e-02]
   [ 0.00000000e+00  0.00000000e+00  0.00000000e+00  0.00000000e+00
     0.00000000e+00  0.00000000e+00  6.25000000e-02  0.00000000e+00
     0.00000000e+00  0.00000000e+00  0.00000000e+00  0.00000000e+00
     0.00000000e+00  0.00000000e+00  0.00000000e+00 -6.25000000e-02]
   [ 0.00000000e+00  0.00000000e+00  0.00000000e+00  0.00000000e+00
     0.00000000e+00  0.00000000e+00  6.25000000e-02  0.00000000e+00
     0.00000000e+00  0.00000000e+00  0.00000000e+00  0.00000000e+00
     0.00000000e+00  0.00000000e+00  0.00000000e+00 -6.25000000e-02]
   [ 0.00000000e+00  0.00000000e+00  0.00000000e+00  0.00000000e+00
     0.00000000e+00  0.00000000e+00  6.25000000e-02  0.00000000e+00
     0.00000000e+00  0.00000000e+00  0.00000000e+00  0.00000000e+00
     0.00000000e+00  0.00000000e+00  0.00000000e+00 -6.25000000e-02]
   [ 0.00000000e+00  0.00000000e+00  0.00000000e+00  0.00000000e+00
     0.00000000e+00  0.00000000e+00  6.25000000e-02  0.00000000e+00
     0.00000000e+00  0.00000000e+00  0.00000000e+00  0.00000000e+00
     0.00000000e+00  0.00000000e+00  0.00000000e+00 -6.25000000e-02]
   [ 0.00000000e+00  0.00000000e+00  0.00000000e+00  0.00000000e+00
     0.00000000e+00  0.00000000e+00  6.25000000e-02  0.00000000e+00
     0.00000000e+00  0.00000000e+00  0.00000000e+00  0.00000000e+00
     0.00000000e+00  0.00000000e+00  0.00000000e+00 -6.25000000e-02]
   [ 0.00000000e+00  0.00000000e+00  0.00000000e+00  0.00000000e+00
     0.00000000e+00  0.00000000e+00  6.25000000e-02  0.00000000e+00
     0.00000000e+00  0.00000000e+00  0.00000000e+00  0.00000000e+00
     0.00000000e+00  0.00000000e+00  0.00000000e+00 -6.25000000e-02]
   [ 0.00000000e+00  0.00000000e+00  0.00000000e+00  0.00000000e+00
     0.00000000e+00  0.00000000e+00  6.25000000e-02  0.00000000e+00
     0.00000000e+00  0.00000000e+00  0.00000000e+00  0.00000000e+00
     0.00000000e+00  0.00000000e+00  0.00000000e+00 -6.25000000e-02]
   [ 0.00000000e+00  0.00000000e+00  0.00000000e+00  0.00000000e+00
     0.00000000e+00  0.00000000e+00  6.25000000e-02  0.00000000e+00
     0.00000000e+00  0.00000000e+00  0.00000000e+00  0.00000000e+00
     0.00000000e+00  0.00000000e+00  0.00000000e+00 -6.25000000e-02]
   [ 0.00000000e+00  0.00000000e+00  0.00000000e+00  0.00000000e+00
     0.00000000e+00  0.00000000e+00  6.25000000e-02  0.00000000e+00
     0.00000000e+00  0.00000000e+00  0.00000000e+00  0.00000000e+00
     0.00000000e+00  0.00000000e+00  0.00000000e+00 -6.25000000e-02]
   [ 0.00000000e+00  0.00000000e+00  0.00000000e+00  0.00000000e+00
     0.00000000e+00  0.00000000e+00  6.25000000e-02  0.00000000e+00
     0.00000000e+00  0.00000000e+00  0.00000000e+00  0.00000000e+00
     0.00000000e+00  0.00000000e+00  0.00000000e+00 -6.25000000e-02]
   [ 0.00000000e+00  0.00000000e+00  0.00000000e+00  0.00000000e+00
     0.00000000e+00  0.00000000e+00  6.25000000e-02  0.00000000e+00
     0.00000000e+00  0.00000000e+00  0.00000000e+00  0.00000000e+00
     0.00000000e+00  0.00000000e+00  0.00000000e+00 -6.25000000e-02]
   [ 0.00000000e+00  0.00000000e+00  0.00000000e+00  0.00000000e+00
     0.00000000e+00  0.00000000e+00  6.25000000e-02  0.00000000e+00
     0.00000000e+00  0.00000000e+00  0.00000000e+00  0.00000000e+00
     0.00000000e+00  0.00000000e+00  0.00000000e+00 -6.25000000e-02]
   [ 0.00000000e+00  0.00000000e+00  0.00000000e+00  0.00000000e+00
     0.00000000e+00  0.00000000e+00  6.25000000e-02  0.00000000e+00
     0.00000000e+00  0.00000000e+00  0.00000000e+00  0.00000000e+00
     0.00000000e+00  0.00000000e+00  0.00000000e+00 -6.25000000e-02]
   [ 0.00000000e+00  0.00000000e+00  0.00000000e+00  0.00000000e+00
     0.00000000e+00  0.00000000e+00  6.25000000e-02  0.00000000e+00
     0.00000000e+00  0.00000000e+00  0.00000000e+00  0.00000000e+00
     0.00000000e+00  0.00000000e+00  0.00000000e+00 -6.25000000e-02]
   [ 0.00000000e+00  0.00000000e+00  0.00000000e+00  0.00000000e+00
     0.00000000e+00  0.00000000e+00  6.25000000e-02  0.00000000e+00
     0.00000000e+00  0.00000000e+00  0.00000000e+00  0.00000000e+00
     0.00000000e+00  0.00000000e+00  0.00000000e+00 -6.25000000e-02]]

  [[ 0.00000000e+00  0.00000000e+00  0.00000000e+00  0.00000000e+00
     0.00000000e+00  0.00000000e+00  6.25000000e-02  0.00000000e+00
     0.00000000e+00  0.00000000e+00  0.00000000e+00  0.00000000e+00
     0.00000000e+00  0.00000000e+00  0.00000000e+00 -6.25000000e-02]
   [ 0.00000000e+00  0.00000000e+00  0.00000000e+00  0.00000000e+00
     0.00000000e+00  0.00000000e+00  6.25000000e-02  0.00000000e+00
     0.00000000e+00  0.00000000e+00  0.00000000e+00  0.00000000e+00
     0.00000000e+00  0.00000000e+00  0.00000000e+00 -6.25000000e-02]
   [ 0.00000000e+00  0.00000000e+00  0.00000000e+00  0.00000000e+00
     0.00000000e+00  0.00000000e+00  6.25000000e-02  0.00000000e+00
     0.00000000e+00  0.00000000e+00  0.00000000e+00  0.00000000e+00
     0.00000000e+00  0.00000000e+00  0.00000000e+00 -6.25000000e-02]
   [ 0.00000000e+00  0.00000000e+00  0.00000000e+00  0.00000000e+00
     0.00000000e+00  0.00000000e+00  6.25000000e-02  0.00000000e+00
     0.00000000e+00  0.00000000e+00  0.00000000e+00  0.00000000e+00
     0.00000000e+00  0.00000000e+00  0.00000000e+00 -6.25000000e-02]
   [ 0.00000000e+00  0.00000000e+00  0.00000000e+00  0.00000000e+00
     0.00000000e+00  0.00000000e+00  6.25000000e-02  0.00000000e+00
     0.00000000e+00  0.00000000e+00  0.00000000e+00  0.00000000e+00
     0.00000000e+00  0.00000000e+00  0.00000000e+00 -6.25000000e-02]
   [ 0.00000000e+00  0.00000000e+00  0.00000000e+00  0.00000000e+00
     0.00000000e+00  0.00000000e+00  6.25000000e-02  0.00000000e+00
     0.00000000e+00  0.00000000e+00  0.00000000e+00  0.00000000e+00
     0.00000000e+00  0.00000000e+00  0.00000000e+00 -6.25000000e-02]
   [ 0.00000000e+00  0.00000000e+00  0.00000000e+00  0.00000000e+00
     0.00000000e+00  0.00000000e+00  6.25000000e-02  0.00000000e+00
     0.00000000e+00  0.00000000e+00  0.00000000e+00  0.00000000e+00
     0.00000000e+00  0.00000000e+00  0.00000000e+00 -6.25000000e-02]
   [ 0.00000000e+00  0.00000000e+00  0.00000000e+00  0.00000000e+00
     0.00000000e+00  0.00000000e+00  6.25000000e-02  0.00000000e+00
     0.00000000e+00  0.00000000e+00  0.00000000e+00  0.00000000e+00
     0.00000000e+00  0.00000000e+00  0.00000000e+00 -6.25000000e-02]
   [ 0.00000000e+00  0.00000000e+00  0.00000000e+00  0.00000000e+00
     0.00000000e+00  0.00000000e+00  6.25000000e-02  0.00000000e+00
     0.00000000e+00  0.00000000e+00  0.00000000e+00  0.00000000e+00
     0.00000000e+00  0.00000000e+00  0.00000000e+00 -6.25000000e-02]
   [ 0.00000000e+00  0.00000000e+00  0.00000000e+00  0.00000000e+00
     0.00000000e+00  0.00000000e+00  6.25000000e-02  0.00000000e+00
     0.00000000e+00  0.00000000e+00  0.00000000e+00  0.00000000e+00
     0.00000000e+00  0.00000000e+00  0.00000000e+00 -6.25000000e-02]
   [ 0.00000000e+00  0.00000000e+00  0.00000000e+00  0.00000000e+00
     0.00000000e+00  0.00000000e+00  6.25000000e-02  0.00000000e+00
     0.00000000e+00  0.00000000e+00  0.00000000e+00  0.00000000e+00
     0.00000000e+00  0.00000000e+00  0.00000000e+00 -6.25000000e-02]
   [ 0.00000000e+00  0.00000000e+00  0.00000000e+00  0.00000000e+00
     0.00000000e+00  0.00000000e+00  6.25000000e-02  0.00000000e+00
     0.00000000e+00  0.00000000e+00  0.00000000e+00  0.00000000e+00
     0.00000000e+00  0.00000000e+00  0.00000000e+00 -6.25000000e-02]
   [ 0.00000000e+00  0.00000000e+00  0.00000000e+00  0.00000000e+00
     0.00000000e+00  0.00000000e+00  6.25000000e-02  0.00000000e+00
     0.00000000e+00  0.00000000e+00  0.00000000e+00  0.00000000e+00
     0.00000000e+00  0.00000000e+00  0.00000000e+00 -6.25000000e-02]
   [ 0.00000000e+00  0.00000000e+00  0.00000000e+00  0.00000000e+00
     0.00000000e+00  0.00000000e+00  6.25000000e-02  0.00000000e+00
     0.00000000e+00  0.00000000e+00  0.00000000e+00  0.00000000e+00
     0.00000000e+00  0.00000000e+00  0.00000000e+00 -6.25000000e-02]
   [ 0.00000000e+00  0.00000000e+00  0.00000000e+00  0.00000000e+00
     0.00000000e+00  0.00000000e+00  6.25000000e-02  0.00000000e+00
     0.00000000e+00  0.00000000e+00  0.00000000e+00  0.00000000e+00
     0.00000000e+00  0.00000000e+00  0.00000000e+00 -6.25000000e-02]
   [ 0.00000000e+00  0.00000000e+00  0.00000000e+00  0.00000000e+00
     0.00000000e+00  0.00000000e+00  6.25000000e-02  0.00000000e+00
     0.00000000e+00  0.00000000e+00  0.00000000e+00  0.00000000e+00
     0.00000000e+00  0.00000000e+00  0.00000000e+00 -6.25000000e-02]
   [ 0.00000000e+00  0.00000000e+00  0.00000000e+00  0.00000000e+00
     0.00000000e+00  0.00000000e+00  6.25000000e-02  0.00000000e+00
     0.00000000e+00  0.00000000e+00  0.00000000e+00  0.00000000e+00
     0.00000000e+00  0.00000000e+00  0.00000000e+00 -6.25000000e-02]
   [ 0.00000000e+00  0.00000000e+00  0.00000000e+00  0.00000000e+00
     0.00000000e+00  0.00000000e+00  6.25000000e-02  0.00000000e+00
     0.00000000e+00  0.00000000e+00  0.00000000e+00  0.00000000e+00
     0.00000000e+00  0.00000000e+00  0.00000000e+00 -6.25000000e-02]
   [ 0.00000000e+00  0.00000000e+00  0.00000000e+00  0.00000000e+00
     0.00000000e+00  0.00000000e+00  6.25000000e-02  0.00000000e+00
     0.00000000e+00  0.00000000e+00  0.00000000e+00  0.00000000e+00
     0.00000000e+00  0.00000000e+00  0.00000000e+00 -6.25000000e-02]
   [ 0.00000000e+00  0.00000000e+00  0.00000000e+00  0.00000000e+00
     0.00000000e+00  0.00000000e+00  6.25000000e-02  0.00000000e+00
     0.00000000e+00  0.00000000e+00  0.00000000e+00  0.00000000e+00
     0.00000000e+00  0.00000000e+00  0.00000000e+00 -6.25000000e-02]
   [ 0.00000000e+00  0.00000000e+00  0.00000000e+00  0.00000000e+00
     0.00000000e+00  0.00000000e+00  6.25000000e-02  0.00000000e+00
     0.00000000e+00  0.00000000e+00  0.00000000e+00  0.00000000e+00
     0.00000000e+00  0.00000000e+00  0.00000000e+00 -6.25000000e-02]
   [ 0.00000000e+00  0.00000000e+00  0.00000000e+00  0.00000000e+00
     0.00000000e+00  0.00000000e+00  6.25000000e-02  0.00000000e+00
     0.00000000e+00  0.00000000e+00  0.00000000e+00  0.00000000e+00
     0.00000000e+00  0.00000000e+00  0.00000000e+00 -6.25000000e-02]
   [ 0.00000000e+00  0.00000000e+00  0.00000000e+00  0.00000000e+00
     0.00000000e+00  0.00000000e+00  6.25000000e-02  0.00000000e+00
     0.00000000e+00  0.00000000e+00  0.00000000e+00  0.00000000e+00
     0.00000000e+00  0.00000000e+00  0.00000000e+00 -6.25000000e-02]
   [ 0.00000000e+00  0.00000000e+00  0.00000000e+00  0.00000000e+00
     0.00000000e+00  0.00000000e+00  6.25000000e-02  0.00000000e+00
     0.00000000e+00  0.00000000e+00  0.00000000e+00  0.00000000e+00
     0.00000000e+00  0.00000000e+00  0.00000000e+00 -6.25000000e-02]
   [ 0.00000000e+00  0.00000000e+00  0.00000000e+00  0.00000000e+00
     0.00000000e+00  0.00000000e+00  6.25000000e-02  0.00000000e+00
     0.00000000e+00  0.00000000e+00  0.00000000e+00  0.00000000e+00
     0.00000000e+00  0.00000000e+00  0.00000000e+00 -6.25000000e-02]
   [ 0.00000000e+00  0.00000000e+00  0.00000000e+00  0.00000000e+00
     0.00000000e+00  0.00000000e+00  6.25000000e-02  0.00000000e+00
     0.00000000e+00  0.00000000e+00  0.00000000e+00  0.00000000e+00
     0.00000000e+00  0.00000000e+00  0.00000000e+00 -6.25000000e-02]]

  [[ 0.00000000e+00  0.00000000e+00  0.00000000e+00  0.00000000e+00
     0.00000000e+00  0.00000000e+00  6.25000000e-02  0.00000000e+00
     0.00000000e+00  0.00000000e+00  0.00000000e+00  0.00000000e+00
     0.00000000e+00  0.00000000e+00  0.00000000e+00 -6.25000000e-02]
   [ 0.00000000e+00  0.00000000e+00  0.00000000e+00  0.00000000e+00
     0.00000000e+00  0.00000000e+00  6.25000000e-02  0.00000000e+00
     0.00000000e+00  0.00000000e+00  0.00000000e+00  0.00000000e+00
     0.00000000e+00  0.00000000e+00  0.00000000e+00 -6.25000000e-02]
   [ 0.00000000e+00  0.00000000e+00  0.00000000e+00  0.00000000e+00
     0.00000000e+00  0.00000000e+00  6.25000000e-02  0.00000000e+00
     0.00000000e+00  0.00000000e+00  0.00000000e+00  0.00000000e+00
     0.00000000e+00  0.00000000e+00  0.00000000e+00 -6.25000000e-02]
   [ 0.00000000e+00  0.00000000e+00  0.00000000e+00  0.00000000e+00
     0.00000000e+00  0.00000000e+00  6.25000000e-02  0.00000000e+00
     0.00000000e+00  0.00000000e+00  0.00000000e+00  0.00000000e+00
     0.00000000e+00  0.00000000e+00  0.00000000e+00 -6.25000000e-02]
   [ 0.00000000e+00  0.00000000e+00  0.00000000e+00  0.00000000e+00
     0.00000000e+00  0.00000000e+00  6.25000000e-02  0.00000000e+00
     0.00000000e+00  0.00000000e+00  0.00000000e+00  0.00000000e+00
     0.00000000e+00  0.00000000e+00  0.00000000e+00 -6.25000000e-02]
   [ 0.00000000e+00  0.00000000e+00  0.00000000e+00  0.00000000e+00
     0.00000000e+00  0.00000000e+00  6.25000000e-02  0.00000000e+00
     0.00000000e+00  0.00000000e+00  0.00000000e+00  0.00000000e+00
     0.00000000e+00  0.00000000e+00  0.00000000e+00 -6.25000000e-02]
   [ 0.00000000e+00  0.00000000e+00  0.00000000e+00  0.00000000e+00
     0.00000000e+00  0.00000000e+00  6.25000000e-02  0.00000000e+00
     0.00000000e+00  0.00000000e+00  0.00000000e+00  0.00000000e+00
     0.00000000e+00  0.00000000e+00  0.00000000e+00 -6.25000000e-02]
   [ 0.00000000e+00  0.00000000e+00  0.00000000e+00  0.00000000e+00
     0.00000000e+00  0.00000000e+00  6.25000000e-02  0.00000000e+00
     0.00000000e+00  0.00000000e+00  0.00000000e+00  0.00000000e+00
     0.00000000e+00  0.00000000e+00  0.00000000e+00 -6.25000000e-02]
   [ 0.00000000e+00  0.00000000e+00  0.00000000e+00  0.00000000e+00
     0.00000000e+00  0.00000000e+00  6.25000000e-02  0.00000000e+00
     0.00000000e+00  0.00000000e+00  0.00000000e+00  0.00000000e+00
     0.00000000e+00  0.00000000e+00  0.00000000e+00 -6.25000000e-02]
   [ 0.00000000e+00  0.00000000e+00  0.00000000e+00  0.00000000e+00
     0.00000000e+00  0.00000000e+00  6.25000000e-02  0.00000000e+00
     0.00000000e+00  0.00000000e+00  0.00000000e+00  0.00000000e+00
     0.00000000e+00  0.00000000e+00  0.00000000e+00 -6.25000000e-02]
   [ 0.00000000e+00  0.00000000e+00  0.00000000e+00  0.00000000e+00
     0.00000000e+00  0.00000000e+00  6.25000000e-02  0.00000000e+00
     0.00000000e+00  0.00000000e+00  0.00000000e+00  0.00000000e+00
     0.00000000e+00  0.00000000e+00  0.00000000e+00 -6.25000000e-02]
   [ 0.00000000e+00  0.00000000e+00  0.00000000e+00  0.00000000e+00
     0.00000000e+00  0.00000000e+00  6.25000000e-02  0.00000000e+00
     0.00000000e+00  0.00000000e+00  0.00000000e+00  0.00000000e+00
     0.00000000e+00  0.00000000e+00  0.00000000e+00 -6.25000000e-02]
   [ 0.00000000e+00  0.00000000e+00  0.00000000e+00  0.00000000e+00
     0.00000000e+00  0.00000000e+00  6.25000000e-02  0.00000000e+00
     0.00000000e+00  0.00000000e+00  0.00000000e+00  0.00000000e+00
     0.00000000e+00  0.00000000e+00  0.00000000e+00 -6.25000000e-02]
   [ 0.00000000e+00  0.00000000e+00  0.00000000e+00  0.00000000e+00
     0.00000000e+00  0.00000000e+00  6.25000000e-02  0.00000000e+00
     0.00000000e+00  0.00000000e+00  0.00000000e+00  0.00000000e+00
     0.00000000e+00  0.00000000e+00  0.00000000e+00 -6.25000000e-02]
   [ 0.00000000e+00  0.00000000e+00  0.00000000e+00  0.00000000e+00
     0.00000000e+00  0.00000000e+00  6.25000000e-02  0.00000000e+00
     0.00000000e+00  0.00000000e+00  0.00000000e+00  0.00000000e+00
     0.00000000e+00  0.00000000e+00  0.00000000e+00 -6.25000000e-02]
   [ 0.00000000e+00  0.00000000e+00  0.00000000e+00  0.00000000e+00
     0.00000000e+00  0.00000000e+00  6.25000000e-02  0.00000000e+00
     0.00000000e+00  0.00000000e+00  0.00000000e+00  0.00000000e+00
     0.00000000e+00  0.00000000e+00  0.00000000e+00 -6.25000000e-02]
   [ 0.00000000e+00  0.00000000e+00  0.00000000e+00  0.00000000e+00
     0.00000000e+00  0.00000000e+00  6.25000000e-02  0.00000000e+00
     0.00000000e+00  0.00000000e+00  0.00000000e+00  0.00000000e+00
     0.00000000e+00  0.00000000e+00  0.00000000e+00 -6.25000000e-02]
   [ 0.00000000e+00  0.00000000e+00  0.00000000e+00  0.00000000e+00
     0.00000000e+00  0.00000000e+00  6.25000000e-02  0.00000000e+00
     0.00000000e+00  0.00000000e+00  0.00000000e+00  0.00000000e+00
     0.00000000e+00  0.00000000e+00  0.00000000e+00 -6.25000000e-02]
   [ 0.00000000e+00  0.00000000e+00  0.00000000e+00  0.00000000e+00
     0.00000000e+00  0.00000000e+00  6.25000000e-02  0.00000000e+00
     0.00000000e+00  0.00000000e+00  0.00000000e+00  0.00000000e+00
     0.00000000e+00  0.00000000e+00  0.00000000e+00 -6.25000000e-02]
   [ 0.00000000e+00  0.00000000e+00  0.00000000e+00  0.00000000e+00
     0.00000000e+00  0.00000000e+00  6.25000000e-02  0.00000000e+00
     0.00000000e+00  0.00000000e+00  0.00000000e+00  0.00000000e+00
     0.00000000e+00  0.00000000e+00  0.00000000e+00 -6.25000000e-02]
   [ 0.00000000e+00  0.00000000e+00  0.00000000e+00  0.00000000e+00
     0.00000000e+00  0.00000000e+00  6.25000000e-02  0.00000000e+00
     0.00000000e+00  0.00000000e+00  0.00000000e+00  0.00000000e+00
     0.00000000e+00  0.00000000e+00  0.00000000e+00 -6.25000000e-02]
   [ 0.00000000e+00  0.00000000e+00  0.00000000e+00  0.00000000e+00
     0.00000000e+00  0.00000000e+00  6.25000000e-02  0.00000000e+00
     0.00000000e+00  0.00000000e+00  0.00000000e+00  0.00000000e+00
     0.00000000e+00  0.00000000e+00  0.00000000e+00 -6.25000000e-02]
   [ 0.00000000e+00  0.00000000e+00  0.00000000e+00  0.00000000e+00
     0.00000000e+00  0.00000000e+00  6.25000000e-02  0.00000000e+00
     0.00000000e+00  0.00000000e+00  0.00000000e+00  0.00000000e+00
     0.00000000e+00  0.00000000e+00  0.00000000e+00 -6.25000000e-02]
   [ 0.00000000e+00  0.00000000e+00  0.00000000e+00  0.00000000e+00
     0.00000000e+00  0.00000000e+00  6.25000000e-02  0.00000000e+00
     0.00000000e+00  0.00000000e+00  0.00000000e+00  0.00000000e+00
     0.00000000e+00  0.00000000e+00  0.00000000e+00 -6.25000000e-02]
   [ 0.00000000e+00  0.00000000e+00  0.00000000e+00  0.00000000e+00
     0.00000000e+00  0.00000000e+00  6.25000000e-02  0.00000000e+00
     0.00000000e+00  0.00000000e+00  0.00000000e+00  0.00000000e+00
     0.00000000e+00  0.00000000e+00  0.00000000e+00 -6.25000000e-02]
   [ 0.00000000e+00  0.00000000e+00  0.00000000e+00  0.00000000e+00
     0.00000000e+00  0.00000000e+00  6.25000000e-02  0.00000000e+00
     0.00000000e+00  0.00000000e+00  0.00000000e+00  0.00000000e+00
     0.00000000e+00  0.00000000e+00  0.00000000e+00 -6.25000000e-02]]

  [[ 0.00000000e+00  0.00000000e+00  0.00000000e+00  0.00000000e+00
     0.00000000e+00  0.00000000e+00  6.25000000e-02  0.00000000e+00
     0.00000000e+00  0.00000000e+00  0.00000000e+00  0.00000000e+00
     0.00000000e+00  0.00000000e+00  0.00000000e+00 -6.25000000e-02]
   [ 0.00000000e+00  0.00000000e+00  0.00000000e+00  0.00000000e+00
     0.00000000e+00  0.00000000e+00  6.25000000e-02  0.00000000e+00
     0.00000000e+00  0.00000000e+00  0.00000000e+00  0.00000000e+00
     0.00000000e+00  0.00000000e+00  0.00000000e+00 -6.25000000e-02]
   [ 0.00000000e+00  0.00000000e+00  0.00000000e+00  0.00000000e+00
     0.00000000e+00  0.00000000e+00  6.25000000e-02  0.00000000e+00
     0.00000000e+00  0.00000000e+00  0.00000000e+00  0.00000000e+00
     0.00000000e+00  0.00000000e+00  0.00000000e+00 -6.25000000e-02]
   [ 0.00000000e+00  0.00000000e+00  0.00000000e+00  0.00000000e+00
     0.00000000e+00  0.00000000e+00  6.25000000e-02  0.00000000e+00
     0.00000000e+00  0.00000000e+00  0.00000000e+00  0.00000000e+00
     0.00000000e+00  0.00000000e+00  0.00000000e+00 -6.25000000e-02]
   [ 0.00000000e+00  0.00000000e+00  0.00000000e+00  0.00000000e+00
     0.00000000e+00  0.00000000e+00  6.25000000e-02  0.00000000e+00
     0.00000000e+00  0.00000000e+00  0.00000000e+00  0.00000000e+00
     0.00000000e+00  0.00000000e+00  0.00000000e+00 -6.25000000e-02]
   [ 0.00000000e+00  0.00000000e+00  0.00000000e+00  0.00000000e+00
     0.00000000e+00  0.00000000e+00  6.25000000e-02  0.00000000e+00
     0.00000000e+00  0.00000000e+00  0.00000000e+00  0.00000000e+00
     0.00000000e+00  0.00000000e+00  0.00000000e+00 -6.25000000e-02]
   [ 0.00000000e+00  0.00000000e+00  0.00000000e+00  0.00000000e+00
     0.00000000e+00  0.00000000e+00  6.25000000e-02  0.00000000e+00
     0.00000000e+00  0.00000000e+00  0.00000000e+00  0.00000000e+00
     0.00000000e+00  0.00000000e+00  0.00000000e+00 -6.25000000e-02]
   [ 0.00000000e+00  0.00000000e+00  0.00000000e+00  0.00000000e+00
     0.00000000e+00  0.00000000e+00  6.25000000e-02  0.00000000e+00
     0.00000000e+00  0.00000000e+00  0.00000000e+00  0.00000000e+00
     0.00000000e+00  0.00000000e+00  0.00000000e+00 -6.25000000e-02]
   [ 0.00000000e+00  0.00000000e+00  0.00000000e+00  0.00000000e+00
     0.00000000e+00  0.00000000e+00  6.25000000e-02  0.00000000e+00
     0.00000000e+00  0.00000000e+00  0.00000000e+00  0.00000000e+00
     0.00000000e+00  0.00000000e+00  0.00000000e+00 -6.25000000e-02]
   [ 0.00000000e+00  0.00000000e+00  0.00000000e+00  0.00000000e+00
     0.00000000e+00  0.00000000e+00  6.25000000e-02  0.00000000e+00
     0.00000000e+00  0.00000000e+00  0.00000000e+00  0.00000000e+00
     0.00000000e+00  0.00000000e+00  0.00000000e+00 -6.25000000e-02]
   [ 0.00000000e+00  0.00000000e+00  0.00000000e+00  0.00000000e+00
     0.00000000e+00  0.00000000e+00  6.25000000e-02  0.00000000e+00
     0.00000000e+00  0.00000000e+00  0.00000000e+00  0.00000000e+00
     0.00000000e+00  0.00000000e+00  0.00000000e+00 -6.25000000e-02]
   [ 0.00000000e+00  0.00000000e+00  0.00000000e+00  0.00000000e+00
     0.00000000e+00  0.00000000e+00  6.25000000e-02  0.00000000e+00
     0.00000000e+00  0.00000000e+00  0.00000000e+00  0.00000000e+00
     0.00000000e+00  0.00000000e+00  0.00000000e+00 -6.25000000e-02]
   [ 0.00000000e+00  0.00000000e+00  0.00000000e+00  0.00000000e+00
     0.00000000e+00  0.00000000e+00  6.25000000e-02  0.00000000e+00
     0.00000000e+00  0.00000000e+00  0.00000000e+00  0.00000000e+00
     0.00000000e+00  0.00000000e+00  0.00000000e+00 -6.25000000e-02]
   [ 0.00000000e+00  0.00000000e+00  0.00000000e+00  0.00000000e+00
     0.00000000e+00  0.00000000e+00  6.25000000e-02  0.00000000e+00
     0.00000000e+00  0.00000000e+00  0.00000000e+00  0.00000000e+00
     0.00000000e+00  0.00000000e+00  0.00000000e+00 -6.25000000e-02]
   [ 0.00000000e+00  0.00000000e+00  0.00000000e+00  0.00000000e+00
     0.00000000e+00  0.00000000e+00  6.25000000e-02  0.00000000e+00
     0.00000000e+00  0.00000000e+00  0.00000000e+00  0.00000000e+00
     0.00000000e+00  0.00000000e+00  0.00000000e+00 -6.25000000e-02]
   [ 0.00000000e+00  0.00000000e+00  0.00000000e+00  0.00000000e+00
     0.00000000e+00  0.00000000e+00  6.25000000e-02  0.00000000e+00
     0.00000000e+00  0.00000000e+00  0.00000000e+00  0.00000000e+00
     0.00000000e+00  0.00000000e+00  0.00000000e+00 -6.25000000e-02]
   [ 0.00000000e+00  0.00000000e+00  0.00000000e+00  0.00000000e+00
     0.00000000e+00  0.00000000e+00  6.25000000e-02  0.00000000e+00
     0.00000000e+00  0.00000000e+00  0.00000000e+00  0.00000000e+00
     0.00000000e+00  0.00000000e+00  0.00000000e+00 -6.25000000e-02]
   [ 0.00000000e+00  0.00000000e+00  0.00000000e+00  0.00000000e+00
     0.00000000e+00  0.00000000e+00  6.25000000e-02  0.00000000e+00
     0.00000000e+00  0.00000000e+00  0.00000000e+00  0.00000000e+00
     0.00000000e+00  0.00000000e+00  0.00000000e+00 -6.25000000e-02]
   [ 0.00000000e+00  0.00000000e+00  0.00000000e+00  0.00000000e+00
     0.00000000e+00  0.00000000e+00  6.25000000e-02  0.00000000e+00
     0.00000000e+00  0.00000000e+00  0.00000000e+00  0.00000000e+00
     0.00000000e+00  0.00000000e+00  0.00000000e+00 -6.25000000e-02]
   [ 0.00000000e+00  0.00000000e+00  0.00000000e+00  0.00000000e+00
     0.00000000e+00  0.00000000e+00  6.25000000e-02  0.00000000e+00
     0.00000000e+00  0.00000000e+00  0.00000000e+00  0.00000000e+00
     0.00000000e+00  0.00000000e+00  0.00000000e+00 -6.25000000e-02]
   [ 0.00000000e+00  0.00000000e+00  0.00000000e+00  0.00000000e+00
     0.00000000e+00  0.00000000e+00  6.25000000e-02  0.00000000e+00
     0.00000000e+00  0.00000000e+00  0.00000000e+00  0.00000000e+00
     0.00000000e+00  0.00000000e+00  0.00000000e+00 -6.25000000e-02]
   [ 0.00000000e+00  0.00000000e+00  0.00000000e+00  0.00000000e+00
     0.00000000e+00  0.00000000e+00  6.25000000e-02  0.00000000e+00
     0.00000000e+00  0.00000000e+00  0.00000000e+00  0.00000000e+00
     0.00000000e+00  0.00000000e+00  0.00000000e+00 -6.25000000e-02]
   [ 0.00000000e+00  0.00000000e+00  0.00000000e+00  0.00000000e+00
     0.00000000e+00  0.00000000e+00  6.25000000e-02  0.00000000e+00
     0.00000000e+00  0.00000000e+00  0.00000000e+00  0.00000000e+00
     0.00000000e+00  0.00000000e+00  0.00000000e+00 -6.25000000e-02]
   [ 0.00000000e+00  0.00000000e+00  0.00000000e+00  0.00000000e+00
     0.00000000e+00  0.00000000e+00  6.25000000e-02  0.00000000e+00
     0.00000000e+00  0.00000000e+00  0.00000000e+00  0.00000000e+00
     0.00000000e+00  0.00000000e+00  0.00000000e+00 -6.25000000e-02]
   [ 0.00000000e+00  0.00000000e+00  0.00000000e+00  0.00000000e+00
     0.00000000e+00  0.00000000e+00  6.25000000e-02  0.00000000e+00
     0.00000000e+00  0.00000000e+00  0.00000000e+00  0.00000000e+00
     0.00000000e+00  0.00000000e+00  0.00000000e+00 -6.25000000e-02]
   [ 0.00000000e+00  0.00000000e+00  0.00000000e+00  0.00000000e+00
     0.00000000e+00  0.00000000e+00  6.25000000e-02  0.00000000e+00
     0.00000000e+00  0.00000000e+00  0.00000000e+00  0.00000000e+00
     0.00000000e+00  0.00000000e+00  0.00000000e+00 -6.25000000e-02]]

  [[ 0.00000000e+00  0.00000000e+00  0.00000000e+00  0.00000000e+00
     0.00000000e+00  0.00000000e+00  6.25000000e-02  0.00000000e+00
     0.00000000e+00  0.00000000e+00  0.00000000e+00  0.00000000e+00
     0.00000000e+00  0.00000000e+00  0.00000000e+00 -6.25000000e-02]
   [ 0.00000000e+00  0.00000000e+00  0.00000000e+00  0.00000000e+00
     0.00000000e+00  0.00000000e+00  6.25000000e-02  0.00000000e+00
     0.00000000e+00  0.00000000e+00  0.00000000e+00  0.00000000e+00
     0.00000000e+00  0.00000000e+00  0.00000000e+00 -6.25000000e-02]
   [ 0.00000000e+00  0.00000000e+00  0.00000000e+00  0.00000000e+00
     0.00000000e+00  0.00000000e+00  6.25000000e-02  0.00000000e+00
     0.00000000e+00  0.00000000e+00  0.00000000e+00  0.00000000e+00
     0.00000000e+00  0.00000000e+00  0.00000000e+00 -6.25000000e-02]
   [ 0.00000000e+00  0.00000000e+00  0.00000000e+00  0.00000000e+00
     0.00000000e+00  0.00000000e+00  6.25000000e-02  0.00000000e+00
     0.00000000e+00  0.00000000e+00  0.00000000e+00  0.00000000e+00
     0.00000000e+00  0.00000000e+00  0.00000000e+00 -6.25000000e-02]
   [ 1.03027344e-01 -6.17675781e-02  2.05078125e-02  6.17675781e-02
     2.05078125e-02  2.05078125e-02 -4.05273438e-02  0.00000000e+00
     4.12597656e-02  2.05078125e-02 -2.05078125e-02  0.00000000e+00
    -4.12597656e-02  4.12597656e-02 -8.22753906e-02 -8.30078125e-02]
   [ 2.88574219e-01 -9.47265625e-02 -3.68652344e-02  1.97753906e-01
     6.59179688e-02  4.54101562e-02 -2.67333984e-01 -8.22753906e-02
     4.93164062e-02  4.54101562e-02 -4.15039062e-03 -8.22753906e-02
    -4.93164062e-02  1.31835938e-01 -2.43164062e-01 -8.74023438e-02]
   [ 3.51318359e-01 -5.85937500e-03 -1.42333984e-01  2.11669922e-01
     1.04980469e-01  3.90625000e-02 -4.37500000e-01 -1.19628906e-01
    -1.26953125e-02  1.85546875e-02  9.27734375e-02 -3.04931641e-01
     5.39550781e-02  2.71484375e-01 -2.29980469e-01  2.61230469e-02]
   [ 3.47412109e-01  1.22070312e-02 -1.18652344e-01  1.37451172e-01
     1.21582031e-01  3.71093750e-02 -4.37500000e-01 -1.97753906e-02
    -3.90625000e-03 -8.30078125e-03  1.31347656e-01 -4.27734375e-01
     9.44824219e-02  3.78662109e-01 -1.28906250e-01  1.20849609e-01]
   [ 2.23632812e-01  6.88476562e-02 -1.33300781e-01  7.73925781e-02
     9.08203125e-02  1.46484375e-02 -3.90869141e-01 -3.10058594e-02
    -4.46777344e-02 -2.44140625e-02  1.37207031e-01 -3.81835938e-01
     1.22558594e-01  2.98095703e-01 -5.29785156e-02  1.15722656e-01]
   [ 1.25488281e-01  4.00390625e-02 -5.00488281e-02 -3.41796875e-03
     6.05468750e-02  8.78906250e-03 -2.40234375e-01  5.22460938e-02
    -1.17187500e-02 -2.83203125e-02  9.44824219e-02 -2.81005859e-01
     8.56933594e-02  2.31933594e-01  3.14941406e-02  9.13085938e-02]
   [ 4.10156250e-02  3.22265625e-02 -3.54003906e-02 -2.92968750e-03
     2.34375000e-02  0.00000000e+00 -5.51757812e-02  8.78906250e-03
    -1.75781250e-02 -1.46484375e-02  4.68750000e-02 -1.23535156e-01
     4.68750000e-02  9.10644531e-02  1.78222656e-02  5.12695312e-03]
   [ 8.78906250e-03  8.78906250e-03  0.00000000e+00 -1.75781250e-02
     8.78906250e-03  0.00000000e+00  1.83105469e-02  2.63671875e-02
     0.00000000e+00 -8.78906250e-03  1.75781250e-02 -5.29785156e-02
     1.75781250e-02  4.41894531e-02  2.63671875e-02 -2.70996094e-02]
   [ 0.00000000e+00  0.00000000e+00  0.00000000e+00  0.00000000e+00
     0.00000000e+00  0.00000000e+00  6.25000000e-02  0.00000000e+00
     0.00000000e+00  0.00000000e+00  0.00000000e+00  0.00000000e+00
     0.00000000e+00  0.00000000e+00  0.00000000e+00 -6.25000000e-02]
   [ 0.00000000e+00  0.00000000e+00  0.00000000e+00  0.00000000e+00
     0.00000000e+00  0.00000000e+00  6.25000000e-02  0.00000000e+00
     0.00000000e+00  0.00000000e+00  0.00000000e+00  0.00000000e+00
     0.00000000e+00  0.00000000e+00  0.00000000e+00 -6.25000000e-02]
   [ 0.00000000e+00  0.00000000e+00  0.00000000e+00  0.00000000e+00
     0.00000000e+00  0.00000000e+00  6.25000000e-02  0.00000000e+00
     0.00000000e+00  0.00000000e+00  0.00000000e+00  0.00000000e+00
     0.00000000e+00  0.00000000e+00  0.00000000e+00 -6.25000000e-02]
   [ 0.00000000e+00  0.00000000e+00  0.00000000e+00  0.00000000e+00
     0.00000000e+00  0.00000000e+00  6.25000000e-02  0.00000000e+00
     0.00000000e+00  0.00000000e+00  0.00000000e+00  0.00000000e+00
     0.00000000e+00  0.00000000e+00  0.00000000e+00 -6.25000000e-02]
   [ 0.00000000e+00  0.00000000e+00  0.00000000e+00  0.00000000e+00
     0.00000000e+00  0.00000000e+00  6.25000000e-02  0.00000000e+00
     0.00000000e+00  0.00000000e+00  0.00000000e+00  0.00000000e+00
     0.00000000e+00  0.00000000e+00  0.00000000e+00 -6.25000000e-02]
   [ 0.00000000e+00  0.00000000e+00  0.00000000e+00  0.00000000e+00
     0.00000000e+00  0.00000000e+00  6.25000000e-02  0.00000000e+00
     0.00000000e+00  0.00000000e+00  0.00000000e+00  0.00000000e+00
     0.00000000e+00  0.00000000e+00  0.00000000e+00 -6.25000000e-02]
   [ 0.00000000e+00  0.00000000e+00  0.00000000e+00  0.00000000e+00
     0.00000000e+00  0.00000000e+00  6.25000000e-02  0.00000000e+00
     0.00000000e+00  0.00000000e+00  0.00000000e+00  0.00000000e+00
     0.00000000e+00  0.00000000e+00  0.00000000e+00 -6.25000000e-02]
   [ 0.00000000e+00  0.00000000e+00  0.00000000e+00  0.00000000e+00
     0.00000000e+00  0.00000000e+00  6.25000000e-02  0.00000000e+00
     0.00000000e+00  0.00000000e+00  0.00000000e+00  0.00000000e+00
     0.00000000e+00  0.00000000e+00  0.00000000e+00 -6.25000000e-02]
   [ 0.00000000e+00  0.00000000e+00  0.00000000e+00  0.00000000e+00
     0.00000000e+00  0.00000000e+00  6.25000000e-02  0.00000000e+00
     0.00000000e+00  0.00000000e+00  0.00000000e+00  0.00000000e+00
     0.00000000e+00  0.00000000e+00  0.00000000e+00 -6.25000000e-02]
   [ 0.00000000e+00  0.00000000e+00  0.00000000e+00  0.00000000e+00
     0.00000000e+00  0.00000000e+00  6.25000000e-02  0.00000000e+00
     0.00000000e+00  0.00000000e+00  0.00000000e+00  0.00000000e+00
     0.00000000e+00  0.00000000e+00  0.00000000e+00 -6.25000000e-02]
   [ 0.00000000e+00  0.00000000e+00  0.00000000e+00  0.00000000e+00
     0.00000000e+00  0.00000000e+00  6.25000000e-02  0.00000000e+00
     0.00000000e+00  0.00000000e+00  0.00000000e+00  0.00000000e+00
     0.00000000e+00  0.00000000e+00  0.00000000e+00 -6.25000000e-02]
   [ 0.00000000e+00  0.00000000e+00  0.00000000e+00  0.00000000e+00
     0.00000000e+00  0.00000000e+00  6.25000000e-02  0.00000000e+00
     0.00000000e+00  0.00000000e+00  0.00000000e+00  0.00000000e+00
     0.00000000e+00  0.00000000e+00  0.00000000e+00 -6.25000000e-02]
   [ 0.00000000e+00  0.00000000e+00  0.00000000e+00  0.00000000e+00
     0.00000000e+00  0.00000000e+00  6.25000000e-02  0.00000000e+00
     0.00000000e+00  0.00000000e+00  0.00000000e+00  0.00000000e+00
     0.00000000e+00  0.00000000e+00  0.00000000e+00 -6.25000000e-02]
   [ 0.00000000e+00  0.00000000e+00  0.00000000e+00  0.00000000e+00
     0.00000000e+00  0.00000000e+00  6.25000000e-02  0.00000000e+00
     0.00000000e+00  0.00000000e+00  0.00000000e+00  0.00000000e+00
     0.00000000e+00  0.00000000e+00  0.00000000e+00 -6.25000000e-02]]

  [[ 0.00000000e+00  0.00000000e+00  0.00000000e+00  0.00000000e+00
     0.00000000e+00  0.00000000e+00  6.25000000e-02  0.00000000e+00
     0.00000000e+00  0.00000000e+00  0.00000000e+00  0.00000000e+00
     0.00000000e+00  0.00000000e+00  0.00000000e+00 -6.25000000e-02]
   [ 0.00000000e+00  0.00000000e+00  0.00000000e+00  0.00000000e+00
     0.00000000e+00  0.00000000e+00  6.25000000e-02  0.00000000e+00
     0.00000000e+00  0.00000000e+00  0.00000000e+00  0.00000000e+00
     0.00000000e+00  0.00000000e+00  0.00000000e+00 -6.25000000e-02]
   [ 0.00000000e+00  0.00000000e+00  0.00000000e+00  0.00000000e+00
     0.00000000e+00  0.00000000e+00  6.25000000e-02  0.00000000e+00
     0.00000000e+00  0.00000000e+00  0.00000000e+00  0.00000000e+00
     0.00000000e+00  0.00000000e+00  0.00000000e+00 -6.25000000e-02]
   [ 0.00000000e+00  0.00000000e+00  0.00000000e+00  0.00000000e+00
     0.00000000e+00  0.00000000e+00  6.25000000e-02  0.00000000e+00
     0.00000000e+00  0.00000000e+00  0.00000000e+00  0.00000000e+00
     0.00000000e+00  0.00000000e+00  0.00000000e+00 -6.25000000e-02]
   [ 2.71972656e-01 -2.45605469e-01  9.57031250e-02  1.01562500e-01
     5.44433594e-02  3.39355469e-02 -1.27197266e-01  2.05078125e-02
     1.50146484e-01  9.57031250e-02 -1.31835938e-02 -1.23535156e-01
    -2.66113281e-02 -1.46484375e-02 -2.38037109e-01 -7.56835938e-02]
   [ 4.12841797e-01 -2.59277344e-01 -8.52050781e-02  2.75878906e-01
     9.61914062e-02  5.81054688e-02 -3.18847656e-01 -2.33886719e-01
     1.26708984e-01  2.14599609e-01  1.37207031e-01 -4.37500000e-01
     1.24511719e-01 -1.80664062e-02 -3.95996094e-01  4.07714844e-02]
   [ 3.13476562e-01 -8.12988281e-02 -9.25292969e-02  3.45458984e-01
     1.54052734e-01  1.13769531e-01 -4.37500000e-01 -1.82617188e-01
     4.10156250e-02  1.59912109e-01  2.28515625e-01 -4.37500000e-01
     2.15332031e-01  3.73779297e-01 -1.13769531e-01  1.96044922e-01]
   [ 2.16552734e-01  3.34472656e-02 -1.58691406e-02  3.90869141e-01
     1.93115234e-01  1.03027344e-01 -4.37500000e-01 -1.42089844e-01
    -6.83593750e-02  5.49316406e-02  2.15332031e-01 -4.37500000e-01
     2.85156250e-01  4.67773438e-01 -3.32031250e-02  1.18164062e-01]
   [ 2.54394531e-01  9.69238281e-02 -7.76367188e-02  4.32861328e-01
     1.88720703e-01  1.21582031e-01 -4.37500000e-01 -1.58691406e-01
    -8.93554688e-02  2.34375000e-02  1.77001953e-01 -4.37500000e-01
     1.87255859e-01  5.00000000e-01 -3.56445312e-02  9.71679688e-02]
   [ 3.15185547e-01  1.22070312e-01 -7.59277344e-02  3.68408203e-01
     2.06054688e-01  7.95898438e-02 -4.37500000e-01 -9.76562500e-02
    -1.22070312e-01 -5.24902344e-02  1.70410156e-01 -4.37500000e-01
     2.10937500e-01  5.00000000e-01 -8.98437500e-02  7.39746094e-02]
   [ 3.82324219e-01  9.37500000e-02 -1.52343750e-01  2.68798828e-01
     1.75781250e-01  6.61621094e-02 -4.37500000e-01 -7.59277344e-02
    -7.10449219e-02 -3.14941406e-02  1.79443359e-01 -4.37500000e-01
     1.57226562e-01  5.00000000e-01 -1.14013672e-01  1.46972656e-01]
   [ 4.03076172e-01  4.61425781e-02 -1.19140625e-01  1.99218750e-01
     1.65039062e-01  4.85839844e-02 -4.37500000e-01 -1.68457031e-02
    -3.54003906e-02 -3.68652344e-02  1.57958984e-01 -4.37500000e-01
     1.35742188e-01  5.00000000e-01 -1.35986328e-01  1.38427734e-01]
   [ 4.36767578e-01  2.44140625e-04 -1.45507812e-01  1.93847656e-01
     1.45751953e-01  4.85839844e-02 -4.37500000e-01 -4.85839844e-02
     0.00000000e+00  0.00000000e+00  1.45751953e-01 -4.37500000e-01
     9.71679688e-02  4.37011719e-01 -1.94091797e-01  1.31591797e-01]
   [ 4.36767578e-01  2.44140625e-04 -1.45507812e-01  1.93847656e-01
     1.45751953e-01  4.85839844e-02 -4.37500000e-01 -4.85839844e-02
     0.00000000e+00  0.00000000e+00  1.45751953e-01 -4.37500000e-01
     9.71679688e-02  4.37011719e-01 -1.94091797e-01  1.31591797e-01]
   [ 4.36767578e-01  2.44140625e-04 -1.45507812e-01  1.93847656e-01
     1.45751953e-01  4.85839844e-02 -4.37500000e-01 -4.85839844e-02
     0.00000000e+00  0.00000000e+00  1.45751953e-01 -4.37500000e-01
     9.71679688e-02  4.37011719e-01 -1.94091797e-01  1.31591797e-01]
   [ 4.36767578e-01  2.44140625e-04 -1.45507812e-01  1.93847656e-01
     1.45751953e-01  4.85839844e-02 -4.37500000e-01 -4.85839844e-02
     0.00000000e+00  0.00000000e+00  1.45751953e-01 -4.37500000e-01
     9.71679688e-02  4.37011719e-01 -1.94091797e-01  1.31591797e-01]
   [ 4.36767578e-01  2.44140625e-04 -1.45507812e-01  1.93847656e-01
     1.45751953e-01  4.85839844e-02 -4.37500000e-01 -4.85839844e-02
     0.00000000e+00  0.00000000e+00  1.45751953e-01 -4.37500000e-01
     9.71679688e-02  4.37011719e-01 -1.94091797e-01  1.31591797e-01]
   [ 4.36767578e-01  2.44140625e-04 -1.45507812e-01  1.93847656e-01
     1.45751953e-01  4.85839844e-02 -4.37500000e-01 -4.85839844e-02
     0.00000000e+00  0.00000000e+00  1.45751953e-01 -4.37500000e-01
     9.71679688e-02  4.37011719e-01 -1.94091797e-01  1.31591797e-01]
   [ 4.02343750e-01  2.07519531e-02 -1.52343750e-01  1.73339844e-01
     1.38916016e-01  4.17480469e-02 -4.37500000e-01 -4.85839844e-02
    -1.39160156e-02 -6.83593750e-03  1.52587891e-01 -4.37500000e-01
     1.11083984e-01  4.23095703e-01 -1.66748047e-01  1.38427734e-01]
   [ 2.37304688e-01  9.35058594e-02 -1.54052734e-01  6.61621094e-02
     1.03027344e-01  1.26953125e-02 -4.37500000e-01 -2.12402344e-02
    -5.78613281e-02 -3.58886719e-02  1.67724609e-01 -4.37500000e-01
     1.55029297e-01  3.51318359e-01 -3.05175781e-02  1.60644531e-01]
   [ 8.00781250e-02  6.71386719e-02 -5.10253906e-02 -4.49218750e-02
     5.44433594e-02  0.00000000e+00 -2.09472656e-01  7.39746094e-02
    -2.53906250e-02 -4.17480469e-02  1.08642578e-01 -3.01025391e-01
     1.08642578e-01  2.33642578e-01  8.66699219e-02  1.16943359e-01]
   [ 1.26953125e-02  1.26953125e-02  0.00000000e+00 -2.53906250e-02
     1.26953125e-02  0.00000000e+00 -1.22070312e-03  3.83300781e-02
     0.00000000e+00 -1.26953125e-02  2.53906250e-02 -7.64160156e-02
     2.53906250e-02  6.37207031e-02  3.83300781e-02 -1.14746094e-02]
   [ 0.00000000e+00  0.00000000e+00  0.00000000e+00  0.00000000e+00
     0.00000000e+00  0.00000000e+00  6.25000000e-02  0.00000000e+00
     0.00000000e+00  0.00000000e+00  0.00000000e+00  0.00000000e+00
     0.00000000e+00  0.00000000e+00  0.00000000e+00 -6.25000000e-02]
   [ 0.00000000e+00  0.00000000e+00  0.00000000e+00  0.00000000e+00
     0.00000000e+00  0.00000000e+00  6.25000000e-02  0.00000000e+00
     0.00000000e+00  0.00000000e+00  0.00000000e+00  0.00000000e+00
     0.00000000e+00  0.00000000e+00  0.00000000e+00 -6.25000000e-02]
   [ 0.00000000e+00  0.00000000e+00  0.00000000e+00  0.00000000e+00
     0.00000000e+00  0.00000000e+00  6.25000000e-02  0.00000000e+00
     0.00000000e+00  0.00000000e+00  0.00000000e+00  0.00000000e+00
     0.00000000e+00  0.00000000e+00  0.00000000e+00 -6.25000000e-02]
   [ 0.00000000e+00  0.00000000e+00  0.00000000e+00  0.00000000e+00
     0.00000000e+00  0.00000000e+00  6.25000000e-02  0.00000000e+00
     0.00000000e+00  0.00000000e+00  0.00000000e+00  0.00000000e+00
     0.00000000e+00  0.00000000e+00  0.00000000e+00 -6.25000000e-02]]

  [[ 0.00000000e+00  0.00000000e+00  0.00000000e+00  0.00000000e+00
     0.00000000e+00  0.00000000e+00  6.25000000e-02  0.00000000e+00
     0.00000000e+00  0.00000000e+00  0.00000000e+00  0.00000000e+00
     0.00000000e+00  0.00000000e+00  0.00000000e+00 -6.25000000e-02]
   [ 0.00000000e+00  0.00000000e+00  0.00000000e+00  0.00000000e+00
     0.00000000e+00  0.00000000e+00  6.25000000e-02  0.00000000e+00
     0.00000000e+00  0.00000000e+00  0.00000000e+00  0.00000000e+00
     0.00000000e+00  0.00000000e+00  0.00000000e+00 -6.25000000e-02]
   [ 0.00000000e+00  0.00000000e+00  0.00000000e+00  0.00000000e+00
     0.00000000e+00  0.00000000e+00  6.25000000e-02  0.00000000e+00
     0.00000000e+00  0.00000000e+00  0.00000000e+00  0.00000000e+00
     0.00000000e+00  0.00000000e+00  0.00000000e+00 -6.25000000e-02]
   [ 0.00000000e+00  0.00000000e+00  0.00000000e+00  0.00000000e+00
     0.00000000e+00  0.00000000e+00  6.25000000e-02  0.00000000e+00
     0.00000000e+00  0.00000000e+00  0.00000000e+00  0.00000000e+00
     0.00000000e+00  0.00000000e+00  0.00000000e+00 -6.25000000e-02]
   [-2.44140625e-04 -3.69873047e-01  1.87011719e-01 -1.75781250e-01
     3.68652344e-02  3.17382812e-03  2.39257812e-01 -7.32421875e-03
     2.24121094e-01  4.29687500e-02  1.13037109e-01 -2.23388672e-01
     1.43310547e-01 -3.55224609e-01 -5.83496094e-02  7.12890625e-02]
   [-2.17529297e-01 -4.37500000e-01  8.59375000e-02 -8.81347656e-02
     3.51562500e-02  1.23779297e-01  2.96630859e-01 -3.85009766e-01
     3.83300781e-01  1.96044922e-01  1.95556641e-01 -2.05078125e-01
    -3.51562500e-02 -4.07470703e-01  7.59277344e-02  1.54296875e-01]
   [-4.37500000e-01 -7.51953125e-02  6.68945312e-02  1.41601562e-02
     1.13525391e-01  6.71386719e-02  2.85156250e-01 -3.61816406e-01
     1.46484375e-03  1.70654297e-01  2.67089844e-01 -3.69873047e-01
     5.24902344e-02 -2.36572266e-01  2.58544922e-01 -1.12304688e-01]
   [-3.61083984e-01 -3.71093750e-02  1.61621094e-01  3.95507812e-02
     1.55761719e-01  8.61816406e-02  2.70996094e-01 -1.06201172e-01
    -1.20605469e-01  1.84082031e-01  2.92480469e-01 -4.34326172e-01
     4.80957031e-02 -1.44775391e-01  2.50732422e-01 -2.08496094e-01]
   [-2.11181641e-01  3.19824219e-02  7.34863281e-02  1.99707031e-01
     1.39160156e-01  5.76171875e-02  1.41357422e-01 -1.41601562e-01
    -1.74316406e-01  2.77099609e-01  2.43164062e-01 -4.37500000e-01
     8.10546875e-02 -8.10546875e-02  8.69140625e-02 -2.66845703e-01]
   [-3.90625000e-03  1.24511719e-02  1.05957031e-01  3.56689453e-01
     1.69433594e-01  1.09375000e-01 -1.45751953e-01 -6.68945312e-02
    -1.86767578e-01  2.28759766e-01  2.33398438e-01 -4.37500000e-01
     1.61865234e-01  1.07421875e-01  8.05664062e-03 -1.94580078e-01]
   [ 6.22558594e-02  6.64062500e-02  2.90527344e-02  4.66064453e-01
     1.75781250e-01  1.14257812e-01 -4.37500000e-01 -1.78710938e-01
    -1.53076172e-01  1.65527344e-01  2.01904297e-01 -4.37500000e-01
     2.26074219e-01  3.10302734e-01 -1.00097656e-02 -7.83691406e-02]
   [ 1.12548828e-01  7.44628906e-02  3.19824219e-02  4.18212891e-01
     1.92382812e-01  1.03759766e-01 -4.37500000e-01 -1.25976562e-01
    -1.48925781e-01  8.25195312e-02  2.36328125e-01 -4.37500000e-01
     3.31787109e-01  3.88427734e-01  1.61132812e-02  4.12597656e-02]
   [ 1.50878906e-01 -1.41601562e-02  3.56445312e-02  3.73291016e-01
     1.79687500e-01  1.10839844e-01 -4.37500000e-01 -1.30859375e-01
    -3.41796875e-02  9.71679688e-02  2.21191406e-01 -4.37500000e-01
     3.04443359e-01  4.00634766e-01  1.46484375e-02  1.31103516e-01]
   [ 1.65039062e-01 -7.08007812e-03  7.32421875e-03  4.08691406e-01
     1.79687500e-01  1.10839844e-01 -4.37500000e-01 -1.80419922e-01
    -4.83398438e-02  1.04248047e-01  2.21191406e-01 -4.37500000e-01
     3.04443359e-01  3.79150391e-01 -2.78320312e-02  1.09863281e-01]
   [ 1.72119141e-01  0.00000000e+00  7.32421875e-03  3.94531250e-01
     1.86767578e-01  1.10839844e-01 -4.37500000e-01 -1.59179688e-01
    -4.83398438e-02  9.71679688e-02  2.35351562e-01 -4.37500000e-01
     3.18603516e-01  4.14794922e-01 -6.59179688e-03  1.38183594e-01]
   [ 1.67236328e-01  2.92968750e-03  6.34765625e-03  3.91601562e-01
     1.85791016e-01  1.09863281e-01 -4.37500000e-01 -1.59179688e-01
    -5.02929688e-02  9.61914062e-02  2.36328125e-01 -4.37500000e-01
     3.20556641e-01  4.12841797e-01 -2.68554688e-03  1.39160156e-01]
   [ 1.38427734e-01  1.63574219e-02  5.12695312e-03  3.73291016e-01
     1.79687500e-01  1.04736328e-01 -4.37500000e-01 -1.55273438e-01
    -5.85937500e-02  9.10644531e-02  2.39501953e-01 -4.37500000e-01
     3.28857422e-01  4.00634766e-01  2.07519531e-02  1.43310547e-01]
   [ 1.52832031e-01 -1.31835938e-02  3.17382812e-02  3.78173828e-01
     1.79687500e-01  1.10839844e-01 -4.37500000e-01 -1.37695312e-01
    -3.61328125e-02  9.81445312e-02  2.21191406e-01 -4.37500000e-01
     3.04443359e-01  3.97705078e-01  8.78906250e-03  1.28173828e-01]
   [ 1.66015625e-01  2.12402344e-02 -6.59179688e-03  4.27246094e-01
     1.80664062e-01  1.17675781e-01 -4.37500000e-01 -1.84326172e-01
    -6.22558594e-02  8.93554688e-02  2.09228516e-01 -4.37500000e-01
     2.79052734e-01  4.25292969e-01 -1.80664062e-02  9.98535156e-02]
   [ 5.29785156e-02  2.26806641e-01 -8.54492188e-02  3.97460938e-01
     1.65771484e-01  1.04980469e-01 -4.37500000e-01 -1.74560547e-01
    -1.82861328e-01 -2.29492188e-02  1.91406250e-01 -4.37500000e-01
     2.45361328e-01  5.00000000e-01  1.20605469e-01  8.74023438e-02]
   [-8.12988281e-02  2.97607422e-01 -2.49023438e-02  1.41845703e-01
     1.25732422e-01  2.53906250e-02 -4.37500000e-01  1.12304688e-02
    -2.22656250e-01 -1.48925781e-01  1.51367188e-01 -4.37500000e-01
     2.50976562e-01  4.75830078e-01  2.47070312e-01  6.68945312e-02]
   [-2.92968750e-02  8.54492188e-02  3.83300781e-02 -3.02734375e-02
     4.71191406e-02  0.00000000e+00 -1.21826172e-01  1.03027344e-01
    -5.10253906e-02 -7.27539062e-02  5.59082031e-02 -2.18505859e-01
     9.39941406e-02  1.97021484e-01  1.41357422e-01  2.36816406e-02]
   [ 0.00000000e+00  0.00000000e+00  0.00000000e+00  0.00000000e+00
     0.00000000e+00  0.00000000e+00  6.25000000e-02  0.00000000e+00
     0.00000000e+00  0.00000000e+00  0.00000000e+00  0.00000000e+00
     0.00000000e+00  0.00000000e+00  0.00000000e+00 -6.25000000e-02]
   [ 0.00000000e+00  0.00000000e+00  0.00000000e+00  0.00000000e+00
     0.00000000e+00  0.00000000e+00  6.25000000e-02  0.00000000e+00
     0.00000000e+00  0.00000000e+00  0.00000000e+00  0.00000000e+00
     0.00000000e+00  0.00000000e+00  0.00000000e+00 -6.25000000e-02]
   [ 0.00000000e+00  0.00000000e+00  0.00000000e+00  0.00000000e+00
     0.00000000e+00  0.00000000e+00  6.25000000e-02  0.00000000e+00
     0.00000000e+00  0.00000000e+00  0.00000000e+00  0.00000000e+00
     0.00000000e+00  0.00000000e+00  0.00000000e+00 -6.25000000e-02]
   [ 0.00000000e+00  0.00000000e+00  0.00000000e+00  0.00000000e+00
     0.00000000e+00  0.00000000e+00  6.25000000e-02  0.00000000e+00
     0.00000000e+00  0.00000000e+00  0.00000000e+00  0.00000000e+00
     0.00000000e+00  0.00000000e+00  0.00000000e+00 -6.25000000e-02]]

  [[ 0.00000000e+00  0.00000000e+00  0.00000000e+00  0.00000000e+00
     0.00000000e+00  0.00000000e+00  6.25000000e-02  0.00000000e+00
     0.00000000e+00  0.00000000e+00  0.00000000e+00  0.00000000e+00
     0.00000000e+00  0.00000000e+00  0.00000000e+00 -6.25000000e-02]
   [ 0.00000000e+00  0.00000000e+00  0.00000000e+00  0.00000000e+00
     0.00000000e+00  0.00000000e+00  6.25000000e-02  0.00000000e+00
     0.00000000e+00  0.00000000e+00  0.00000000e+00  0.00000000e+00
     0.00000000e+00  0.00000000e+00  0.00000000e+00 -6.25000000e-02]
   [ 0.00000000e+00  0.00000000e+00  0.00000000e+00  0.00000000e+00
     0.00000000e+00  0.00000000e+00  6.25000000e-02  0.00000000e+00
     0.00000000e+00  0.00000000e+00  0.00000000e+00  0.00000000e+00
     0.00000000e+00  0.00000000e+00  0.00000000e+00 -6.25000000e-02]
   [ 0.00000000e+00  0.00000000e+00  0.00000000e+00  0.00000000e+00
     0.00000000e+00  0.00000000e+00  6.25000000e-02  0.00000000e+00
     0.00000000e+00  0.00000000e+00  0.00000000e+00  0.00000000e+00
     0.00000000e+00  0.00000000e+00  0.00000000e+00 -6.25000000e-02]
   [-2.17529297e-01 -3.37646484e-01  1.96289062e-01 -2.12646484e-01
     5.44433594e-02  9.25292969e-02  2.37060547e-01 -1.46972656e-01
     2.50488281e-01 -1.84570312e-01  8.74023438e-02  1.73339844e-01
    -4.32128906e-02 -2.61962891e-01  1.46972656e-01  7.93457031e-02]
   [-4.37500000e-01 -3.14208984e-01  8.78906250e-03 -3.84521484e-01
     4.58984375e-02  2.07519531e-02  4.78515625e-01 -4.25781250e-01
     3.21289062e-01  1.95312500e-02  1.72607422e-01  2.90527344e-01
    -2.08984375e-01 -4.37500000e-01  2.08251953e-01  2.53906250e-02]
   [-3.84033203e-01 -8.27636719e-02 -5.37109375e-03 -2.93457031e-01
     1.05224609e-01  3.83300781e-02  5.00000000e-01 -1.75537109e-01
    -2.53906250e-02  1.16455078e-01  2.52441406e-01  3.47900391e-01
    -3.18115234e-01 -3.56445312e-01  1.93359375e-01 -2.82470703e-01]
   [-3.79394531e-01 -6.22558594e-02  5.98144531e-02 -3.20556641e-01
     1.34765625e-01  7.56835938e-03  5.00000000e-01 -8.74023438e-02
    -1.00585938e-01  8.74023438e-02  2.77099609e-01  2.84912109e-01
    -2.41210938e-01 -4.05517578e-01  1.71142578e-01 -3.49853516e-01]
   [-3.58642578e-01 -1.51611328e-01  4.27246094e-02 -3.56689453e-01
     1.14257812e-01  1.58691406e-02  5.00000000e-01 -1.05957031e-01
    -2.51464844e-02  1.72851562e-01  3.11279297e-01  2.12890625e-01
    -2.34130859e-01 -4.37500000e-01  1.58935547e-01 -2.74414062e-01]
   [-4.12841797e-01 -1.69677734e-01  8.74023438e-02 -3.14941406e-01
     1.13281250e-01  2.19726562e-02  5.00000000e-01 -1.16943359e-01
    -2.70996094e-02  2.26562500e-01  3.25195312e-01  8.05664062e-02
    -1.76757812e-01 -4.37500000e-01  1.84082031e-01 -2.82470703e-01]
   [-3.95751953e-01 -1.29394531e-01  9.74121094e-02 -1.61621094e-01
     1.15478516e-01  4.41894531e-02  5.00000000e-01 -1.29638672e-01
    -7.27539062e-02  2.95410156e-01  3.08837891e-01 -6.59179688e-02
    -1.43310547e-01 -4.37500000e-01  1.68457031e-01 -3.24218750e-01]
   [-4.37500000e-01  9.76562500e-04  1.05224609e-01 -5.22460938e-02
     1.24755859e-01  7.27539062e-02  5.00000000e-01 -1.68945312e-01
    -1.77001953e-01  1.98974609e-01  3.07373047e-01 -1.50146484e-01
    -6.03027344e-02 -3.39843750e-01  2.76123047e-01 -3.19580078e-01]
   [-4.37500000e-01 -7.47070312e-02  2.10205078e-01 -9.83886719e-02
     1.40136719e-01  6.44531250e-02  5.00000000e-01 -1.16699219e-01
    -9.17968750e-02  1.52099609e-01  2.79541016e-01 -2.13623047e-01
    -2.17285156e-02 -3.15917969e-01  3.11035156e-01 -2.74169922e-01]
   [-4.37500000e-01 -8.95996094e-02  1.29882812e-01 -3.36914062e-02
     1.26220703e-01  7.86132812e-02  5.00000000e-01 -2.28271484e-01
    -8.25195312e-02  2.07275391e-01  2.87109375e-01 -1.88964844e-01
    -4.95605469e-02 -3.60595703e-01  2.33642578e-01 -2.76855469e-01]
   [-4.37500000e-01 -4.83398438e-02  1.51123047e-01 -3.85742188e-02
     1.46240234e-01  7.86132812e-02  4.53613281e-01 -1.89208984e-01
    -1.10839844e-01  1.73095703e-01  3.06152344e-01 -2.74169922e-01
    -9.27734375e-03 -2.81494141e-01  2.93945312e-01 -2.53173828e-01]
   [-4.37500000e-01 -3.85742188e-02  1.47216797e-01 -4.15039062e-02
     1.44287109e-01  7.76367188e-02  4.59472656e-01 -1.90185547e-01
    -1.16943359e-01  1.69189453e-01  3.06152344e-01 -2.68310547e-01
    -9.03320312e-03 -2.79785156e-01  3.02734375e-01 -2.53173828e-01]
   [-4.37500000e-01  5.85937500e-03  1.36474609e-01 -6.29882812e-02
     1.34033203e-01  7.15332031e-02  4.94384766e-01 -1.84570312e-01
    -1.42578125e-01  1.46728516e-01  3.01025391e-01 -2.28515625e-01
    -1.31835938e-02 -2.72460938e-01  3.48144531e-01 -2.57080078e-01]
   [-3.01269531e-01 -2.01171875e-01  2.40966797e-01  3.46679688e-02
     1.79687500e-01  1.07910156e-01  3.07373047e-01 -1.31591797e-01
    -7.56835938e-03  2.01171875e-01  2.38769531e-01 -2.09960938e-01
    -1.08642578e-01 -2.39257812e-01  1.35009766e-01 -3.15917969e-01]
   [-9.54589844e-02 -1.04248047e-01 -7.56835938e-03  2.48046875e-01
     2.09472656e-01  1.10595703e-01  6.56738281e-02 -3.68408203e-01
    -1.04980469e-01  2.75878906e-01  3.19580078e-01 -4.00390625e-01
    -3.90625000e-02 -1.55273438e-01 -8.64257812e-02 -2.92236328e-01]
   [-1.05468750e-01  3.33007812e-01 -1.58447266e-01  2.56103516e-01
     2.07275391e-01  5.81054688e-02 -2.34863281e-01 -1.41601562e-01
    -3.82324219e-01  2.07763672e-01  3.72314453e-01 -4.37500000e-01
     1.26464844e-01  3.25195312e-01  1.63085938e-01 -1.64794922e-01]
   [-1.45751953e-01  4.71923828e-01 -2.68554688e-03  2.04833984e-01
     1.57714844e-01  4.32128906e-02 -2.43164062e-01  1.78710938e-01
    -4.37500000e-01 -2.44140625e-02  2.10205078e-01 -4.37500000e-01
     1.52343750e-01  4.96826172e-01  3.15429688e-01 -1.94335938e-01]
   [-9.47265625e-02  1.88476562e-01  1.03027344e-01  5.10253906e-02
     7.29980469e-02  0.00000000e+00 -6.34765625e-02  1.54296875e-01
    -2.00927734e-01 -1.03515625e-01  4.29687500e-02 -1.90185547e-01
     1.07910156e-01  1.98486328e-01  1.55517578e-01 -1.46728516e-01]
   [ 0.00000000e+00  0.00000000e+00  0.00000000e+00  0.00000000e+00
     0.00000000e+00  0.00000000e+00  6.25000000e-02  0.00000000e+00
     0.00000000e+00  0.00000000e+00  0.00000000e+00  0.00000000e+00
     0.00000000e+00  0.00000000e+00  0.00000000e+00 -6.25000000e-02]
   [ 0.00000000e+00  0.00000000e+00  0.00000000e+00  0.00000000e+00
     0.00000000e+00  0.00000000e+00  6.25000000e-02  0.00000000e+00
     0.00000000e+00  0.00000000e+00  0.00000000e+00  0.00000000e+00
     0.00000000e+00  0.00000000e+00  0.00000000e+00 -6.25000000e-02]
   [ 0.00000000e+00  0.00000000e+00  0.00000000e+00  0.00000000e+00
     0.00000000e+00  0.00000000e+00  6.25000000e-02  0.00000000e+00
     0.00000000e+00  0.00000000e+00  0.00000000e+00  0.00000000e+00
     0.00000000e+00  0.00000000e+00  0.00000000e+00 -6.25000000e-02]
   [ 0.00000000e+00  0.00000000e+00  0.00000000e+00  0.00000000e+00
     0.00000000e+00  0.00000000e+00  6.25000000e-02  0.00000000e+00
     0.00000000e+00  0.00000000e+00  0.00000000e+00  0.00000000e+00
     0.00000000e+00  0.00000000e+00  0.00000000e+00 -6.25000000e-02]]

  [[ 0.00000000e+00  0.00000000e+00  0.00000000e+00  0.00000000e+00
     0.00000000e+00  0.00000000e+00  6.25000000e-02  0.00000000e+00
     0.00000000e+00  0.00000000e+00  0.00000000e+00  0.00000000e+00
     0.00000000e+00  0.00000000e+00  0.00000000e+00 -6.25000000e-02]
   [ 0.00000000e+00  0.00000000e+00  0.00000000e+00  0.00000000e+00
     0.00000000e+00  0.00000000e+00  6.25000000e-02  0.00000000e+00
     0.00000000e+00  0.00000000e+00  0.00000000e+00  0.00000000e+00
     0.00000000e+00  0.00000000e+00  0.00000000e+00 -6.25000000e-02]
   [ 0.00000000e+00  0.00000000e+00  0.00000000e+00  0.00000000e+00
     0.00000000e+00  0.00000000e+00  6.25000000e-02  0.00000000e+00
     0.00000000e+00  0.00000000e+00  0.00000000e+00  0.00000000e+00
     0.00000000e+00  0.00000000e+00  0.00000000e+00 -6.25000000e-02]
   [ 0.00000000e+00  0.00000000e+00  0.00000000e+00  0.00000000e+00
     0.00000000e+00  0.00000000e+00  6.25000000e-02  0.00000000e+00
     0.00000000e+00  0.00000000e+00  0.00000000e+00  0.00000000e+00
     0.00000000e+00  0.00000000e+00  0.00000000e+00 -6.25000000e-02]
   [-6.56738281e-02 -8.20312500e-02  4.93164062e-02 -4.93164062e-02
     1.63574219e-02  3.29589844e-02  9.54589844e-02 -4.93164062e-02
     6.56738281e-02 -6.56738281e-02  1.63574219e-02  8.20312500e-02
    -3.29589844e-02 -4.93164062e-02  4.93164062e-02 -2.95410156e-02]
   [-1.61132812e-01 -1.06689453e-01  1.80664062e-02 -1.33056641e-01
     2.78320312e-02  2.29492188e-02  1.67724609e-01 -1.49414062e-01
     1.11816406e-01 -6.25000000e-02  4.41894531e-02  1.88964844e-01
    -1.05224609e-01 -1.16699219e-01  8.37402344e-02 -3.95507812e-02]
   [-8.86230469e-02  7.32421875e-04 -5.88378906e-02 -1.36718750e-01
     3.39355469e-02 -2.05078125e-02  2.30957031e-01 -6.61621094e-02
    -1.14746094e-02  4.61425781e-02  7.83691406e-02  1.71875000e-01
    -1.35498047e-01 -1.08886719e-01  2.00195312e-02 -1.48681641e-01]
   [-5.29785156e-02 -4.83398438e-02  1.31835938e-02 -1.36718750e-01
     5.56640625e-02  2.05078125e-02  2.55126953e-01  1.34277344e-02
    -2.78320312e-02 -2.92968750e-03  1.01318359e-01  1.92626953e-01
    -1.36718750e-01 -1.19140625e-01  2.78320312e-02 -1.53808594e-01]
   [-1.73095703e-01 -1.08398438e-01  8.05664062e-03 -2.03613281e-01
     5.76171875e-02  2.39257812e-02  2.79052734e-01 -1.25732422e-01
     7.17773438e-02 -4.07714844e-02  1.03271484e-01  2.83447266e-01
    -1.81152344e-01 -1.75781250e-01  8.44726562e-02 -1.09130859e-01]
   [-2.30712891e-01 -1.58935547e-01  1.53808594e-02 -2.99316406e-01
     8.34960938e-02  2.73437500e-02  3.94042969e-01 -1.55029297e-01
     9.13085938e-02 -3.85742188e-02  1.59912109e-01  3.73046875e-01
    -2.42431641e-01 -2.71728516e-01  1.06933594e-01 -1.34521484e-01]
   [-2.68554688e-01 -1.84814453e-01 -7.56835938e-03 -3.89892578e-01
     9.81445312e-02  5.37109375e-03  5.00000000e-01 -1.66015625e-01
     8.59375000e-02  4.27246094e-02  2.30224609e-01  3.76953125e-01
    -2.75146484e-01 -3.91113281e-01  1.03271484e-01 -1.72607422e-01]
   [-2.54150391e-01 -3.68652344e-02 -8.03222656e-02 -3.01513672e-01
     9.88769531e-02  1.48925781e-02  5.00000000e-01 -1.25976562e-01
    -5.10253906e-02  1.20361328e-01  2.31445312e-01  4.21630859e-01
    -3.63281250e-01 -2.86132812e-01  1.11816406e-01 -2.92968750e-01]
   [-2.56591797e-01 -7.73925781e-02  4.41894531e-02 -3.42773438e-01
     1.37207031e-01  4.63867188e-03  5.00000000e-01 -2.78320312e-02
    -9.05761719e-02  3.56445312e-02  2.58789062e-01  3.58642578e-01
    -2.60986328e-01 -3.59863281e-01  1.04736328e-01 -3.25683594e-01]
   [-2.81494141e-01 -1.28417969e-01 -3.54003906e-02 -3.63281250e-01
     1.04492188e-01  1.66015625e-02  5.00000000e-01 -1.37939453e-01
     9.03320312e-03  1.20117188e-01  2.64404297e-01  3.79638672e-01
    -3.26904297e-01 -3.86718750e-01  1.19628906e-01 -2.47558594e-01]
   [-3.18115234e-01 -6.22558594e-02  3.66210938e-03 -3.24218750e-01
     1.24511719e-01  1.66015625e-02  5.00000000e-01 -9.52148438e-02
    -7.86132812e-02  9.52148438e-02  2.65625000e-01  3.66699219e-01
    -3.07861328e-01 -3.60595703e-01  1.44531250e-01 -3.27880859e-01]
   [-3.14208984e-01 -4.95605469e-02 -3.41796875e-03 -3.15429688e-01
     1.23535156e-01  1.66015625e-02  5.00000000e-01 -9.42382812e-02
    -8.66699219e-02  9.49707031e-02  2.60498047e-01  3.73779297e-01
    -3.13720703e-01 -3.45703125e-01  1.43554688e-01 -3.33984375e-01]
   [-1.83105469e-01 -4.93164062e-02 -1.12304688e-02 -2.13867188e-01
     1.40625000e-01  3.36914062e-02  4.62158203e-01 -7.83691406e-02
    -8.69140625e-02  1.08398438e-01  2.15576172e-01  4.02832031e-01
    -3.74511719e-01 -2.33642578e-01  5.02929688e-02 -3.83056641e-01]
   [ 1.11083984e-01 -3.95263672e-01  9.69238281e-02 -2.22900391e-01
     2.15087891e-01  2.66113281e-02  3.49609375e-01 -8.25195312e-02
     8.88671875e-02  1.91650391e-01  3.21044922e-01  3.17382812e-02
    -1.87500000e-01 -4.37500000e-01 -2.43896484e-01 -2.74169922e-01]
   [ 5.20019531e-02 -3.12255859e-01 -1.77001953e-01 -7.25097656e-02
     1.99218750e-01  1.04736328e-01  1.76025391e-01 -3.97460938e-01
     1.08886719e-01  3.63769531e-01  4.69726562e-01 -3.08593750e-01
    -1.61621094e-01 -2.88330078e-01 -1.28662109e-01 -3.32031250e-02]
   [-3.13476562e-01  3.56201172e-01 -1.83105469e-01  3.54003906e-02
     2.09960938e-01  4.71191406e-02  2.49023438e-02 -1.58203125e-01
    -3.85009766e-01  1.81640625e-01  4.37500000e-01 -4.37500000e-01
    -4.63867188e-03  2.16064453e-01  3.27880859e-01 -1.89697266e-01]
   [-1.78710938e-01  5.00000000e-01  6.10351562e-03  7.22656250e-02
     1.54296875e-01 -1.66015625e-02  3.78417969e-02  2.94433594e-01
    -4.37500000e-01  6.73828125e-02  2.08007812e-01 -3.10058594e-01
     1.85546875e-02  3.46679688e-01  2.80517578e-01 -3.94042969e-01]
   [ 1.17187500e-02  1.77001953e-01  7.78808594e-02  6.90917969e-02
     6.46972656e-02  0.00000000e+00  1.17675781e-01  2.18994141e-01
    -2.75634766e-01 -1.36718750e-02  5.15136719e-02 -5.22460938e-02
     2.63671875e-02  7.39746094e-02  2.24609375e-02 -2.86132812e-01]
   [ 0.00000000e+00  0.00000000e+00  0.00000000e+00  0.00000000e+00
     0.00000000e+00  0.00000000e+00  6.25000000e-02  0.00000000e+00
     0.00000000e+00  0.00000000e+00  0.00000000e+00  0.00000000e+00
     0.00000000e+00  0.00000000e+00  0.00000000e+00 -6.25000000e-02]
   [ 0.00000000e+00  0.00000000e+00  0.00000000e+00  0.00000000e+00
     0.00000000e+00  0.00000000e+00  6.25000000e-02  0.00000000e+00
     0.00000000e+00  0.00000000e+00  0.00000000e+00  0.00000000e+00
     0.00000000e+00  0.00000000e+00  0.00000000e+00 -6.25000000e-02]
   [ 0.00000000e+00  0.00000000e+00  0.00000000e+00  0.00000000e+00
     0.00000000e+00  0.00000000e+00  6.25000000e-02  0.00000000e+00
     0.00000000e+00  0.00000000e+00  0.00000000e+00  0.00000000e+00
     0.00000000e+00  0.00000000e+00  0.00000000e+00 -6.25000000e-02]
   [ 0.00000000e+00  0.00000000e+00  0.00000000e+00  0.00000000e+00
     0.00000000e+00  0.00000000e+00  6.25000000e-02  0.00000000e+00
     0.00000000e+00  0.00000000e+00  0.00000000e+00  0.00000000e+00
     0.00000000e+00  0.00000000e+00  0.00000000e+00 -6.25000000e-02]]

  [[ 0.00000000e+00  0.00000000e+00  0.00000000e+00  0.00000000e+00
     0.00000000e+00  0.00000000e+00  6.25000000e-02  0.00000000e+00
     0.00000000e+00  0.00000000e+00  0.00000000e+00  0.00000000e+00
     0.00000000e+00  0.00000000e+00  0.00000000e+00 -6.25000000e-02]
   [ 0.00000000e+00  0.00000000e+00  0.00000000e+00  0.00000000e+00
     0.00000000e+00  0.00000000e+00  6.25000000e-02  0.00000000e+00
     0.00000000e+00  0.00000000e+00  0.00000000e+00  0.00000000e+00
     0.00000000e+00  0.00000000e+00  0.00000000e+00 -6.25000000e-02]
   [ 0.00000000e+00  0.00000000e+00  0.00000000e+00  0.00000000e+00
     0.00000000e+00  0.00000000e+00  6.25000000e-02  0.00000000e+00
     0.00000000e+00  0.00000000e+00  0.00000000e+00  0.00000000e+00
     0.00000000e+00  0.00000000e+00  0.00000000e+00 -6.25000000e-02]
   [ 0.00000000e+00  0.00000000e+00  0.00000000e+00  0.00000000e+00
     0.00000000e+00  0.00000000e+00  6.25000000e-02  0.00000000e+00
     0.00000000e+00  0.00000000e+00  0.00000000e+00  0.00000000e+00
     0.00000000e+00  0.00000000e+00  0.00000000e+00 -6.25000000e-02]
   [ 0.00000000e+00  0.00000000e+00  0.00000000e+00  0.00000000e+00
     0.00000000e+00  0.00000000e+00  6.25000000e-02  0.00000000e+00
     0.00000000e+00  0.00000000e+00  0.00000000e+00  0.00000000e+00
     0.00000000e+00  0.00000000e+00  0.00000000e+00 -6.25000000e-02]
   [ 0.00000000e+00  0.00000000e+00  0.00000000e+00  0.00000000e+00
     0.00000000e+00  0.00000000e+00  6.25000000e-02  0.00000000e+00
     0.00000000e+00  0.00000000e+00  0.00000000e+00  0.00000000e+00
     0.00000000e+00  0.00000000e+00  0.00000000e+00 -6.25000000e-02]
   [ 0.00000000e+00  0.00000000e+00  0.00000000e+00  0.00000000e+00
     0.00000000e+00  0.00000000e+00  6.25000000e-02  0.00000000e+00
     0.00000000e+00  0.00000000e+00  0.00000000e+00  0.00000000e+00
     0.00000000e+00  0.00000000e+00  0.00000000e+00 -6.25000000e-02]
   [ 0.00000000e+00  0.00000000e+00  0.00000000e+00  0.00000000e+00
     0.00000000e+00  0.00000000e+00  6.25000000e-02  0.00000000e+00
     0.00000000e+00  0.00000000e+00  0.00000000e+00  0.00000000e+00
     0.00000000e+00  0.00000000e+00  0.00000000e+00 -6.25000000e-02]
   [ 0.00000000e+00  0.00000000e+00  0.00000000e+00  0.00000000e+00
     0.00000000e+00  0.00000000e+00  6.25000000e-02  0.00000000e+00
     0.00000000e+00  0.00000000e+00  0.00000000e+00  0.00000000e+00
     0.00000000e+00  0.00000000e+00  0.00000000e+00 -6.25000000e-02]
   [-1.66015625e-02 -2.07519531e-02  1.24511719e-02 -1.24511719e-02
     4.15039062e-03  8.30078125e-03  7.08007812e-02 -1.24511719e-02
     1.66015625e-02 -1.66015625e-02  4.15039062e-03  2.07519531e-02
    -8.30078125e-03 -1.24511719e-02  1.24511719e-02 -5.41992188e-02]
   [-7.71484375e-02 -7.25097656e-02  3.19824219e-02 -6.10351562e-02
     1.61132812e-02  2.41699219e-02  1.07421875e-01 -6.51855469e-02
     6.46972656e-02 -5.22460938e-02  2.02636719e-02  9.32617188e-02
    -4.49218750e-02 -5.68847656e-02  4.85839844e-02 -3.83300781e-02]
   [-4.56542969e-02  2.36816406e-02 -5.44433594e-02 -5.88378906e-02
     7.56835938e-03 -2.56347656e-02  1.30371094e-01 -5.00488281e-02
    -7.08007812e-03  4.32128906e-02  2.78320312e-02  6.56738281e-02
    -5.95703125e-02 -4.27246094e-02  1.95312500e-03 -1.04736328e-01]
   [-1.12304688e-02 -4.27246094e-02  3.56445312e-02 -5.95703125e-02
     3.24707031e-02  2.61230469e-02  1.54296875e-01  3.41796875e-02
    -1.51367188e-02 -2.29492188e-02  5.22460938e-02  9.22851562e-02
    -5.93261719e-02 -5.61523438e-02  1.68457031e-02 -1.01074219e-01]
   [-1.01318359e-01 -4.22363281e-02 -1.63574219e-02 -9.86328125e-02
     1.97753906e-02  0.00000000e+00  1.55029297e-01 -9.44824219e-02
     4.85839844e-02 -9.52148438e-03  3.95507812e-02  1.31347656e-01
    -8.56933594e-02 -8.22753906e-02  4.24804688e-02 -7.61718750e-02]
   [-4.93164062e-02 -1.61132812e-02 -1.63574219e-02 -9.86328125e-02
     3.27148438e-02  0.00000000e+00  1.94091797e-01 -1.63574219e-02
    -1.63574219e-02  1.66015625e-02  6.56738281e-02  1.31347656e-01
    -9.86328125e-02 -8.22753906e-02  1.63574219e-02 -1.28173828e-01]
   [-1.46484375e-02 -2.24609375e-02 -1.68457031e-02 -7.66601562e-02
     3.61328125e-02  1.22070312e-03  1.63085938e-01 -1.04980469e-02
    -1.34277344e-02  2.97851562e-02  5.83496094e-02  1.21582031e-01
    -1.05224609e-01 -6.56738281e-02 -1.09863281e-02 -1.37695312e-01]
   [ 3.03466797e-01 -2.05810547e-01  3.39355469e-02  6.76269531e-02
     8.39843750e-02  1.83105469e-02 -6.56738281e-02  2.41699219e-02
     8.27636719e-02  1.53808594e-01  4.68750000e-02 -7.44628906e-02
    -9.22851562e-02 -4.12597656e-02 -2.82470703e-01 -1.57714844e-01]
   [ 2.39257812e-01 -4.37500000e-01  9.08203125e-02  3.41796875e-02
     1.77001953e-01  1.46728516e-01 -1.19628906e-01 -3.18847656e-01
     3.14208984e-01  5.49316406e-02  2.78320312e-01 -3.48632812e-01
     6.17675781e-02 -2.69531250e-01 -2.61474609e-01  1.45507812e-01]
   [-3.43505859e-01 -1.87744141e-01 -1.72851562e-01 -1.32568359e-01
     1.65527344e-01  1.01806641e-01 -7.73925781e-02 -4.37500000e-01
     2.22412109e-01  1.25488281e-01  4.31640625e-01 -4.37500000e-01
     1.68457031e-02 -5.56640625e-02  2.74902344e-01  2.79785156e-01]
   [-3.99414062e-01  4.44091797e-01 -1.08886719e-01 -2.19726562e-03
     1.77246094e-01  2.56347656e-02  6.73828125e-02 -2.27050781e-02
    -4.14062500e-01  1.12304688e-01  3.16406250e-01 -2.79296875e-01
    -9.17968750e-02  2.99804688e-01  4.23828125e-01 -2.84179688e-01]
   [-7.78808594e-02  4.01611328e-01  4.51660156e-02  4.80957031e-02
     1.29394531e-01 -4.32128906e-02  1.78466797e-01  3.17382812e-01
    -4.37500000e-01  4.17480469e-02  1.39892578e-01 -9.98535156e-02
    -5.61523438e-03  1.56738281e-01  1.03271484e-01 -4.37500000e-01]
   [ 8.20312500e-02  6.95800781e-02  1.31835938e-02  1.31835938e-02
     3.02734375e-02  0.00000000e+00  1.35986328e-01  1.55761719e-01
    -1.47460938e-01  3.88183594e-02  4.76074219e-02 -4.39453125e-03
    -1.70898438e-02  8.78906250e-03 -3.88183594e-02 -1.84082031e-01]
   [ 0.00000000e+00  0.00000000e+00  0.00000000e+00  0.00000000e+00
     0.00000000e+00  0.00000000e+00  6.25000000e-02  0.00000000e+00
     0.00000000e+00  0.00000000e+00  0.00000000e+00  0.00000000e+00
     0.00000000e+00  0.00000000e+00  0.00000000e+00 -6.25000000e-02]
   [ 0.00000000e+00  0.00000000e+00  0.00000000e+00  0.00000000e+00
     0.00000000e+00  0.00000000e+00  6.25000000e-02  0.00000000e+00
     0.00000000e+00  0.00000000e+00  0.00000000e+00  0.00000000e+00
     0.00000000e+00  0.00000000e+00  0.00000000e+00 -6.25000000e-02]
   [ 0.00000000e+00  0.00000000e+00  0.00000000e+00  0.00000000e+00
     0.00000000e+00  0.00000000e+00  6.25000000e-02  0.00000000e+00
     0.00000000e+00  0.00000000e+00  0.00000000e+00  0.00000000e+00
     0.00000000e+00  0.00000000e+00  0.00000000e+00 -6.25000000e-02]
   [ 0.00000000e+00  0.00000000e+00  0.00000000e+00  0.00000000e+00
     0.00000000e+00  0.00000000e+00  6.25000000e-02  0.00000000e+00
     0.00000000e+00  0.00000000e+00  0.00000000e+00  0.00000000e+00
     0.00000000e+00  0.00000000e+00  0.00000000e+00 -6.25000000e-02]]

  [[ 0.00000000e+00  0.00000000e+00  0.00000000e+00  0.00000000e+00
     0.00000000e+00  0.00000000e+00  6.25000000e-02  0.00000000e+00
     0.00000000e+00  0.00000000e+00  0.00000000e+00  0.00000000e+00
     0.00000000e+00  0.00000000e+00  0.00000000e+00 -6.25000000e-02]
   [ 0.00000000e+00  0.00000000e+00  0.00000000e+00  0.00000000e+00
     0.00000000e+00  0.00000000e+00  6.25000000e-02  0.00000000e+00
     0.00000000e+00  0.00000000e+00  0.00000000e+00  0.00000000e+00
     0.00000000e+00  0.00000000e+00  0.00000000e+00 -6.25000000e-02]
   [ 0.00000000e+00  0.00000000e+00  0.00000000e+00  0.00000000e+00
     0.00000000e+00  0.00000000e+00  6.25000000e-02  0.00000000e+00
     0.00000000e+00  0.00000000e+00  0.00000000e+00  0.00000000e+00
     0.00000000e+00  0.00000000e+00  0.00000000e+00 -6.25000000e-02]
   [ 0.00000000e+00  0.00000000e+00  0.00000000e+00  0.00000000e+00
     0.00000000e+00  0.00000000e+00  6.25000000e-02  0.00000000e+00
     0.00000000e+00  0.00000000e+00  0.00000000e+00  0.00000000e+00
     0.00000000e+00  0.00000000e+00  0.00000000e+00 -6.25000000e-02]
   [ 0.00000000e+00  0.00000000e+00  0.00000000e+00  0.00000000e+00
     0.00000000e+00  0.00000000e+00  6.25000000e-02  0.00000000e+00
     0.00000000e+00  0.00000000e+00  0.00000000e+00  0.00000000e+00
     0.00000000e+00  0.00000000e+00  0.00000000e+00 -6.25000000e-02]
   [ 0.00000000e+00  0.00000000e+00  0.00000000e+00  0.00000000e+00
     0.00000000e+00  0.00000000e+00  6.25000000e-02  0.00000000e+00
     0.00000000e+00  0.00000000e+00  0.00000000e+00  0.00000000e+00
     0.00000000e+00  0.00000000e+00  0.00000000e+00 -6.25000000e-02]
   [ 0.00000000e+00  0.00000000e+00  0.00000000e+00  0.00000000e+00
     0.00000000e+00  0.00000000e+00  6.25000000e-02  0.00000000e+00
     0.00000000e+00  0.00000000e+00  0.00000000e+00  0.00000000e+00
     0.00000000e+00  0.00000000e+00  0.00000000e+00 -6.25000000e-02]
   [ 0.00000000e+00  0.00000000e+00  0.00000000e+00  0.00000000e+00
     0.00000000e+00  0.00000000e+00  6.25000000e-02  0.00000000e+00
     0.00000000e+00  0.00000000e+00  0.00000000e+00  0.00000000e+00
     0.00000000e+00  0.00000000e+00  0.00000000e+00 -6.25000000e-02]
   [ 0.00000000e+00  0.00000000e+00  0.00000000e+00  0.00000000e+00
     0.00000000e+00  0.00000000e+00  6.25000000e-02  0.00000000e+00
     0.00000000e+00  0.00000000e+00  0.00000000e+00  0.00000000e+00
     0.00000000e+00  0.00000000e+00  0.00000000e+00 -6.25000000e-02]
   [ 0.00000000e+00  0.00000000e+00  0.00000000e+00  0.00000000e+00
     0.00000000e+00  0.00000000e+00  6.25000000e-02  0.00000000e+00
     0.00000000e+00  0.00000000e+00  0.00000000e+00  0.00000000e+00
     0.00000000e+00  0.00000000e+00  0.00000000e+00 -6.25000000e-02]
   [ 0.00000000e+00  0.00000000e+00  0.00000000e+00  0.00000000e+00
     0.00000000e+00  0.00000000e+00  6.25000000e-02  0.00000000e+00
     0.00000000e+00  0.00000000e+00  0.00000000e+00  0.00000000e+00
     0.00000000e+00  0.00000000e+00  0.00000000e+00 -6.25000000e-02]
   [ 0.00000000e+00  0.00000000e+00  0.00000000e+00  0.00000000e+00
     0.00000000e+00  0.00000000e+00  6.25000000e-02  0.00000000e+00
     0.00000000e+00  0.00000000e+00  0.00000000e+00  0.00000000e+00
     0.00000000e+00  0.00000000e+00  0.00000000e+00 -6.25000000e-02]
   [ 0.00000000e+00  0.00000000e+00  0.00000000e+00  0.00000000e+00
     0.00000000e+00  0.00000000e+00  6.25000000e-02  0.00000000e+00
     0.00000000e+00  0.00000000e+00  0.00000000e+00  0.00000000e+00
     0.00000000e+00  0.00000000e+00  0.00000000e+00 -6.25000000e-02]
   [ 0.00000000e+00  0.00000000e+00  0.00000000e+00  0.00000000e+00
     0.00000000e+00  0.00000000e+00  6.25000000e-02  0.00000000e+00
     0.00000000e+00  0.00000000e+00  0.00000000e+00  0.00000000e+00
     0.00000000e+00  0.00000000e+00  0.00000000e+00 -6.25000000e-02]
   [ 0.00000000e+00  0.00000000e+00  0.00000000e+00  0.00000000e+00
     0.00000000e+00  0.00000000e+00  6.25000000e-02  0.00000000e+00
     0.00000000e+00  0.00000000e+00  0.00000000e+00  0.00000000e+00
     0.00000000e+00  0.00000000e+00  0.00000000e+00 -6.25000000e-02]
   [ 1.58203125e-01 -1.16455078e-01  4.24804688e-02  7.88574219e-02
     3.17382812e-02  2.63671875e-02 -7.42187500e-02  5.37109375e-03
     7.39746094e-02  4.24804688e-02 -2.09960938e-02 -3.24707031e-02
    -4.17480469e-02  3.07617188e-02 -1.31835938e-01 -8.34960938e-02]
   [ 3.08837891e-01 -4.37500000e-01  1.05712891e-01  6.54296875e-02
     1.08886719e-01  5.66406250e-02 -1.32324219e-01 -1.46484375e-01
     2.62207031e-01  1.11328125e-01  1.35498047e-01 -3.72558594e-01
     1.15722656e-01 -2.10449219e-01 -3.23974609e-01  6.73828125e-02]
   [ 2.92968750e-03 -4.37500000e-01 -1.95312500e-03  5.15136719e-02
     1.62597656e-01  1.93359375e-01 -2.11914062e-01 -4.37500000e-01
     4.00878906e-01  1.19873047e-01  3.31298828e-01 -4.37500000e-01
     3.24707031e-02 -1.34521484e-01 -1.41601562e-02  3.11767578e-01]
   [-4.37500000e-01  2.02392578e-01 -1.67480469e-01  4.12597656e-02
     1.97509766e-01  9.39941406e-02 -1.58203125e-01 -4.37500000e-01
    -1.17431641e-01  2.73437500e-02  3.68164062e-01 -4.06494141e-01
    -1.85546875e-02  2.26562500e-01  4.19921875e-01  6.10351562e-03]
   [-2.05810547e-01  5.00000000e-01 -6.76269531e-02 -2.44140625e-03
     1.77734375e-01 -5.29785156e-02  2.29492188e-02  2.24853516e-01
    -4.37500000e-01  7.51953125e-02  2.55371094e-01 -3.00537109e-01
    -1.95312500e-03  3.42773438e-01  2.80273438e-01 -3.89892578e-01]
   [ 1.00585938e-01  2.03369141e-01  4.34570312e-02  2.63671875e-02
     8.22753906e-02 -8.78906250e-03  1.55029297e-01  3.22265625e-01
    -3.37402344e-01  4.39453125e-02  1.08154297e-01 -7.17773438e-02
    -2.19726562e-03  8.59375000e-02 -9.03320312e-03 -3.14208984e-01]
   [ 1.75781250e-02  8.78906250e-03  0.00000000e+00  0.00000000e+00
     4.39453125e-03  0.00000000e+00  7.56835938e-02  2.63671875e-02
    -2.19726562e-02  8.78906250e-03  8.78906250e-03  0.00000000e+00
    -4.39453125e-03  0.00000000e+00 -8.78906250e-03 -8.00781250e-02]
   [ 0.00000000e+00  0.00000000e+00  0.00000000e+00  0.00000000e+00
     0.00000000e+00  0.00000000e+00  6.25000000e-02  0.00000000e+00
     0.00000000e+00  0.00000000e+00  0.00000000e+00  0.00000000e+00
     0.00000000e+00  0.00000000e+00  0.00000000e+00 -6.25000000e-02]
   [ 0.00000000e+00  0.00000000e+00  0.00000000e+00  0.00000000e+00
     0.00000000e+00  0.00000000e+00  6.25000000e-02  0.00000000e+00
     0.00000000e+00  0.00000000e+00  0.00000000e+00  0.00000000e+00
     0.00000000e+00  0.00000000e+00  0.00000000e+00 -6.25000000e-02]
   [ 0.00000000e+00  0.00000000e+00  0.00000000e+00  0.00000000e+00
     0.00000000e+00  0.00000000e+00  6.25000000e-02  0.00000000e+00
     0.00000000e+00  0.00000000e+00  0.00000000e+00  0.00000000e+00
     0.00000000e+00  0.00000000e+00  0.00000000e+00 -6.25000000e-02]
   [ 0.00000000e+00  0.00000000e+00  0.00000000e+00  0.00000000e+00
     0.00000000e+00  0.00000000e+00  6.25000000e-02  0.00000000e+00
     0.00000000e+00  0.00000000e+00  0.00000000e+00  0.00000000e+00
     0.00000000e+00  0.00000000e+00  0.00000000e+00 -6.25000000e-02]]

  [[ 0.00000000e+00  0.00000000e+00  0.00000000e+00  0.00000000e+00
     0.00000000e+00  0.00000000e+00  6.25000000e-02  0.00000000e+00
     0.00000000e+00  0.00000000e+00  0.00000000e+00  0.00000000e+00
     0.00000000e+00  0.00000000e+00  0.00000000e+00 -6.25000000e-02]
   [ 0.00000000e+00  0.00000000e+00  0.00000000e+00  0.00000000e+00
     0.00000000e+00  0.00000000e+00  6.25000000e-02  0.00000000e+00
     0.00000000e+00  0.00000000e+00  0.00000000e+00  0.00000000e+00
     0.00000000e+00  0.00000000e+00  0.00000000e+00 -6.25000000e-02]
   [ 0.00000000e+00  0.00000000e+00  0.00000000e+00  0.00000000e+00
     0.00000000e+00  0.00000000e+00  6.25000000e-02  0.00000000e+00
     0.00000000e+00  0.00000000e+00  0.00000000e+00  0.00000000e+00
     0.00000000e+00  0.00000000e+00  0.00000000e+00 -6.25000000e-02]
   [ 0.00000000e+00  0.00000000e+00  0.00000000e+00  0.00000000e+00
     0.00000000e+00  0.00000000e+00  6.25000000e-02  0.00000000e+00
     0.00000000e+00  0.00000000e+00  0.00000000e+00  0.00000000e+00
     0.00000000e+00  0.00000000e+00  0.00000000e+00 -6.25000000e-02]
   [ 0.00000000e+00  0.00000000e+00  0.00000000e+00  0.00000000e+00
     0.00000000e+00  0.00000000e+00  6.25000000e-02  0.00000000e+00
     0.00000000e+00  0.00000000e+00  0.00000000e+00  0.00000000e+00
     0.00000000e+00  0.00000000e+00  0.00000000e+00 -6.25000000e-02]
   [ 0.00000000e+00  0.00000000e+00  0.00000000e+00  0.00000000e+00
     0.00000000e+00  0.00000000e+00  6.25000000e-02  0.00000000e+00
     0.00000000e+00  0.00000000e+00  0.00000000e+00  0.00000000e+00
     0.00000000e+00  0.00000000e+00  0.00000000e+00 -6.25000000e-02]
   [ 0.00000000e+00  0.00000000e+00  0.00000000e+00  0.00000000e+00
     0.00000000e+00  0.00000000e+00  6.25000000e-02  0.00000000e+00
     0.00000000e+00  0.00000000e+00  0.00000000e+00  0.00000000e+00
     0.00000000e+00  0.00000000e+00  0.00000000e+00 -6.25000000e-02]
   [ 0.00000000e+00  0.00000000e+00  0.00000000e+00  0.00000000e+00
     0.00000000e+00  0.00000000e+00  6.25000000e-02  0.00000000e+00
     0.00000000e+00  0.00000000e+00  0.00000000e+00  0.00000000e+00
     0.00000000e+00  0.00000000e+00  0.00000000e+00 -6.25000000e-02]
   [ 0.00000000e+00  0.00000000e+00  0.00000000e+00  0.00000000e+00
     0.00000000e+00  0.00000000e+00  6.25000000e-02  0.00000000e+00
     0.00000000e+00  0.00000000e+00  0.00000000e+00  0.00000000e+00
     0.00000000e+00  0.00000000e+00  0.00000000e+00 -6.25000000e-02]
   [ 0.00000000e+00  0.00000000e+00  0.00000000e+00  0.00000000e+00
     0.00000000e+00  0.00000000e+00  6.25000000e-02  0.00000000e+00
     0.00000000e+00  0.00000000e+00  0.00000000e+00  0.00000000e+00
     0.00000000e+00  0.00000000e+00  0.00000000e+00 -6.25000000e-02]
   [ 0.00000000e+00  0.00000000e+00  0.00000000e+00  0.00000000e+00
     0.00000000e+00  0.00000000e+00  6.25000000e-02  0.00000000e+00
     0.00000000e+00  0.00000000e+00  0.00000000e+00  0.00000000e+00
     0.00000000e+00  0.00000000e+00  0.00000000e+00 -6.25000000e-02]
   [ 0.00000000e+00  0.00000000e+00  0.00000000e+00  0.00000000e+00
     0.00000000e+00  0.00000000e+00  6.25000000e-02  0.00000000e+00
     0.00000000e+00  0.00000000e+00  0.00000000e+00  0.00000000e+00
     0.00000000e+00  0.00000000e+00  0.00000000e+00 -6.25000000e-02]
   [ 0.00000000e+00  0.00000000e+00  0.00000000e+00  0.00000000e+00
     0.00000000e+00  0.00000000e+00  6.25000000e-02  0.00000000e+00
     0.00000000e+00  0.00000000e+00  0.00000000e+00  0.00000000e+00
     0.00000000e+00  0.00000000e+00  0.00000000e+00 -6.25000000e-02]
   [ 0.00000000e+00  0.00000000e+00  0.00000000e+00  0.00000000e+00
     0.00000000e+00  0.00000000e+00  6.25000000e-02  0.00000000e+00
     0.00000000e+00  0.00000000e+00  0.00000000e+00  0.00000000e+00
     0.00000000e+00  0.00000000e+00  0.00000000e+00 -6.25000000e-02]
   [ 7.22656250e-02 -4.34570312e-02  1.44042969e-02  4.34570312e-02
     1.44042969e-02  1.44042969e-02 -9.76562500e-03  0.00000000e+00
     2.88085938e-02  1.44042969e-02 -1.44042969e-02  0.00000000e+00
    -2.88085938e-02  2.88085938e-02 -5.78613281e-02 -7.69042969e-02]
   [ 3.27148438e-01 -3.07617188e-01  8.25195312e-02  1.15478516e-01
     8.08105469e-02  4.00390625e-02 -1.77734375e-01 -4.22363281e-02
     1.77978516e-01  1.02783203e-01  3.63769531e-02 -2.20703125e-01
     2.24609375e-02 -5.49316406e-02 -3.03222656e-01 -3.51562500e-02]
   [ 1.69189453e-01 -4.37500000e-01  6.07910156e-02  6.17675781e-02
     1.63085938e-01  1.66748047e-01 -2.15087891e-01 -4.26269531e-01
     3.87207031e-01  5.49316406e-02  2.75634766e-01 -4.34326172e-01
     8.17871094e-02 -2.05078125e-01 -1.84570312e-01  2.53906250e-01]
   [-4.21142578e-01 -1.54541016e-01 -1.25488281e-01 -1.41845703e-01
     1.75781250e-01  9.20410156e-02 -5.34667969e-02 -4.37500000e-01
     1.81396484e-01  9.47265625e-02  4.46777344e-01 -4.37500000e-01
     8.66699219e-02 -6.64062500e-02  3.35693359e-01  2.70507812e-01]
   [-4.18701172e-01  4.35791016e-01 -9.98535156e-02  1.95312500e-03
     1.58691406e-01  2.17285156e-02  1.14257812e-01 -6.83593750e-03
    -4.03808594e-01  1.67968750e-01  3.11035156e-01 -3.30322266e-01
    -7.95898438e-02  2.73681641e-01  4.38964844e-01 -2.80273438e-01]
   [-1.20117188e-01  4.14306641e-01  8.30078125e-02  1.16210938e-01
     1.25244141e-01 -1.92871094e-02  1.87500000e-01  3.06884766e-01
    -4.37500000e-01  2.83203125e-02  1.17187500e-01 -9.91210938e-02
     1.95312500e-03  1.62597656e-01  1.28173828e-01 -4.37500000e-01]
   [ 2.73437500e-02  8.39843750e-02  3.24707031e-02  3.24707031e-02
     3.10058594e-02  0.00000000e+00  1.12792969e-01  1.22070312e-01
    -1.45019531e-01  8.30078125e-03  3.00292969e-02 -1.07421875e-02
     1.22070312e-03  2.14843750e-02 -8.30078125e-03 -1.87011719e-01]
   [ 0.00000000e+00  0.00000000e+00  0.00000000e+00  0.00000000e+00
     0.00000000e+00  0.00000000e+00  6.25000000e-02  0.00000000e+00
     0.00000000e+00  0.00000000e+00  0.00000000e+00  0.00000000e+00
     0.00000000e+00  0.00000000e+00  0.00000000e+00 -6.25000000e-02]
   [ 0.00000000e+00  0.00000000e+00  0.00000000e+00  0.00000000e+00
     0.00000000e+00  0.00000000e+00  6.25000000e-02  0.00000000e+00
     0.00000000e+00  0.00000000e+00  0.00000000e+00  0.00000000e+00
     0.00000000e+00  0.00000000e+00  0.00000000e+00 -6.25000000e-02]
   [ 0.00000000e+00  0.00000000e+00  0.00000000e+00  0.00000000e+00
     0.00000000e+00  0.00000000e+00  6.25000000e-02  0.00000000e+00
     0.00000000e+00  0.00000000e+00  0.00000000e+00  0.00000000e+00
     0.00000000e+00  0.00000000e+00  0.00000000e+00 -6.25000000e-02]
   [ 0.00000000e+00  0.00000000e+00  0.00000000e+00  0.00000000e+00
     0.00000000e+00  0.00000000e+00  6.25000000e-02  0.00000000e+00
     0.00000000e+00  0.00000000e+00  0.00000000e+00  0.00000000e+00
     0.00000000e+00  0.00000000e+00  0.00000000e+00 -6.25000000e-02]
   [ 0.00000000e+00  0.00000000e+00  0.00000000e+00  0.00000000e+00
     0.00000000e+00  0.00000000e+00  6.25000000e-02  0.00000000e+00
     0.00000000e+00  0.00000000e+00  0.00000000e+00  0.00000000e+00
     0.00000000e+00  0.00000000e+00  0.00000000e+00 -6.25000000e-02]]

  [[ 0.00000000e+00  0.00000000e+00  0.00000000e+00  0.00000000e+00
     0.00000000e+00  0.00000000e+00  6.25000000e-02  0.00000000e+00
     0.00000000e+00  0.00000000e+00  0.00000000e+00  0.00000000e+00
     0.00000000e+00  0.00000000e+00  0.00000000e+00 -6.25000000e-02]
   [ 0.00000000e+00  0.00000000e+00  0.00000000e+00  0.00000000e+00
     0.00000000e+00  0.00000000e+00  6.25000000e-02  0.00000000e+00
     0.00000000e+00  0.00000000e+00  0.00000000e+00  0.00000000e+00
     0.00000000e+00  0.00000000e+00  0.00000000e+00 -6.25000000e-02]
   [ 0.00000000e+00  0.00000000e+00  0.00000000e+00  0.00000000e+00
     0.00000000e+00  0.00000000e+00  6.25000000e-02  0.00000000e+00
     0.00000000e+00  0.00000000e+00  0.00000000e+00  0.00000000e+00
     0.00000000e+00  0.00000000e+00  0.00000000e+00 -6.25000000e-02]
   [ 0.00000000e+00  0.00000000e+00  0.00000000e+00  0.00000000e+00
     0.00000000e+00  0.00000000e+00  6.25000000e-02  0.00000000e+00
     0.00000000e+00  0.00000000e+00  0.00000000e+00  0.00000000e+00
     0.00000000e+00  0.00000000e+00  0.00000000e+00 -6.25000000e-02]
   [ 0.00000000e+00  0.00000000e+00  0.00000000e+00  0.00000000e+00
     0.00000000e+00  0.00000000e+00  6.25000000e-02  0.00000000e+00
     0.00000000e+00  0.00000000e+00  0.00000000e+00  0.00000000e+00
     0.00000000e+00  0.00000000e+00  0.00000000e+00 -6.25000000e-02]
   [ 0.00000000e+00  0.00000000e+00  0.00000000e+00  0.00000000e+00
     0.00000000e+00  0.00000000e+00  6.25000000e-02  0.00000000e+00
     0.00000000e+00  0.00000000e+00  0.00000000e+00  0.00000000e+00
     0.00000000e+00  0.00000000e+00  0.00000000e+00 -6.25000000e-02]
   [ 0.00000000e+00  0.00000000e+00  0.00000000e+00  0.00000000e+00
     0.00000000e+00  0.00000000e+00  6.25000000e-02  0.00000000e+00
     0.00000000e+00  0.00000000e+00  0.00000000e+00  0.00000000e+00
     0.00000000e+00  0.00000000e+00  0.00000000e+00 -6.25000000e-02]
   [ 0.00000000e+00  0.00000000e+00  0.00000000e+00  0.00000000e+00
     0.00000000e+00  0.00000000e+00  6.25000000e-02  0.00000000e+00
     0.00000000e+00  0.00000000e+00  0.00000000e+00  0.00000000e+00
     0.00000000e+00  0.00000000e+00  0.00000000e+00 -6.25000000e-02]
   [ 0.00000000e+00  0.00000000e+00  0.00000000e+00  0.00000000e+00
     0.00000000e+00  0.00000000e+00  6.25000000e-02  0.00000000e+00
     0.00000000e+00  0.00000000e+00  0.00000000e+00  0.00000000e+00
     0.00000000e+00  0.00000000e+00  0.00000000e+00 -6.25000000e-02]
   [ 0.00000000e+00  0.00000000e+00  0.00000000e+00  0.00000000e+00
     0.00000000e+00  0.00000000e+00  6.25000000e-02  0.00000000e+00
     0.00000000e+00  0.00000000e+00  0.00000000e+00  0.00000000e+00
     0.00000000e+00  0.00000000e+00  0.00000000e+00 -6.25000000e-02]
   [ 0.00000000e+00  0.00000000e+00  0.00000000e+00  0.00000000e+00
     0.00000000e+00  0.00000000e+00  6.25000000e-02  0.00000000e+00
     0.00000000e+00  0.00000000e+00  0.00000000e+00  0.00000000e+00
     0.00000000e+00  0.00000000e+00  0.00000000e+00 -6.25000000e-02]
   [ 0.00000000e+00  0.00000000e+00  0.00000000e+00  0.00000000e+00
     0.00000000e+00  0.00000000e+00  6.25000000e-02  0.00000000e+00
     0.00000000e+00  0.00000000e+00  0.00000000e+00  0.00000000e+00
     0.00000000e+00  0.00000000e+00  0.00000000e+00 -6.25000000e-02]
   [ 0.00000000e+00  0.00000000e+00  0.00000000e+00  0.00000000e+00
     0.00000000e+00  0.00000000e+00  6.25000000e-02  0.00000000e+00
     0.00000000e+00  0.00000000e+00  0.00000000e+00  0.00000000e+00
     0.00000000e+00  0.00000000e+00  0.00000000e+00 -6.25000000e-02]
   [ 0.00000000e+00  0.00000000e+00  0.00000000e+00  0.00000000e+00
     0.00000000e+00  0.00000000e+00  6.25000000e-02  0.00000000e+00
     0.00000000e+00  0.00000000e+00  0.00000000e+00  0.00000000e+00
     0.00000000e+00  0.00000000e+00  0.00000000e+00 -6.25000000e-02]
   [ 1.63085938e-01 -1.55761719e-01  6.15234375e-02  5.44433594e-02
     3.27148438e-02  1.83105469e-02 -4.27246094e-02  1.44042969e-02
     9.39941406e-02  6.15234375e-02 -3.90625000e-03 -8.66699219e-02
    -7.32421875e-03 -2.14843750e-02 -1.44775391e-01 -6.64062500e-02]
   [ 2.39257812e-01 -4.37500000e-01  1.34521484e-01  5.00488281e-02
     1.12304688e-01  9.32617188e-02 -9.00878906e-02 -2.07763672e-01
     3.22265625e-01  1.01318359e-01  1.56738281e-01 -3.52783203e-01
     9.27734375e-02 -2.57080078e-01 -2.69531250e-01  1.07666016e-01]
   [-1.50634766e-01 -4.19433594e-01 -3.58886719e-02  1.70898438e-02
     1.56494141e-01  1.66992188e-01 -1.25976562e-01 -4.37500000e-01
     3.43750000e-01  1.23291016e-01  3.47900391e-01 -4.37500000e-01
     3.44238281e-02 -1.54541016e-01  7.88574219e-02  2.73193359e-01]
   [-4.37500000e-01  2.29492188e-01 -1.04980469e-01 -2.09960938e-02
     1.98242188e-01  1.02783203e-01 -2.36816406e-02 -4.02587891e-01
    -1.65527344e-01 -1.04980469e-02  3.67919922e-01 -2.92724609e-01
    -6.32324219e-02  1.98974609e-01  5.00000000e-01 -5.46875000e-02]
   [-2.76611328e-01  4.84619141e-01 -3.41796875e-02 -6.29882812e-02
     1.67236328e-01 -6.49414062e-02  1.63330078e-01  1.94580078e-01
    -4.37500000e-01  6.93359375e-02  2.25341797e-01 -1.28173828e-01
    -7.05566406e-02  2.22167969e-01  2.74169922e-01 -4.37500000e-01]
   [ 1.26220703e-01  2.00195312e-01  2.44140625e-03  1.07421875e-02
     7.47070312e-02 -2.14843750e-02  2.48779297e-01  3.10546875e-01
    -3.52539062e-01  1.02294922e-01  1.14746094e-01  1.00097656e-02
    -5.81054688e-02  1.48925781e-02 -6.73828125e-02 -3.73291016e-01]
   [ 4.32128906e-02  2.14843750e-02  0.00000000e+00  0.00000000e+00
     1.07421875e-02  0.00000000e+00  9.49707031e-02  6.46972656e-02
    -5.39550781e-02  2.14843750e-02  2.14843750e-02  0.00000000e+00
    -1.07421875e-02  0.00000000e+00 -2.14843750e-02 -1.05712891e-01]
   [ 0.00000000e+00  0.00000000e+00  0.00000000e+00  0.00000000e+00
     0.00000000e+00  0.00000000e+00  6.25000000e-02  0.00000000e+00
     0.00000000e+00  0.00000000e+00  0.00000000e+00  0.00000000e+00
     0.00000000e+00  0.00000000e+00  0.00000000e+00 -6.25000000e-02]
   [ 0.00000000e+00  0.00000000e+00  0.00000000e+00  0.00000000e+00
     0.00000000e+00  0.00000000e+00  6.25000000e-02  0.00000000e+00
     0.00000000e+00  0.00000000e+00  0.00000000e+00  0.00000000e+00
     0.00000000e+00  0.00000000e+00  0.00000000e+00 -6.25000000e-02]
   [ 0.00000000e+00  0.00000000e+00  0.00000000e+00  0.00000000e+00
     0.00000000e+00  0.00000000e+00  6.25000000e-02  0.00000000e+00
     0.00000000e+00  0.00000000e+00  0.00000000e+00  0.00000000e+00
     0.00000000e+00  0.00000000e+00  0.00000000e+00 -6.25000000e-02]
   [ 0.00000000e+00  0.00000000e+00  0.00000000e+00  0.00000000e+00
     0.00000000e+00  0.00000000e+00  6.25000000e-02  0.00000000e+00
     0.00000000e+00  0.00000000e+00  0.00000000e+00  0.00000000e+00
     0.00000000e+00  0.00000000e+00  0.00000000e+00 -6.25000000e-02]
   [ 0.00000000e+00  0.00000000e+00  0.00000000e+00  0.00000000e+00
     0.00000000e+00  0.00000000e+00  6.25000000e-02  0.00000000e+00
     0.00000000e+00  0.00000000e+00  0.00000000e+00  0.00000000e+00
     0.00000000e+00  0.00000000e+00  0.00000000e+00 -6.25000000e-02]]

  [[ 0.00000000e+00  0.00000000e+00  0.00000000e+00  0.00000000e+00
     0.00000000e+00  0.00000000e+00  6.25000000e-02  0.00000000e+00
     0.00000000e+00  0.00000000e+00  0.00000000e+00  0.00000000e+00
     0.00000000e+00  0.00000000e+00  0.00000000e+00 -6.25000000e-02]
   [ 0.00000000e+00  0.00000000e+00  0.00000000e+00  0.00000000e+00
     0.00000000e+00  0.00000000e+00  6.25000000e-02  0.00000000e+00
     0.00000000e+00  0.00000000e+00  0.00000000e+00  0.00000000e+00
     0.00000000e+00  0.00000000e+00  0.00000000e+00 -6.25000000e-02]
   [ 0.00000000e+00  0.00000000e+00  0.00000000e+00  0.00000000e+00
     0.00000000e+00  0.00000000e+00  6.25000000e-02  0.00000000e+00
     0.00000000e+00  0.00000000e+00  0.00000000e+00  0.00000000e+00
     0.00000000e+00  0.00000000e+00  0.00000000e+00 -6.25000000e-02]
   [ 0.00000000e+00  0.00000000e+00  0.00000000e+00  0.00000000e+00
     0.00000000e+00  0.00000000e+00  6.25000000e-02  0.00000000e+00
     0.00000000e+00  0.00000000e+00  0.00000000e+00  0.00000000e+00
     0.00000000e+00  0.00000000e+00  0.00000000e+00 -6.25000000e-02]
   [ 0.00000000e+00  0.00000000e+00  0.00000000e+00  0.00000000e+00
     0.00000000e+00  0.00000000e+00  6.25000000e-02  0.00000000e+00
     0.00000000e+00  0.00000000e+00  0.00000000e+00  0.00000000e+00
     0.00000000e+00  0.00000000e+00  0.00000000e+00 -6.25000000e-02]
   [ 0.00000000e+00  0.00000000e+00  0.00000000e+00  0.00000000e+00
     0.00000000e+00  0.00000000e+00  6.25000000e-02  0.00000000e+00
     0.00000000e+00  0.00000000e+00  0.00000000e+00  0.00000000e+00
     0.00000000e+00  0.00000000e+00  0.00000000e+00 -6.25000000e-02]
   [ 0.00000000e+00  0.00000000e+00  0.00000000e+00  0.00000000e+00
     0.00000000e+00  0.00000000e+00  6.25000000e-02  0.00000000e+00
     0.00000000e+00  0.00000000e+00  0.00000000e+00  0.00000000e+00
     0.00000000e+00  0.00000000e+00  0.00000000e+00 -6.25000000e-02]
   [ 0.00000000e+00  0.00000000e+00  0.00000000e+00  0.00000000e+00
     0.00000000e+00  0.00000000e+00  6.25000000e-02  0.00000000e+00
     0.00000000e+00  0.00000000e+00  0.00000000e+00  0.00000000e+00
     0.00000000e+00  0.00000000e+00  0.00000000e+00 -6.25000000e-02]
   [ 0.00000000e+00  0.00000000e+00  0.00000000e+00  0.00000000e+00
     0.00000000e+00  0.00000000e+00  6.25000000e-02  0.00000000e+00
     0.00000000e+00  0.00000000e+00  0.00000000e+00  0.00000000e+00
     0.00000000e+00  0.00000000e+00  0.00000000e+00 -6.25000000e-02]
   [ 0.00000000e+00  0.00000000e+00  0.00000000e+00  0.00000000e+00
     0.00000000e+00  0.00000000e+00  6.25000000e-02  0.00000000e+00
     0.00000000e+00  0.00000000e+00  0.00000000e+00  0.00000000e+00
     0.00000000e+00  0.00000000e+00  0.00000000e+00 -6.25000000e-02]
   [ 0.00000000e+00  0.00000000e+00  0.00000000e+00  0.00000000e+00
     0.00000000e+00  0.00000000e+00  6.25000000e-02  0.00000000e+00
     0.00000000e+00  0.00000000e+00  0.00000000e+00  0.00000000e+00
     0.00000000e+00  0.00000000e+00  0.00000000e+00 -6.25000000e-02]
   [ 0.00000000e+00  0.00000000e+00  0.00000000e+00  0.00000000e+00
     0.00000000e+00  0.00000000e+00  6.25000000e-02  0.00000000e+00
     0.00000000e+00  0.00000000e+00  0.00000000e+00  0.00000000e+00
     0.00000000e+00  0.00000000e+00  0.00000000e+00 -6.25000000e-02]
   [ 0.00000000e+00  0.00000000e+00  0.00000000e+00  0.00000000e+00
     0.00000000e+00  0.00000000e+00  6.25000000e-02  0.00000000e+00
     0.00000000e+00  0.00000000e+00  0.00000000e+00  0.00000000e+00
     0.00000000e+00  0.00000000e+00  0.00000000e+00 -6.25000000e-02]
   [ 1.09863281e-02 -6.59179688e-03  2.19726562e-03  6.59179688e-03
     2.19726562e-03  2.19726562e-03  5.15136719e-02  0.00000000e+00
     4.39453125e-03  2.19726562e-03 -2.19726562e-03  0.00000000e+00
    -4.39453125e-03  4.39453125e-03 -8.78906250e-03 -6.46972656e-02]
   [ 1.99951172e-01 -3.48876953e-01  1.50146484e-01  1.58691406e-02
     6.68945312e-02  4.63867188e-02 -4.05273438e-02 -1.95312500e-02
     2.19238281e-01  5.76171875e-02  3.36914062e-02 -1.32080078e-01
     5.37109375e-03 -1.34033203e-01 -1.96777344e-01 -1.66015625e-02]
   [ 7.12890625e-02 -4.37500000e-01  7.69042969e-02  1.31835938e-02
     1.41601562e-01  1.56982422e-01 -5.63964844e-02 -4.37500000e-01
     4.22363281e-01  8.03222656e-02  2.44140625e-01 -2.71728516e-01
     1.70898438e-03 -3.19580078e-01 -1.68457031e-01  1.86279297e-01]
   [-4.20410156e-01 -8.42285156e-02 -1.59179688e-01 -9.81445312e-02
     1.72363281e-01  9.52148438e-02  2.44140625e-04 -4.37500000e-01
     1.06933594e-01  1.07177734e-01  4.18945312e-01 -4.20166016e-01
    -4.15039062e-03 -5.51757812e-02  3.08105469e-01  1.53076172e-01]
   [-3.48632812e-01  5.00000000e-01 -1.16943359e-01  9.27734375e-03
     1.67480469e-01 -3.90625000e-03  7.61718750e-02  6.07910156e-02
    -4.37500000e-01  1.40380859e-01  2.89550781e-01 -2.74414062e-01
    -9.03320312e-02  3.25195312e-01  3.86230469e-01 -3.44238281e-01]
   [-1.53808594e-02  3.52294922e-01  7.54394531e-02  6.71386719e-02
     1.21093750e-01 -2.78320312e-02  1.79199219e-01  3.51806641e-01
    -4.37500000e-01  2.22167969e-02  1.22070312e-01 -8.66699219e-02
     9.52148438e-03  1.33544922e-01  5.93261719e-02 -4.37500000e-01]
   [ 5.46875000e-02  3.51562500e-02  3.66210938e-03  3.66210938e-03
     1.63574219e-02  0.00000000e+00  1.06933594e-01  9.10644531e-02
    -8.08105469e-02  2.66113281e-02  2.90527344e-02 -1.22070312e-03
    -1.26953125e-02  2.44140625e-03 -2.66113281e-02 -1.28173828e-01]
   [ 0.00000000e+00  0.00000000e+00  0.00000000e+00  0.00000000e+00
     0.00000000e+00  0.00000000e+00  6.25000000e-02  0.00000000e+00
     0.00000000e+00  0.00000000e+00  0.00000000e+00  0.00000000e+00
     0.00000000e+00  0.00000000e+00  0.00000000e+00 -6.25000000e-02]
   [ 0.00000000e+00  0.00000000e+00  0.00000000e+00  0.00000000e+00
     0.00000000e+00  0.00000000e+00  6.25000000e-02  0.00000000e+00
     0.00000000e+00  0.00000000e+00  0.00000000e+00  0.00000000e+00
     0.00000000e+00  0.00000000e+00  0.00000000e+00 -6.25000000e-02]
   [ 0.00000000e+00  0.00000000e+00  0.00000000e+00  0.00000000e+00
     0.00000000e+00  0.00000000e+00  6.25000000e-02  0.00000000e+00
     0.00000000e+00  0.00000000e+00  0.00000000e+00  0.00000000e+00
     0.00000000e+00  0.00000000e+00  0.00000000e+00 -6.25000000e-02]
   [ 0.00000000e+00  0.00000000e+00  0.00000000e+00  0.00000000e+00
     0.00000000e+00  0.00000000e+00  6.25000000e-02  0.00000000e+00
     0.00000000e+00  0.00000000e+00  0.00000000e+00  0.00000000e+00
     0.00000000e+00  0.00000000e+00  0.00000000e+00 -6.25000000e-02]
   [ 0.00000000e+00  0.00000000e+00  0.00000000e+00  0.00000000e+00
     0.00000000e+00  0.00000000e+00  6.25000000e-02  0.00000000e+00
     0.00000000e+00  0.00000000e+00  0.00000000e+00  0.00000000e+00
     0.00000000e+00  0.00000000e+00  0.00000000e+00 -6.25000000e-02]
   [ 0.00000000e+00  0.00000000e+00  0.00000000e+00  0.00000000e+00
     0.00000000e+00  0.00000000e+00  6.25000000e-02  0.00000000e+00
     0.00000000e+00  0.00000000e+00  0.00000000e+00  0.00000000e+00
     0.00000000e+00  0.00000000e+00  0.00000000e+00 -6.25000000e-02]]

  [[ 0.00000000e+00  0.00000000e+00  0.00000000e+00  0.00000000e+00
     0.00000000e+00  0.00000000e+00  6.25000000e-02  0.00000000e+00
     0.00000000e+00  0.00000000e+00  0.00000000e+00  0.00000000e+00
     0.00000000e+00  0.00000000e+00  0.00000000e+00 -6.25000000e-02]
   [ 0.00000000e+00  0.00000000e+00  0.00000000e+00  0.00000000e+00
     0.00000000e+00  0.00000000e+00  6.25000000e-02  0.00000000e+00
     0.00000000e+00  0.00000000e+00  0.00000000e+00  0.00000000e+00
     0.00000000e+00  0.00000000e+00  0.00000000e+00 -6.25000000e-02]
   [ 0.00000000e+00  0.00000000e+00  0.00000000e+00  0.00000000e+00
     0.00000000e+00  0.00000000e+00  6.25000000e-02  0.00000000e+00
     0.00000000e+00  0.00000000e+00  0.00000000e+00  0.00000000e+00
     0.00000000e+00  0.00000000e+00  0.00000000e+00 -6.25000000e-02]
   [ 0.00000000e+00  0.00000000e+00  0.00000000e+00  0.00000000e+00
     0.00000000e+00  0.00000000e+00  6.25000000e-02  0.00000000e+00
     0.00000000e+00  0.00000000e+00  0.00000000e+00  0.00000000e+00
     0.00000000e+00  0.00000000e+00  0.00000000e+00 -6.25000000e-02]
   [ 0.00000000e+00  0.00000000e+00  0.00000000e+00  0.00000000e+00
     0.00000000e+00  0.00000000e+00  6.25000000e-02  0.00000000e+00
     0.00000000e+00  0.00000000e+00  0.00000000e+00  0.00000000e+00
     0.00000000e+00  0.00000000e+00  0.00000000e+00 -6.25000000e-02]
   [ 0.00000000e+00  0.00000000e+00  0.00000000e+00  0.00000000e+00
     0.00000000e+00  0.00000000e+00  6.25000000e-02  0.00000000e+00
     0.00000000e+00  0.00000000e+00  0.00000000e+00  0.00000000e+00
     0.00000000e+00  0.00000000e+00  0.00000000e+00 -6.25000000e-02]
   [ 0.00000000e+00  0.00000000e+00  0.00000000e+00  0.00000000e+00
     0.00000000e+00  0.00000000e+00  6.25000000e-02  0.00000000e+00
     0.00000000e+00  0.00000000e+00  0.00000000e+00  0.00000000e+00
     0.00000000e+00  0.00000000e+00  0.00000000e+00 -6.25000000e-02]
   [ 0.00000000e+00  0.00000000e+00  0.00000000e+00  0.00000000e+00
     0.00000000e+00  0.00000000e+00  6.25000000e-02  0.00000000e+00
     0.00000000e+00  0.00000000e+00  0.00000000e+00  0.00000000e+00
     0.00000000e+00  0.00000000e+00  0.00000000e+00 -6.25000000e-02]
   [ 0.00000000e+00  0.00000000e+00  0.00000000e+00  0.00000000e+00
     0.00000000e+00  0.00000000e+00  6.25000000e-02  0.00000000e+00
     0.00000000e+00  0.00000000e+00  0.00000000e+00  0.00000000e+00
     0.00000000e+00  0.00000000e+00  0.00000000e+00 -6.25000000e-02]
   [ 0.00000000e+00  0.00000000e+00  0.00000000e+00  0.00000000e+00
     0.00000000e+00  0.00000000e+00  6.25000000e-02  0.00000000e+00
     0.00000000e+00  0.00000000e+00  0.00000000e+00  0.00000000e+00
     0.00000000e+00  0.00000000e+00  0.00000000e+00 -6.25000000e-02]
   [ 0.00000000e+00  0.00000000e+00  0.00000000e+00  0.00000000e+00
     0.00000000e+00  0.00000000e+00  6.25000000e-02  0.00000000e+00
     0.00000000e+00  0.00000000e+00  0.00000000e+00  0.00000000e+00
     0.00000000e+00  0.00000000e+00  0.00000000e+00 -6.25000000e-02]
   [ 0.00000000e+00  0.00000000e+00  0.00000000e+00  0.00000000e+00
     0.00000000e+00  0.00000000e+00  6.25000000e-02  0.00000000e+00
     0.00000000e+00  0.00000000e+00  0.00000000e+00  0.00000000e+00
     0.00000000e+00  0.00000000e+00  0.00000000e+00 -6.25000000e-02]
   [ 0.00000000e+00  0.00000000e+00  0.00000000e+00  0.00000000e+00
     0.00000000e+00  0.00000000e+00  6.25000000e-02  0.00000000e+00
     0.00000000e+00  0.00000000e+00  0.00000000e+00  0.00000000e+00
     0.00000000e+00  0.00000000e+00  0.00000000e+00 -6.25000000e-02]
   [ 1.54296875e-01 -1.01318359e-01  3.51562500e-02  8.59375000e-02
     3.07617188e-02  2.85644531e-02 -8.30078125e-02  2.19726562e-03
     6.61621094e-02  3.51562500e-02 -2.63671875e-02 -1.31835938e-02
    -5.29785156e-02  4.85839844e-02 -1.25732422e-01 -8.88671875e-02]
   [ 2.66845703e-01 -4.37500000e-01  1.35009766e-01  3.73535156e-02
     1.23535156e-01  8.15429688e-02 -1.34765625e-01 -1.77734375e-01
     2.95898438e-01  3.90625000e-02  1.32812500e-01 -2.64160156e-01
     6.86035156e-02 -2.10937500e-01 -2.87353516e-01  7.39746094e-02]
   [-6.78710938e-02 -4.37500000e-01 -7.00683594e-02 -5.10253906e-02
     1.51855469e-01  1.43798828e-01 -1.12548828e-01 -4.37500000e-01
     3.76708984e-01  1.28417969e-01  3.55957031e-01 -4.37500000e-01
     2.17285156e-02 -1.94091797e-01  1.04980469e-02  3.01025391e-01]
   [-4.37500000e-01  2.55859375e-01 -1.71875000e-01 -2.46582031e-02
     1.75048828e-01  7.44628906e-02 -2.83203125e-02 -3.50830078e-01
    -1.80664062e-01  6.64062500e-02  3.64990234e-01 -3.32275391e-01
    -6.15234375e-02  2.14599609e-01  4.44091797e-01 -4.39453125e-02]
   [-1.95312500e-01  4.97802734e-01 -1.14746094e-02 -5.12695312e-03
     1.54785156e-01 -6.07910156e-02  1.19384766e-01  2.77587891e-01
    -4.37500000e-01  7.27539062e-02  1.99951172e-01 -1.98974609e-01
    -1.97753906e-02  2.63671875e-01  2.38037109e-01 -4.37500000e-01]
   [ 1.08642578e-01  1.50878906e-01  3.78417969e-02  3.90625000e-02
     6.00585938e-02 -2.44140625e-03  1.89453125e-01  2.70019531e-01
    -2.86132812e-01  5.24902344e-02  7.86132812e-02 -1.04980469e-02
    -2.12402344e-02  2.58789062e-02 -4.88281250e-02 -3.05175781e-01]
   [ 4.88281250e-03  2.44140625e-03  0.00000000e+00  0.00000000e+00
     1.22070312e-03  0.00000000e+00  6.61621094e-02  7.32421875e-03
    -6.10351562e-03  2.44140625e-03  2.44140625e-03  0.00000000e+00
    -1.22070312e-03  0.00000000e+00 -2.44140625e-03 -6.73828125e-02]
   [ 0.00000000e+00  0.00000000e+00  0.00000000e+00  0.00000000e+00
     0.00000000e+00  0.00000000e+00  6.25000000e-02  0.00000000e+00
     0.00000000e+00  0.00000000e+00  0.00000000e+00  0.00000000e+00
     0.00000000e+00  0.00000000e+00  0.00000000e+00 -6.25000000e-02]
   [ 0.00000000e+00  0.00000000e+00  0.00000000e+00  0.00000000e+00
     0.00000000e+00  0.00000000e+00  6.25000000e-02  0.00000000e+00
     0.00000000e+00  0.00000000e+00  0.00000000e+00  0.00000000e+00
     0.00000000e+00  0.00000000e+00  0.00000000e+00 -6.25000000e-02]
   [ 0.00000000e+00  0.00000000e+00  0.00000000e+00  0.00000000e+00
     0.00000000e+00  0.00000000e+00  6.25000000e-02  0.00000000e+00
     0.00000000e+00  0.00000000e+00  0.00000000e+00  0.00000000e+00
     0.00000000e+00  0.00000000e+00  0.00000000e+00 -6.25000000e-02]
   [ 0.00000000e+00  0.00000000e+00  0.00000000e+00  0.00000000e+00
     0.00000000e+00  0.00000000e+00  6.25000000e-02  0.00000000e+00
     0.00000000e+00  0.00000000e+00  0.00000000e+00  0.00000000e+00
     0.00000000e+00  0.00000000e+00  0.00000000e+00 -6.25000000e-02]
   [ 0.00000000e+00  0.00000000e+00  0.00000000e+00  0.00000000e+00
     0.00000000e+00  0.00000000e+00  6.25000000e-02  0.00000000e+00
     0.00000000e+00  0.00000000e+00  0.00000000e+00  0.00000000e+00
     0.00000000e+00  0.00000000e+00  0.00000000e+00 -6.25000000e-02]
   [ 0.00000000e+00  0.00000000e+00  0.00000000e+00  0.00000000e+00
     0.00000000e+00  0.00000000e+00  6.25000000e-02  0.00000000e+00
     0.00000000e+00  0.00000000e+00  0.00000000e+00  0.00000000e+00
     0.00000000e+00  0.00000000e+00  0.00000000e+00 -6.25000000e-02]]

  [[ 0.00000000e+00  0.00000000e+00  0.00000000e+00  0.00000000e+00
     0.00000000e+00  0.00000000e+00  6.25000000e-02  0.00000000e+00
     0.00000000e+00  0.00000000e+00  0.00000000e+00  0.00000000e+00
     0.00000000e+00  0.00000000e+00  0.00000000e+00 -6.25000000e-02]
   [ 0.00000000e+00  0.00000000e+00  0.00000000e+00  0.00000000e+00
     0.00000000e+00  0.00000000e+00  6.25000000e-02  0.00000000e+00
     0.00000000e+00  0.00000000e+00  0.00000000e+00  0.00000000e+00
     0.00000000e+00  0.00000000e+00  0.00000000e+00 -6.25000000e-02]
   [ 0.00000000e+00  0.00000000e+00  0.00000000e+00  0.00000000e+00
     0.00000000e+00  0.00000000e+00  6.25000000e-02  0.00000000e+00
     0.00000000e+00  0.00000000e+00  0.00000000e+00  0.00000000e+00
     0.00000000e+00  0.00000000e+00  0.00000000e+00 -6.25000000e-02]
   [ 0.00000000e+00  0.00000000e+00  0.00000000e+00  0.00000000e+00
     0.00000000e+00  0.00000000e+00  6.25000000e-02  0.00000000e+00
     0.00000000e+00  0.00000000e+00  0.00000000e+00  0.00000000e+00
     0.00000000e+00  0.00000000e+00  0.00000000e+00 -6.25000000e-02]
   [ 0.00000000e+00  0.00000000e+00  0.00000000e+00  0.00000000e+00
     0.00000000e+00  0.00000000e+00  6.25000000e-02  0.00000000e+00
     0.00000000e+00  0.00000000e+00  0.00000000e+00  0.00000000e+00
     0.00000000e+00  0.00000000e+00  0.00000000e+00 -6.25000000e-02]
   [ 0.00000000e+00  0.00000000e+00  0.00000000e+00  0.00000000e+00
     0.00000000e+00  0.00000000e+00  6.25000000e-02  0.00000000e+00
     0.00000000e+00  0.00000000e+00  0.00000000e+00  0.00000000e+00
     0.00000000e+00  0.00000000e+00  0.00000000e+00 -6.25000000e-02]
   [ 0.00000000e+00  0.00000000e+00  0.00000000e+00  0.00000000e+00
     0.00000000e+00  0.00000000e+00  6.25000000e-02  0.00000000e+00
     0.00000000e+00  0.00000000e+00  0.00000000e+00  0.00000000e+00
     0.00000000e+00  0.00000000e+00  0.00000000e+00 -6.25000000e-02]
   [ 0.00000000e+00  0.00000000e+00  0.00000000e+00  0.00000000e+00
     0.00000000e+00  0.00000000e+00  6.25000000e-02  0.00000000e+00
     0.00000000e+00  0.00000000e+00  0.00000000e+00  0.00000000e+00
     0.00000000e+00  0.00000000e+00  0.00000000e+00 -6.25000000e-02]
   [ 0.00000000e+00  0.00000000e+00  0.00000000e+00  0.00000000e+00
     0.00000000e+00  0.00000000e+00  6.25000000e-02  0.00000000e+00
     0.00000000e+00  0.00000000e+00  0.00000000e+00  0.00000000e+00
     0.00000000e+00  0.00000000e+00  0.00000000e+00 -6.25000000e-02]
   [ 0.00000000e+00  0.00000000e+00  0.00000000e+00  0.00000000e+00
     0.00000000e+00  0.00000000e+00  6.25000000e-02  0.00000000e+00
     0.00000000e+00  0.00000000e+00  0.00000000e+00  0.00000000e+00
     0.00000000e+00  0.00000000e+00  0.00000000e+00 -6.25000000e-02]
   [ 0.00000000e+00  0.00000000e+00  0.00000000e+00  0.00000000e+00
     0.00000000e+00  0.00000000e+00  6.25000000e-02  0.00000000e+00
     0.00000000e+00  0.00000000e+00  0.00000000e+00  0.00000000e+00
     0.00000000e+00  0.00000000e+00  0.00000000e+00 -6.25000000e-02]
   [ 0.00000000e+00  0.00000000e+00  0.00000000e+00  0.00000000e+00
     0.00000000e+00  0.00000000e+00  6.25000000e-02  0.00000000e+00
     0.00000000e+00  0.00000000e+00  0.00000000e+00  0.00000000e+00
     0.00000000e+00  0.00000000e+00  0.00000000e+00 -6.25000000e-02]
   [ 9.17968750e-02 -5.51757812e-02  1.83105469e-02  5.51757812e-02
     1.83105469e-02  1.83105469e-02 -2.92968750e-02  0.00000000e+00
     3.68652344e-02  1.83105469e-02 -1.83105469e-02  0.00000000e+00
    -3.68652344e-02  3.68652344e-02 -7.34863281e-02 -8.08105469e-02]
   [ 3.54003906e-01 -2.82226562e-01  5.63964844e-02  1.40625000e-01
     8.20312500e-02  3.51562500e-02 -2.08984375e-01 -4.93164062e-02
     1.56738281e-01  1.14501953e-01  3.93066406e-02 -2.47802734e-01
     3.29589844e-02 -3.19824219e-02 -3.25439453e-01 -3.95507812e-02]
   [ 1.97021484e-01 -4.37500000e-01  4.83398438e-02  7.27539062e-02
     1.58203125e-01  1.54541016e-01 -2.44140625e-01 -3.80615234e-01
     3.50830078e-01  6.32324219e-02  2.78076172e-01 -4.37500000e-01
     1.22314453e-01 -1.65283203e-01 -1.83837891e-01  2.65136719e-01]
   [-4.18212891e-01 -1.16699219e-01 -1.20605469e-01 -9.20410156e-02
     1.65771484e-01  1.14746094e-01 -1.20361328e-01 -4.37500000e-01
     1.70166016e-01  4.76074219e-02  4.00634766e-01 -4.37500000e-01
     5.41992188e-02  2.66113281e-02  3.64746094e-01  2.68554688e-01]
   [-3.82568359e-01  4.86816406e-01 -1.14257812e-01  1.97753906e-02
     1.54785156e-01 -4.15039062e-03  4.22363281e-02  2.44140625e-03
    -4.26513672e-01  1.14257812e-01  2.58789062e-01 -2.62451172e-01
    -8.00781250e-02  3.26904297e-01  3.97216797e-01 -3.11767578e-01]
   [-8.78906250e-03  3.42285156e-01  7.69042969e-02  6.32324219e-02
     1.19384766e-01 -2.83203125e-02  1.73095703e-01  3.49853516e-01
    -4.37500000e-01  1.66015625e-02  1.18896484e-01 -8.56933594e-02
     1.34277344e-02  1.30615234e-01  5.41992188e-02 -4.37500000e-01]
   [ 5.68847656e-02  2.83203125e-02  0.00000000e+00  0.00000000e+00
     1.41601562e-02  0.00000000e+00  1.05224609e-01  8.52050781e-02
    -7.10449219e-02  2.83203125e-02  2.83203125e-02  0.00000000e+00
    -1.41601562e-02  0.00000000e+00 -2.83203125e-02 -1.19384766e-01]
   [ 0.00000000e+00  0.00000000e+00  0.00000000e+00  0.00000000e+00
     0.00000000e+00  0.00000000e+00  6.25000000e-02  0.00000000e+00
     0.00000000e+00  0.00000000e+00  0.00000000e+00  0.00000000e+00
     0.00000000e+00  0.00000000e+00  0.00000000e+00 -6.25000000e-02]
   [ 0.00000000e+00  0.00000000e+00  0.00000000e+00  0.00000000e+00
     0.00000000e+00  0.00000000e+00  6.25000000e-02  0.00000000e+00
     0.00000000e+00  0.00000000e+00  0.00000000e+00  0.00000000e+00
     0.00000000e+00  0.00000000e+00  0.00000000e+00 -6.25000000e-02]
   [ 0.00000000e+00  0.00000000e+00  0.00000000e+00  0.00000000e+00
     0.00000000e+00  0.00000000e+00  6.25000000e-02  0.00000000e+00
     0.00000000e+00  0.00000000e+00  0.00000000e+00  0.00000000e+00
     0.00000000e+00  0.00000000e+00  0.00000000e+00 -6.25000000e-02]
   [ 0.00000000e+00  0.00000000e+00  0.00000000e+00  0.00000000e+00
     0.00000000e+00  0.00000000e+00  6.25000000e-02  0.00000000e+00
     0.00000000e+00  0.00000000e+00  0.00000000e+00  0.00000000e+00
     0.00000000e+00  0.00000000e+00  0.00000000e+00 -6.25000000e-02]
   [ 0.00000000e+00  0.00000000e+00  0.00000000e+00  0.00000000e+00
     0.00000000e+00  0.00000000e+00  6.25000000e-02  0.00000000e+00
     0.00000000e+00  0.00000000e+00  0.00000000e+00  0.00000000e+00
     0.00000000e+00  0.00000000e+00  0.00000000e+00 -6.25000000e-02]
   [ 0.00000000e+00  0.00000000e+00  0.00000000e+00  0.00000000e+00
     0.00000000e+00  0.00000000e+00  6.25000000e-02  0.00000000e+00
     0.00000000e+00  0.00000000e+00  0.00000000e+00  0.00000000e+00
     0.00000000e+00  0.00000000e+00  0.00000000e+00 -6.25000000e-02]
   [ 0.00000000e+00  0.00000000e+00  0.00000000e+00  0.00000000e+00
     0.00000000e+00  0.00000000e+00  6.25000000e-02  0.00000000e+00
     0.00000000e+00  0.00000000e+00  0.00000000e+00  0.00000000e+00
     0.00000000e+00  0.00000000e+00  0.00000000e+00 -6.25000000e-02]]

  [[ 0.00000000e+00  0.00000000e+00  0.00000000e+00  0.00000000e+00
     0.00000000e+00  0.00000000e+00  6.25000000e-02  0.00000000e+00
     0.00000000e+00  0.00000000e+00  0.00000000e+00  0.00000000e+00
     0.00000000e+00  0.00000000e+00  0.00000000e+00 -6.25000000e-02]
   [ 0.00000000e+00  0.00000000e+00  0.00000000e+00  0.00000000e+00
     0.00000000e+00  0.00000000e+00  6.25000000e-02  0.00000000e+00
     0.00000000e+00  0.00000000e+00  0.00000000e+00  0.00000000e+00
     0.00000000e+00  0.00000000e+00  0.00000000e+00 -6.25000000e-02]
   [ 0.00000000e+00  0.00000000e+00  0.00000000e+00  0.00000000e+00
     0.00000000e+00  0.00000000e+00  6.25000000e-02  0.00000000e+00
     0.00000000e+00  0.00000000e+00  0.00000000e+00  0.00000000e+00
     0.00000000e+00  0.00000000e+00  0.00000000e+00 -6.25000000e-02]
   [ 0.00000000e+00  0.00000000e+00  0.00000000e+00  0.00000000e+00
     0.00000000e+00  0.00000000e+00  6.25000000e-02  0.00000000e+00
     0.00000000e+00  0.00000000e+00  0.00000000e+00  0.00000000e+00
     0.00000000e+00  0.00000000e+00  0.00000000e+00 -6.25000000e-02]
   [ 0.00000000e+00  0.00000000e+00  0.00000000e+00  0.00000000e+00
     0.00000000e+00  0.00000000e+00  6.25000000e-02  0.00000000e+00
     0.00000000e+00  0.00000000e+00  0.00000000e+00  0.00000000e+00
     0.00000000e+00  0.00000000e+00  0.00000000e+00 -6.25000000e-02]
   [ 0.00000000e+00  0.00000000e+00  0.00000000e+00  0.00000000e+00
     0.00000000e+00  0.00000000e+00  6.25000000e-02  0.00000000e+00
     0.00000000e+00  0.00000000e+00  0.00000000e+00  0.00000000e+00
     0.00000000e+00  0.00000000e+00  0.00000000e+00 -6.25000000e-02]
   [ 0.00000000e+00  0.00000000e+00  0.00000000e+00  0.00000000e+00
     0.00000000e+00  0.00000000e+00  6.25000000e-02  0.00000000e+00
     0.00000000e+00  0.00000000e+00  0.00000000e+00  0.00000000e+00
     0.00000000e+00  0.00000000e+00  0.00000000e+00 -6.25000000e-02]
   [ 0.00000000e+00  0.00000000e+00  0.00000000e+00  0.00000000e+00
     0.00000000e+00  0.00000000e+00  6.25000000e-02  0.00000000e+00
     0.00000000e+00  0.00000000e+00  0.00000000e+00  0.00000000e+00
     0.00000000e+00  0.00000000e+00  0.00000000e+00 -6.25000000e-02]
   [ 0.00000000e+00  0.00000000e+00  0.00000000e+00  0.00000000e+00
     0.00000000e+00  0.00000000e+00  6.25000000e-02  0.00000000e+00
     0.00000000e+00  0.00000000e+00  0.00000000e+00  0.00000000e+00
     0.00000000e+00  0.00000000e+00  0.00000000e+00 -6.25000000e-02]
   [ 0.00000000e+00  0.00000000e+00  0.00000000e+00  0.00000000e+00
     0.00000000e+00  0.00000000e+00  6.25000000e-02  0.00000000e+00
     0.00000000e+00  0.00000000e+00  0.00000000e+00  0.00000000e+00
     0.00000000e+00  0.00000000e+00  0.00000000e+00 -6.25000000e-02]
   [ 0.00000000e+00  0.00000000e+00  0.00000000e+00  0.00000000e+00
     0.00000000e+00  0.00000000e+00  6.25000000e-02  0.00000000e+00
     0.00000000e+00  0.00000000e+00  0.00000000e+00  0.00000000e+00
     0.00000000e+00  0.00000000e+00  0.00000000e+00 -6.25000000e-02]
   [ 2.31933594e-02 -1.39160156e-02  4.63867188e-03  1.39160156e-02
     4.63867188e-03  4.63867188e-03  3.93066406e-02  0.00000000e+00
     9.27734375e-03  4.63867188e-03 -4.63867188e-03  0.00000000e+00
    -9.27734375e-03  9.27734375e-03 -1.85546875e-02 -6.71386719e-02]
   [ 2.84667969e-01 -2.26806641e-01  7.25097656e-02  1.21337891e-01
     5.88378906e-02  3.58886719e-02 -1.57958984e-01 -2.44140625e-04
     1.35986328e-01  9.10644531e-02 -8.05664062e-03 -1.28906250e-01
    -2.56347656e-02  7.32421875e-03 -2.48779297e-01 -7.51953125e-02]
   [ 2.99804688e-01 -4.37500000e-01  4.29687500e-02  1.18164062e-01
     1.33544922e-01  9.93652344e-02 -2.16552734e-01 -2.88818359e-01
     2.81005859e-01  1.12304688e-01  2.09228516e-01 -4.37500000e-01
     1.40625000e-01 -1.87255859e-01 -3.11523438e-01  1.51123047e-01]
   [-1.73583984e-01 -3.54736328e-01 -3.36914062e-02 -1.56250000e-02
     1.76269531e-01  1.67724609e-01 -2.27294922e-01 -4.37500000e-01
     3.11523438e-01  7.71484375e-02  3.84521484e-01 -4.37500000e-01
     8.37402344e-02 -2.66113281e-02  1.80664062e-01  3.43994141e-01]
   [-4.37500000e-01  2.96875000e-01 -1.24511719e-01 -3.90625000e-03
     1.81152344e-01  6.83593750e-02 -3.05175781e-02 -3.36181641e-01
    -2.16552734e-01  2.75878906e-02  3.40820312e-01 -3.30566406e-01
    -3.95507812e-02  2.32421875e-01  4.83886719e-01 -9.10644531e-02]
   [-1.80175781e-01  4.89746094e-01 -1.58691406e-02  3.41796875e-03
     1.47949219e-01 -6.12792969e-02  1.34765625e-01  2.75146484e-01
    -4.37500000e-01  8.30078125e-02  1.91650391e-01 -1.83105469e-01
    -2.49023438e-02  2.45849609e-01  2.16064453e-01 -4.37500000e-01]
   [ 1.08642578e-01  1.45019531e-01  4.19921875e-02  4.19921875e-02
     5.85937500e-02  0.00000000e+00  1.82373047e-01  2.67578125e-01
    -2.79052734e-01  4.71191406e-02  7.51953125e-02 -1.39160156e-02
    -1.68457031e-02  2.78320312e-02 -4.71191406e-02 -2.96875000e-01]
   [ 0.00000000e+00  0.00000000e+00  0.00000000e+00  0.00000000e+00
     0.00000000e+00  0.00000000e+00  6.25000000e-02  0.00000000e+00
     0.00000000e+00  0.00000000e+00  0.00000000e+00  0.00000000e+00
     0.00000000e+00  0.00000000e+00  0.00000000e+00 -6.25000000e-02]
   [ 0.00000000e+00  0.00000000e+00  0.00000000e+00  0.00000000e+00
     0.00000000e+00  0.00000000e+00  6.25000000e-02  0.00000000e+00
     0.00000000e+00  0.00000000e+00  0.00000000e+00  0.00000000e+00
     0.00000000e+00  0.00000000e+00  0.00000000e+00 -6.25000000e-02]
   [ 0.00000000e+00  0.00000000e+00  0.00000000e+00  0.00000000e+00
     0.00000000e+00  0.00000000e+00  6.25000000e-02  0.00000000e+00
     0.00000000e+00  0.00000000e+00  0.00000000e+00  0.00000000e+00
     0.00000000e+00  0.00000000e+00  0.00000000e+00 -6.25000000e-02]
   [ 0.00000000e+00  0.00000000e+00  0.00000000e+00  0.00000000e+00
     0.00000000e+00  0.00000000e+00  6.25000000e-02  0.00000000e+00
     0.00000000e+00  0.00000000e+00  0.00000000e+00  0.00000000e+00
     0.00000000e+00  0.00000000e+00  0.00000000e+00 -6.25000000e-02]
   [ 0.00000000e+00  0.00000000e+00  0.00000000e+00  0.00000000e+00
     0.00000000e+00  0.00000000e+00  6.25000000e-02  0.00000000e+00
     0.00000000e+00  0.00000000e+00  0.00000000e+00  0.00000000e+00
     0.00000000e+00  0.00000000e+00  0.00000000e+00 -6.25000000e-02]
   [ 0.00000000e+00  0.00000000e+00  0.00000000e+00  0.00000000e+00
     0.00000000e+00  0.00000000e+00  6.25000000e-02  0.00000000e+00
     0.00000000e+00  0.00000000e+00  0.00000000e+00  0.00000000e+00
     0.00000000e+00  0.00000000e+00  0.00000000e+00 -6.25000000e-02]
   [ 0.00000000e+00  0.00000000e+00  0.00000000e+00  0.00000000e+00
     0.00000000e+00  0.00000000e+00  6.25000000e-02  0.00000000e+00
     0.00000000e+00  0.00000000e+00  0.00000000e+00  0.00000000e+00
     0.00000000e+00  0.00000000e+00  0.00000000e+00 -6.25000000e-02]
   [ 0.00000000e+00  0.00000000e+00  0.00000000e+00  0.00000000e+00
     0.00000000e+00  0.00000000e+00  6.25000000e-02  0.00000000e+00
     0.00000000e+00  0.00000000e+00  0.00000000e+00  0.00000000e+00
     0.00000000e+00  0.00000000e+00  0.00000000e+00 -6.25000000e-02]]

  [[ 0.00000000e+00  0.00000000e+00  0.00000000e+00  0.00000000e+00
     0.00000000e+00  0.00000000e+00  6.25000000e-02  0.00000000e+00
     0.00000000e+00  0.00000000e+00  0.00000000e+00  0.00000000e+00
     0.00000000e+00  0.00000000e+00  0.00000000e+00 -6.25000000e-02]
   [ 0.00000000e+00  0.00000000e+00  0.00000000e+00  0.00000000e+00
     0.00000000e+00  0.00000000e+00  6.25000000e-02  0.00000000e+00
     0.00000000e+00  0.00000000e+00  0.00000000e+00  0.00000000e+00
     0.00000000e+00  0.00000000e+00  0.00000000e+00 -6.25000000e-02]
   [ 0.00000000e+00  0.00000000e+00  0.00000000e+00  0.00000000e+00
     0.00000000e+00  0.00000000e+00  6.25000000e-02  0.00000000e+00
     0.00000000e+00  0.00000000e+00  0.00000000e+00  0.00000000e+00
     0.00000000e+00  0.00000000e+00  0.00000000e+00 -6.25000000e-02]
   [ 0.00000000e+00  0.00000000e+00  0.00000000e+00  0.00000000e+00
     0.00000000e+00  0.00000000e+00  6.25000000e-02  0.00000000e+00
     0.00000000e+00  0.00000000e+00  0.00000000e+00  0.00000000e+00
     0.00000000e+00  0.00000000e+00  0.00000000e+00 -6.25000000e-02]
   [ 0.00000000e+00  0.00000000e+00  0.00000000e+00  0.00000000e+00
     0.00000000e+00  0.00000000e+00  6.25000000e-02  0.00000000e+00
     0.00000000e+00  0.00000000e+00  0.00000000e+00  0.00000000e+00
     0.00000000e+00  0.00000000e+00  0.00000000e+00 -6.25000000e-02]
   [ 0.00000000e+00  0.00000000e+00  0.00000000e+00  0.00000000e+00
     0.00000000e+00  0.00000000e+00  6.25000000e-02  0.00000000e+00
     0.00000000e+00  0.00000000e+00  0.00000000e+00  0.00000000e+00
     0.00000000e+00  0.00000000e+00  0.00000000e+00 -6.25000000e-02]
   [ 0.00000000e+00  0.00000000e+00  0.00000000e+00  0.00000000e+00
     0.00000000e+00  0.00000000e+00  6.25000000e-02  0.00000000e+00
     0.00000000e+00  0.00000000e+00  0.00000000e+00  0.00000000e+00
     0.00000000e+00  0.00000000e+00  0.00000000e+00 -6.25000000e-02]
   [ 0.00000000e+00  0.00000000e+00  0.00000000e+00  0.00000000e+00
     0.00000000e+00  0.00000000e+00  6.25000000e-02  0.00000000e+00
     0.00000000e+00  0.00000000e+00  0.00000000e+00  0.00000000e+00
     0.00000000e+00  0.00000000e+00  0.00000000e+00 -6.25000000e-02]
   [ 0.00000000e+00  0.00000000e+00  0.00000000e+00  0.00000000e+00
     0.00000000e+00  0.00000000e+00  6.25000000e-02  0.00000000e+00
     0.00000000e+00  0.00000000e+00  0.00000000e+00  0.00000000e+00
     0.00000000e+00  0.00000000e+00  0.00000000e+00 -6.25000000e-02]
   [ 0.00000000e+00  0.00000000e+00  0.00000000e+00  0.00000000e+00
     0.00000000e+00  0.00000000e+00  6.25000000e-02  0.00000000e+00
     0.00000000e+00  0.00000000e+00  0.00000000e+00  0.00000000e+00
     0.00000000e+00  0.00000000e+00  0.00000000e+00 -6.25000000e-02]
   [ 3.66210938e-03 -2.19726562e-03  7.32421875e-04  2.19726562e-03
     7.32421875e-04  7.32421875e-04  5.88378906e-02  0.00000000e+00
     1.46484375e-03  7.32421875e-04 -7.32421875e-04  0.00000000e+00
    -1.46484375e-03  1.46484375e-03 -2.92968750e-03 -6.32324219e-02]
   [ 2.50976562e-01 -1.66259766e-01  5.61523438e-02  1.37451172e-01
     5.05371094e-02  4.51660156e-02 -1.71386719e-01  1.70898438e-03
     1.07421875e-01  5.90820312e-02 -3.90625000e-02 -3.07617188e-02
    -7.95898438e-02  7.32421875e-02 -2.05810547e-01 -1.02294922e-01]
   [ 3.73779297e-01 -3.94775391e-01  2.22167969e-02  1.30615234e-01
     1.26464844e-01  5.41992188e-02 -2.43164062e-01 -2.11669922e-01
     2.11425781e-01  1.10351562e-01  1.65527344e-01 -4.37500000e-01
     1.46972656e-01 -1.47705078e-01 -3.81103516e-01  7.78808594e-02]
   [ 1.78222656e-02 -4.37500000e-01  0.00000000e+00 -1.70898438e-03
     1.77734375e-01  1.86035156e-01 -2.89062500e-01 -4.37500000e-01
     3.89160156e-01  8.61816406e-02  3.70117188e-01 -4.37500000e-01
     8.83789062e-02 -5.07812500e-02  4.66308594e-02  3.91357422e-01]
   [-4.37500000e-01  6.34765625e-02 -9.39941406e-02 -7.15332031e-02
     1.93603516e-01  8.69140625e-02 -3.17382812e-02 -4.37500000e-01
    -1.97753906e-02  3.78417969e-02  4.07714844e-01 -4.37500000e-01
     4.10156250e-02  6.27441406e-02  4.39453125e-01  7.98339844e-02]
   [-3.40332031e-01  4.90722656e-01 -8.17871094e-02  8.54492188e-03
     1.59179688e-01 -8.54492188e-03  1.18652344e-01  9.64355469e-02
    -4.37500000e-01  1.25244141e-01  2.58056641e-01 -2.13134766e-01
    -9.81445312e-02  2.91015625e-01  3.63281250e-01 -3.83544922e-01]
   [-1.46484375e-03  3.16894531e-01  6.61621094e-02  6.29882812e-02
     1.08154297e-01 -2.78320312e-02  1.97265625e-01  3.22753906e-01
    -4.37500000e-01  2.90527344e-02  1.07910156e-01 -5.02929688e-02
    -2.44140625e-03  9.64355469e-02  3.00292969e-02 -4.37500000e-01]
   [ 5.59082031e-02  2.78320312e-02  0.00000000e+00  0.00000000e+00
     1.39160156e-02  0.00000000e+00  1.04492188e-01  8.37402344e-02
    -6.98242188e-02  2.78320312e-02  2.78320312e-02  0.00000000e+00
    -1.39160156e-02  0.00000000e+00 -2.78320312e-02 -1.18408203e-01]
   [ 0.00000000e+00  0.00000000e+00  0.00000000e+00  0.00000000e+00
     0.00000000e+00  0.00000000e+00  6.25000000e-02  0.00000000e+00
     0.00000000e+00  0.00000000e+00  0.00000000e+00  0.00000000e+00
     0.00000000e+00  0.00000000e+00  0.00000000e+00 -6.25000000e-02]
   [ 0.00000000e+00  0.00000000e+00  0.00000000e+00  0.00000000e+00
     0.00000000e+00  0.00000000e+00  6.25000000e-02  0.00000000e+00
     0.00000000e+00  0.00000000e+00  0.00000000e+00  0.00000000e+00
     0.00000000e+00  0.00000000e+00  0.00000000e+00 -6.25000000e-02]
   [ 0.00000000e+00  0.00000000e+00  0.00000000e+00  0.00000000e+00
     0.00000000e+00  0.00000000e+00  6.25000000e-02  0.00000000e+00
     0.00000000e+00  0.00000000e+00  0.00000000e+00  0.00000000e+00
     0.00000000e+00  0.00000000e+00  0.00000000e+00 -6.25000000e-02]
   [ 0.00000000e+00  0.00000000e+00  0.00000000e+00  0.00000000e+00
     0.00000000e+00  0.00000000e+00  6.25000000e-02  0.00000000e+00
     0.00000000e+00  0.00000000e+00  0.00000000e+00  0.00000000e+00
     0.00000000e+00  0.00000000e+00  0.00000000e+00 -6.25000000e-02]
   [ 0.00000000e+00  0.00000000e+00  0.00000000e+00  0.00000000e+00
     0.00000000e+00  0.00000000e+00  6.25000000e-02  0.00000000e+00
     0.00000000e+00  0.00000000e+00  0.00000000e+00  0.00000000e+00
     0.00000000e+00  0.00000000e+00  0.00000000e+00 -6.25000000e-02]
   [ 0.00000000e+00  0.00000000e+00  0.00000000e+00  0.00000000e+00
     0.00000000e+00  0.00000000e+00  6.25000000e-02  0.00000000e+00
     0.00000000e+00  0.00000000e+00  0.00000000e+00  0.00000000e+00
     0.00000000e+00  0.00000000e+00  0.00000000e+00 -6.25000000e-02]
   [ 0.00000000e+00  0.00000000e+00  0.00000000e+00  0.00000000e+00
     0.00000000e+00  0.00000000e+00  6.25000000e-02  0.00000000e+00
     0.00000000e+00  0.00000000e+00  0.00000000e+00  0.00000000e+00
     0.00000000e+00  0.00000000e+00  0.00000000e+00 -6.25000000e-02]
   [ 0.00000000e+00  0.00000000e+00  0.00000000e+00  0.00000000e+00
     0.00000000e+00  0.00000000e+00  6.25000000e-02  0.00000000e+00
     0.00000000e+00  0.00000000e+00  0.00000000e+00  0.00000000e+00
     0.00000000e+00  0.00000000e+00  0.00000000e+00 -6.25000000e-02]]

  [[ 0.00000000e+00  0.00000000e+00  0.00000000e+00  0.00000000e+00
     0.00000000e+00  0.00000000e+00  6.25000000e-02  0.00000000e+00
     0.00000000e+00  0.00000000e+00  0.00000000e+00  0.00000000e+00
     0.00000000e+00  0.00000000e+00  0.00000000e+00 -6.25000000e-02]
   [ 0.00000000e+00  0.00000000e+00  0.00000000e+00  0.00000000e+00
     0.00000000e+00  0.00000000e+00  6.25000000e-02  0.00000000e+00
     0.00000000e+00  0.00000000e+00  0.00000000e+00  0.00000000e+00
     0.00000000e+00  0.00000000e+00  0.00000000e+00 -6.25000000e-02]
   [ 0.00000000e+00  0.00000000e+00  0.00000000e+00  0.00000000e+00
     0.00000000e+00  0.00000000e+00  6.25000000e-02  0.00000000e+00
     0.00000000e+00  0.00000000e+00  0.00000000e+00  0.00000000e+00
     0.00000000e+00  0.00000000e+00  0.00000000e+00 -6.25000000e-02]
   [ 0.00000000e+00  0.00000000e+00  0.00000000e+00  0.00000000e+00
     0.00000000e+00  0.00000000e+00  6.25000000e-02  0.00000000e+00
     0.00000000e+00  0.00000000e+00  0.00000000e+00  0.00000000e+00
     0.00000000e+00  0.00000000e+00  0.00000000e+00 -6.25000000e-02]
   [ 0.00000000e+00  0.00000000e+00  0.00000000e+00  0.00000000e+00
     0.00000000e+00  0.00000000e+00  6.25000000e-02  0.00000000e+00
     0.00000000e+00  0.00000000e+00  0.00000000e+00  0.00000000e+00
     0.00000000e+00  0.00000000e+00  0.00000000e+00 -6.25000000e-02]
   [ 0.00000000e+00  0.00000000e+00  0.00000000e+00  0.00000000e+00
     0.00000000e+00  0.00000000e+00  6.25000000e-02  0.00000000e+00
     0.00000000e+00  0.00000000e+00  0.00000000e+00  0.00000000e+00
     0.00000000e+00  0.00000000e+00  0.00000000e+00 -6.25000000e-02]
   [ 0.00000000e+00  0.00000000e+00  0.00000000e+00  0.00000000e+00
     0.00000000e+00  0.00000000e+00  6.25000000e-02  0.00000000e+00
     0.00000000e+00  0.00000000e+00  0.00000000e+00  0.00000000e+00
     0.00000000e+00  0.00000000e+00  0.00000000e+00 -6.25000000e-02]
   [ 0.00000000e+00  0.00000000e+00  0.00000000e+00  0.00000000e+00
     0.00000000e+00  0.00000000e+00  6.25000000e-02  0.00000000e+00
     0.00000000e+00  0.00000000e+00  0.00000000e+00  0.00000000e+00
     0.00000000e+00  0.00000000e+00  0.00000000e+00 -6.25000000e-02]
   [ 0.00000000e+00  0.00000000e+00  0.00000000e+00  0.00000000e+00
     0.00000000e+00  0.00000000e+00  6.25000000e-02  0.00000000e+00
     0.00000000e+00  0.00000000e+00  0.00000000e+00  0.00000000e+00
     0.00000000e+00  0.00000000e+00  0.00000000e+00 -6.25000000e-02]
   [ 0.00000000e+00  0.00000000e+00  0.00000000e+00  0.00000000e+00
     0.00000000e+00  0.00000000e+00  6.25000000e-02  0.00000000e+00
     0.00000000e+00  0.00000000e+00  0.00000000e+00  0.00000000e+00
     0.00000000e+00  0.00000000e+00  0.00000000e+00 -6.25000000e-02]
   [ 4.66308594e-02 -3.07617188e-02  1.07421875e-02  2.56347656e-02
     9.27734375e-03  8.54492188e-03  1.87988281e-02  7.32421875e-04
     2.00195312e-02  1.07421875e-02 -7.81250000e-03 -4.39453125e-03
    -1.56250000e-02  1.41601562e-02 -3.80859375e-02 -7.03125000e-02]
   [ 3.18359375e-01 -3.90380859e-01  1.37695312e-01  5.37109375e-02
     7.54394531e-02  2.31933594e-02 -8.64257812e-02 -3.66210938e-03
     2.24853516e-01  1.45507812e-01  6.05468750e-02 -3.13476562e-01
     8.22753906e-02 -1.68701172e-01 -3.10546875e-01 -5.85937500e-03]
   [ 1.24023438e-01 -4.37500000e-01  3.41796875e-02  1.43066406e-01
     1.38916016e-01  1.98730469e-01 -1.86279297e-01 -4.37500000e-01
     3.87939453e-01  1.21826172e-01  2.63427734e-01 -4.37500000e-01
     4.71191406e-02 -1.98486328e-01 -1.56250000e-01  2.45361328e-01]
   [-4.37500000e-01 -7.91015625e-02 -6.56738281e-02 -5.56640625e-02
     1.97753906e-01  1.05712891e-01 -1.26464844e-01 -4.37500000e-01
     1.09863281e-01  2.44140625e-02  4.13574219e-01 -4.37500000e-01
     1.09130859e-01  1.83105469e-02  3.84277344e-01  1.98242188e-01]
   [-4.37500000e-01  3.44238281e-01 -5.22460938e-02 -5.44433594e-02
     1.84570312e-01  5.56640625e-02  1.13281250e-01 -8.74023438e-02
    -3.23974609e-01  6.15234375e-02  3.28613281e-01 -2.26318359e-01
    -1.08398438e-01  2.29248047e-01  4.83154297e-01 -2.32666016e-01]
   [-1.48193359e-01  4.39208984e-01 -1.02539062e-02  2.68554688e-02
     1.26220703e-01 -6.42089844e-02  2.31689453e-01  2.41699219e-01
    -4.37500000e-01  9.22851562e-02  1.49414062e-01 -5.34667969e-02
    -5.61523438e-02  1.29150391e-01  1.18896484e-01 -4.37500000e-01]
   [ 1.19873047e-01  1.15722656e-01  2.56347656e-02  2.56347656e-02
     4.93164062e-02  0.00000000e+00  1.76025391e-01  2.44140625e-01
    -2.37792969e-01  5.56640625e-02  7.27539062e-02 -8.54492188e-03
    -2.36816406e-02  1.70898438e-02 -5.56640625e-02 -2.59765625e-01]
   [ 0.00000000e+00  0.00000000e+00  0.00000000e+00  0.00000000e+00
     0.00000000e+00  0.00000000e+00  6.25000000e-02  0.00000000e+00
     0.00000000e+00  0.00000000e+00  0.00000000e+00  0.00000000e+00
     0.00000000e+00  0.00000000e+00  0.00000000e+00 -6.25000000e-02]
   [ 0.00000000e+00  0.00000000e+00  0.00000000e+00  0.00000000e+00
     0.00000000e+00  0.00000000e+00  6.25000000e-02  0.00000000e+00
     0.00000000e+00  0.00000000e+00  0.00000000e+00  0.00000000e+00
     0.00000000e+00  0.00000000e+00  0.00000000e+00 -6.25000000e-02]
   [ 0.00000000e+00  0.00000000e+00  0.00000000e+00  0.00000000e+00
     0.00000000e+00  0.00000000e+00  6.25000000e-02  0.00000000e+00
     0.00000000e+00  0.00000000e+00  0.00000000e+00  0.00000000e+00
     0.00000000e+00  0.00000000e+00  0.00000000e+00 -6.25000000e-02]
   [ 0.00000000e+00  0.00000000e+00  0.00000000e+00  0.00000000e+00
     0.00000000e+00  0.00000000e+00  6.25000000e-02  0.00000000e+00
     0.00000000e+00  0.00000000e+00  0.00000000e+00  0.00000000e+00
     0.00000000e+00  0.00000000e+00  0.00000000e+00 -6.25000000e-02]
   [ 0.00000000e+00  0.00000000e+00  0.00000000e+00  0.00000000e+00
     0.00000000e+00  0.00000000e+00  6.25000000e-02  0.00000000e+00
     0.00000000e+00  0.00000000e+00  0.00000000e+00  0.00000000e+00
     0.00000000e+00  0.00000000e+00  0.00000000e+00 -6.25000000e-02]
   [ 0.00000000e+00  0.00000000e+00  0.00000000e+00  0.00000000e+00
     0.00000000e+00  0.00000000e+00  6.25000000e-02  0.00000000e+00
     0.00000000e+00  0.00000000e+00  0.00000000e+00  0.00000000e+00
     0.00000000e+00  0.00000000e+00  0.00000000e+00 -6.25000000e-02]
   [ 0.00000000e+00  0.00000000e+00  0.00000000e+00  0.00000000e+00
     0.00000000e+00  0.00000000e+00  6.25000000e-02  0.00000000e+00
     0.00000000e+00  0.00000000e+00  0.00000000e+00  0.00000000e+00
     0.00000000e+00  0.00000000e+00  0.00000000e+00 -6.25000000e-02]
   [ 0.00000000e+00  0.00000000e+00  0.00000000e+00  0.00000000e+00
     0.00000000e+00  0.00000000e+00  6.25000000e-02  0.00000000e+00
     0.00000000e+00  0.00000000e+00  0.00000000e+00  0.00000000e+00
     0.00000000e+00  0.00000000e+00  0.00000000e+00 -6.25000000e-02]
   [ 0.00000000e+00  0.00000000e+00  0.00000000e+00  0.00000000e+00
     0.00000000e+00  0.00000000e+00  6.25000000e-02  0.00000000e+00
     0.00000000e+00  0.00000000e+00  0.00000000e+00  0.00000000e+00
     0.00000000e+00  0.00000000e+00  0.00000000e+00 -6.25000000e-02]]

  [[ 0.00000000e+00  0.00000000e+00  0.00000000e+00  0.00000000e+00
     0.00000000e+00  0.00000000e+00  6.25000000e-02  0.00000000e+00
     0.00000000e+00  0.00000000e+00  0.00000000e+00  0.00000000e+00
     0.00000000e+00  0.00000000e+00  0.00000000e+00 -6.25000000e-02]
   [ 0.00000000e+00  0.00000000e+00  0.00000000e+00  0.00000000e+00
     0.00000000e+00  0.00000000e+00  6.25000000e-02  0.00000000e+00
     0.00000000e+00  0.00000000e+00  0.00000000e+00  0.00000000e+00
     0.00000000e+00  0.00000000e+00  0.00000000e+00 -6.25000000e-02]
   [ 0.00000000e+00  0.00000000e+00  0.00000000e+00  0.00000000e+00
     0.00000000e+00  0.00000000e+00  6.25000000e-02  0.00000000e+00
     0.00000000e+00  0.00000000e+00  0.00000000e+00  0.00000000e+00
     0.00000000e+00  0.00000000e+00  0.00000000e+00 -6.25000000e-02]
   [ 0.00000000e+00  0.00000000e+00  0.00000000e+00  0.00000000e+00
     0.00000000e+00  0.00000000e+00  6.25000000e-02  0.00000000e+00
     0.00000000e+00  0.00000000e+00  0.00000000e+00  0.00000000e+00
     0.00000000e+00  0.00000000e+00  0.00000000e+00 -6.25000000e-02]
   [ 0.00000000e+00  0.00000000e+00  0.00000000e+00  0.00000000e+00
     0.00000000e+00  0.00000000e+00  6.25000000e-02  0.00000000e+00
     0.00000000e+00  0.00000000e+00  0.00000000e+00  0.00000000e+00
     0.00000000e+00  0.00000000e+00  0.00000000e+00 -6.25000000e-02]
   [ 0.00000000e+00  0.00000000e+00  0.00000000e+00  0.00000000e+00
     0.00000000e+00  0.00000000e+00  6.25000000e-02  0.00000000e+00
     0.00000000e+00  0.00000000e+00  0.00000000e+00  0.00000000e+00
     0.00000000e+00  0.00000000e+00  0.00000000e+00 -6.25000000e-02]
   [ 0.00000000e+00  0.00000000e+00  0.00000000e+00  0.00000000e+00
     0.00000000e+00  0.00000000e+00  6.25000000e-02  0.00000000e+00
     0.00000000e+00  0.00000000e+00  0.00000000e+00  0.00000000e+00
     0.00000000e+00  0.00000000e+00  0.00000000e+00 -6.25000000e-02]
   [ 0.00000000e+00  0.00000000e+00  0.00000000e+00  0.00000000e+00
     0.00000000e+00  0.00000000e+00  6.25000000e-02  0.00000000e+00
     0.00000000e+00  0.00000000e+00  0.00000000e+00  0.00000000e+00
     0.00000000e+00  0.00000000e+00  0.00000000e+00 -6.25000000e-02]
   [ 0.00000000e+00  0.00000000e+00  0.00000000e+00  0.00000000e+00
     0.00000000e+00  0.00000000e+00  6.25000000e-02  0.00000000e+00
     0.00000000e+00  0.00000000e+00  0.00000000e+00  0.00000000e+00
     0.00000000e+00  0.00000000e+00  0.00000000e+00 -6.25000000e-02]
   [ 3.80859375e-02 -2.27050781e-02  7.56835938e-03  2.27050781e-02
     7.56835938e-03  7.56835938e-03  2.44140625e-02  0.00000000e+00
     1.51367188e-02  7.56835938e-03 -7.56835938e-03  0.00000000e+00
    -1.51367188e-02  1.51367188e-02 -3.02734375e-02 -7.00683594e-02]
   [ 2.94189453e-01 -1.90673828e-01  4.54101562e-02  1.57470703e-01
     6.32324219e-02  4.71191406e-02 -2.11181641e-01 -2.31933594e-02
     1.16210938e-01  7.05566406e-02 -2.05078125e-02 -8.25195312e-02
    -5.88378906e-02  6.68945312e-02 -2.49511719e-01 -8.98437500e-02]
   [ 2.54638672e-01 -4.37500000e-01  1.04003906e-01  2.61230469e-02
     1.65283203e-01  1.16699219e-01 -2.01171875e-01 -3.14697266e-01
     3.47412109e-01  1.02539062e-02  2.37792969e-01 -3.97216797e-01
     1.29150391e-01 -2.42431641e-01 -2.76367188e-01  1.92382812e-01]
   [-2.46093750e-01 -3.26904297e-01 -1.43066406e-01 -1.46728516e-01
     1.55273438e-01  1.15234375e-01 -8.61816406e-02 -4.37500000e-01
     3.26660156e-01  1.58203125e-01  4.35058594e-01 -4.37500000e-01
     4.66308594e-02 -1.23779297e-01  2.02880859e-01  3.62792969e-01]
   [-4.37500000e-01  2.47314453e-01 -3.80859375e-02 -7.03125000e-02
     1.94091797e-01  8.88671875e-02  1.27929688e-01 -2.05566406e-01
    -2.39013672e-01  4.76074219e-02  3.71826172e-01 -2.69042969e-01
    -8.81347656e-02  1.56005859e-01  5.00000000e-01 -1.50634766e-01]
   [-2.85644531e-01  4.66552734e-01 -2.19726562e-02  9.76562500e-04
     1.42578125e-01 -5.24902344e-02  2.41943359e-01  1.60156250e-01
    -4.37500000e-01  9.30175781e-02  1.81396484e-01 -4.71191406e-02
    -9.69238281e-02  1.51611328e-01  2.28271484e-01 -4.37500000e-01]
   [ 9.47265625e-02  2.00195312e-01  2.22167969e-02  3.05175781e-02
     7.27539062e-02 -1.70898438e-02  2.29248047e-01  2.88330078e-01
    -3.43750000e-01  7.61718750e-02  9.76562500e-02  5.37109375e-03
    -4.10156250e-02  2.19726562e-02 -5.00488281e-02 -3.68652344e-01]
   [ 3.44238281e-02  1.70898438e-02  0.00000000e+00  0.00000000e+00
     8.54492188e-03  0.00000000e+00  8.81347656e-02  5.15136719e-02
    -4.29687500e-02  1.70898438e-02  1.70898438e-02  0.00000000e+00
    -8.54492188e-03  0.00000000e+00 -1.70898438e-02 -9.69238281e-02]
   [ 0.00000000e+00  0.00000000e+00  0.00000000e+00  0.00000000e+00
     0.00000000e+00  0.00000000e+00  6.25000000e-02  0.00000000e+00
     0.00000000e+00  0.00000000e+00  0.00000000e+00  0.00000000e+00
     0.00000000e+00  0.00000000e+00  0.00000000e+00 -6.25000000e-02]
   [ 0.00000000e+00  0.00000000e+00  0.00000000e+00  0.00000000e+00
     0.00000000e+00  0.00000000e+00  6.25000000e-02  0.00000000e+00
     0.00000000e+00  0.00000000e+00  0.00000000e+00  0.00000000e+00
     0.00000000e+00  0.00000000e+00  0.00000000e+00 -6.25000000e-02]
   [ 0.00000000e+00  0.00000000e+00  0.00000000e+00  0.00000000e+00
     0.00000000e+00  0.00000000e+00  6.25000000e-02  0.00000000e+00
     0.00000000e+00  0.00000000e+00  0.00000000e+00  0.00000000e+00
     0.00000000e+00  0.00000000e+00  0.00000000e+00 -6.25000000e-02]
   [ 0.00000000e+00  0.00000000e+00  0.00000000e+00  0.00000000e+00
     0.00000000e+00  0.00000000e+00  6.25000000e-02  0.00000000e+00
     0.00000000e+00  0.00000000e+00  0.00000000e+00  0.00000000e+00
     0.00000000e+00  0.00000000e+00  0.00000000e+00 -6.25000000e-02]
   [ 0.00000000e+00  0.00000000e+00  0.00000000e+00  0.00000000e+00
     0.00000000e+00  0.00000000e+00  6.25000000e-02  0.00000000e+00
     0.00000000e+00  0.00000000e+00  0.00000000e+00  0.00000000e+00
     0.00000000e+00  0.00000000e+00  0.00000000e+00 -6.25000000e-02]
   [ 0.00000000e+00  0.00000000e+00  0.00000000e+00  0.00000000e+00
     0.00000000e+00  0.00000000e+00  6.25000000e-02  0.00000000e+00
     0.00000000e+00  0.00000000e+00  0.00000000e+00  0.00000000e+00
     0.00000000e+00  0.00000000e+00  0.00000000e+00 -6.25000000e-02]
   [ 0.00000000e+00  0.00000000e+00  0.00000000e+00  0.00000000e+00
     0.00000000e+00  0.00000000e+00  6.25000000e-02  0.00000000e+00
     0.00000000e+00  0.00000000e+00  0.00000000e+00  0.00000000e+00
     0.00000000e+00  0.00000000e+00  0.00000000e+00 -6.25000000e-02]
   [ 0.00000000e+00  0.00000000e+00  0.00000000e+00  0.00000000e+00
     0.00000000e+00  0.00000000e+00  6.25000000e-02  0.00000000e+00
     0.00000000e+00  0.00000000e+00  0.00000000e+00  0.00000000e+00
     0.00000000e+00  0.00000000e+00  0.00000000e+00 -6.25000000e-02]
   [ 0.00000000e+00  0.00000000e+00  0.00000000e+00  0.00000000e+00
     0.00000000e+00  0.00000000e+00  6.25000000e-02  0.00000000e+00
     0.00000000e+00  0.00000000e+00  0.00000000e+00  0.00000000e+00
     0.00000000e+00  0.00000000e+00  0.00000000e+00 -6.25000000e-02]]

  [[ 0.00000000e+00  0.00000000e+00  0.00000000e+00  0.00000000e+00
     0.00000000e+00  0.00000000e+00  6.25000000e-02  0.00000000e+00
     0.00000000e+00  0.00000000e+00  0.00000000e+00  0.00000000e+00
     0.00000000e+00  0.00000000e+00  0.00000000e+00 -6.25000000e-02]
   [ 0.00000000e+00  0.00000000e+00  0.00000000e+00  0.00000000e+00
     0.00000000e+00  0.00000000e+00  6.25000000e-02  0.00000000e+00
     0.00000000e+00  0.00000000e+00  0.00000000e+00  0.00000000e+00
     0.00000000e+00  0.00000000e+00  0.00000000e+00 -6.25000000e-02]
   [ 0.00000000e+00  0.00000000e+00  0.00000000e+00  0.00000000e+00
     0.00000000e+00  0.00000000e+00  6.25000000e-02  0.00000000e+00
     0.00000000e+00  0.00000000e+00  0.00000000e+00  0.00000000e+00
     0.00000000e+00  0.00000000e+00  0.00000000e+00 -6.25000000e-02]
   [ 0.00000000e+00  0.00000000e+00  0.00000000e+00  0.00000000e+00
     0.00000000e+00  0.00000000e+00  6.25000000e-02  0.00000000e+00
     0.00000000e+00  0.00000000e+00  0.00000000e+00  0.00000000e+00
     0.00000000e+00  0.00000000e+00  0.00000000e+00 -6.25000000e-02]
   [ 0.00000000e+00  0.00000000e+00  0.00000000e+00  0.00000000e+00
     0.00000000e+00  0.00000000e+00  6.25000000e-02  0.00000000e+00
     0.00000000e+00  0.00000000e+00  0.00000000e+00  0.00000000e+00
     0.00000000e+00  0.00000000e+00  0.00000000e+00 -6.25000000e-02]
   [ 0.00000000e+00  0.00000000e+00  0.00000000e+00  0.00000000e+00
     0.00000000e+00  0.00000000e+00  6.25000000e-02  0.00000000e+00
     0.00000000e+00  0.00000000e+00  0.00000000e+00  0.00000000e+00
     0.00000000e+00  0.00000000e+00  0.00000000e+00 -6.25000000e-02]
   [ 0.00000000e+00  0.00000000e+00  0.00000000e+00  0.00000000e+00
     0.00000000e+00  0.00000000e+00  6.25000000e-02  0.00000000e+00
     0.00000000e+00  0.00000000e+00  0.00000000e+00  0.00000000e+00
     0.00000000e+00  0.00000000e+00  0.00000000e+00 -6.25000000e-02]
   [ 0.00000000e+00  0.00000000e+00  0.00000000e+00  0.00000000e+00
     0.00000000e+00  0.00000000e+00  6.25000000e-02  0.00000000e+00
     0.00000000e+00  0.00000000e+00  0.00000000e+00  0.00000000e+00
     0.00000000e+00  0.00000000e+00  0.00000000e+00 -6.25000000e-02]
   [ 0.00000000e+00  0.00000000e+00  0.00000000e+00  0.00000000e+00
     0.00000000e+00  0.00000000e+00  6.25000000e-02  0.00000000e+00
     0.00000000e+00  0.00000000e+00  0.00000000e+00  0.00000000e+00
     0.00000000e+00  0.00000000e+00  0.00000000e+00 -6.25000000e-02]
   [ 1.63085938e-01 -1.28173828e-01  4.78515625e-02  7.51953125e-02
     3.27148438e-02  2.51464844e-02 -7.03125000e-02  7.56835938e-03
     8.03222656e-02  4.78515625e-02 -1.75781250e-02 -4.56542969e-02
    -3.49121094e-02  1.95312500e-02 -1.37939453e-01 -8.00781250e-02]
   [ 3.49121094e-01 -3.87939453e-01  6.20117188e-02  1.14746094e-01
     9.66796875e-02  4.10156250e-02 -1.66015625e-01 -1.25976562e-01
     2.14111328e-01  1.57470703e-01  1.22070312e-01 -4.20654297e-01
     1.26708984e-01 -1.59912109e-01 -3.51318359e-01  4.39453125e-02]
   [ 5.10253906e-02 -4.37500000e-01  5.49316406e-02  9.44824219e-02
     1.72119141e-01  2.15820312e-01 -2.74414062e-01 -4.37500000e-01
     3.98193359e-01  7.49511719e-02  3.15917969e-01 -4.37500000e-01
     6.71386719e-02 -9.66796875e-02 -2.58789062e-02  3.22998047e-01]
   [-4.37500000e-01  8.71582031e-02 -1.39648438e-01 -5.85937500e-03
     2.01416016e-01  1.09130859e-01 -1.64550781e-01 -4.37500000e-01
     2.19726562e-03 -1.48925781e-02  3.80859375e-01 -4.10888672e-01
     1.22070312e-03  1.52832031e-01  4.40673828e-01  9.76562500e-02]
   [-3.08349609e-01  4.90234375e-01 -8.42285156e-02 -5.90820312e-02
     1.90185547e-01 -3.05175781e-02  6.56738281e-02  1.19384766e-01
    -4.37500000e-01  7.17773438e-02  2.93701172e-01 -2.35107422e-01
    -6.78710938e-02  3.06640625e-01  3.51562500e-01 -3.56933594e-01]
   [ 6.34765625e-02  2.87841797e-01  8.78906250e-03  3.17382812e-03
     1.02783203e-01 -3.73535156e-02  2.14355469e-01  3.35693359e-01
    -4.23828125e-01  8.47167969e-02  1.40625000e-01 -4.80957031e-02
    -3.75976562e-02  8.25195312e-02 -9.76562500e-04 -4.10888672e-01]
   [ 7.42187500e-02  3.88183594e-02  7.32421875e-04  7.32421875e-04
     1.90429688e-02  0.00000000e+00  1.18896484e-01  1.13281250e-01
    -9.54589844e-02  3.71093750e-02  3.75976562e-02 -2.44140625e-04
    -1.83105469e-02  4.88281250e-04 -3.71093750e-02 -1.38916016e-01]
   [ 0.00000000e+00  0.00000000e+00  0.00000000e+00  0.00000000e+00
     0.00000000e+00  0.00000000e+00  6.25000000e-02  0.00000000e+00
     0.00000000e+00  0.00000000e+00  0.00000000e+00  0.00000000e+00
     0.00000000e+00  0.00000000e+00  0.00000000e+00 -6.25000000e-02]
   [ 0.00000000e+00  0.00000000e+00  0.00000000e+00  0.00000000e+00
     0.00000000e+00  0.00000000e+00  6.25000000e-02  0.00000000e+00
     0.00000000e+00  0.00000000e+00  0.00000000e+00  0.00000000e+00
     0.00000000e+00  0.00000000e+00  0.00000000e+00 -6.25000000e-02]
   [ 0.00000000e+00  0.00000000e+00  0.00000000e+00  0.00000000e+00
     0.00000000e+00  0.00000000e+00  6.25000000e-02  0.00000000e+00
     0.00000000e+00  0.00000000e+00  0.00000000e+00  0.00000000e+00
     0.00000000e+00  0.00000000e+00  0.00000000e+00 -6.25000000e-02]
   [ 0.00000000e+00  0.00000000e+00  0.00000000e+00  0.00000000e+00
     0.00000000e+00  0.00000000e+00  6.25000000e-02  0.00000000e+00
     0.00000000e+00  0.00000000e+00  0.00000000e+00  0.00000000e+00
     0.00000000e+00  0.00000000e+00  0.00000000e+00 -6.25000000e-02]
   [ 0.00000000e+00  0.00000000e+00  0.00000000e+00  0.00000000e+00
     0.00000000e+00  0.00000000e+00  6.25000000e-02  0.00000000e+00
     0.00000000e+00  0.00000000e+00  0.00000000e+00  0.00000000e+00
     0.00000000e+00  0.00000000e+00  0.00000000e+00 -6.25000000e-02]
   [ 0.00000000e+00  0.00000000e+00  0.00000000e+00  0.00000000e+00
     0.00000000e+00  0.00000000e+00  6.25000000e-02  0.00000000e+00
     0.00000000e+00  0.00000000e+00  0.00000000e+00  0.00000000e+00
     0.00000000e+00  0.00000000e+00  0.00000000e+00 -6.25000000e-02]
   [ 0.00000000e+00  0.00000000e+00  0.00000000e+00  0.00000000e+00
     0.00000000e+00  0.00000000e+00  6.25000000e-02  0.00000000e+00
     0.00000000e+00  0.00000000e+00  0.00000000e+00  0.00000000e+00
     0.00000000e+00  0.00000000e+00  0.00000000e+00 -6.25000000e-02]
   [ 0.00000000e+00  0.00000000e+00  0.00000000e+00  0.00000000e+00
     0.00000000e+00  0.00000000e+00  6.25000000e-02  0.00000000e+00
     0.00000000e+00  0.00000000e+00  0.00000000e+00  0.00000000e+00
     0.00000000e+00  0.00000000e+00  0.00000000e+00 -6.25000000e-02]
   [ 0.00000000e+00  0.00000000e+00  0.00000000e+00  0.00000000e+00
     0.00000000e+00  0.00000000e+00  6.25000000e-02  0.00000000e+00
     0.00000000e+00  0.00000000e+00  0.00000000e+00  0.00000000e+00
     0.00000000e+00  0.00000000e+00  0.00000000e+00 -6.25000000e-02]
   [ 0.00000000e+00  0.00000000e+00  0.00000000e+00  0.00000000e+00
     0.00000000e+00  0.00000000e+00  6.25000000e-02  0.00000000e+00
     0.00000000e+00  0.00000000e+00  0.00000000e+00  0.00000000e+00
     0.00000000e+00  0.00000000e+00  0.00000000e+00 -6.25000000e-02]]

  [[ 0.00000000e+00  0.00000000e+00  0.00000000e+00  0.00000000e+00
     0.00000000e+00  0.00000000e+00  6.25000000e-02  0.00000000e+00
     0.00000000e+00  0.00000000e+00  0.00000000e+00  0.00000000e+00
     0.00000000e+00  0.00000000e+00  0.00000000e+00 -6.25000000e-02]
   [ 0.00000000e+00  0.00000000e+00  0.00000000e+00  0.00000000e+00
     0.00000000e+00  0.00000000e+00  6.25000000e-02  0.00000000e+00
     0.00000000e+00  0.00000000e+00  0.00000000e+00  0.00000000e+00
     0.00000000e+00  0.00000000e+00  0.00000000e+00 -6.25000000e-02]
   [ 0.00000000e+00  0.00000000e+00  0.00000000e+00  0.00000000e+00
     0.00000000e+00  0.00000000e+00  6.25000000e-02  0.00000000e+00
     0.00000000e+00  0.00000000e+00  0.00000000e+00  0.00000000e+00
     0.00000000e+00  0.00000000e+00  0.00000000e+00 -6.25000000e-02]
   [ 0.00000000e+00  0.00000000e+00  0.00000000e+00  0.00000000e+00
     0.00000000e+00  0.00000000e+00  6.25000000e-02  0.00000000e+00
     0.00000000e+00  0.00000000e+00  0.00000000e+00  0.00000000e+00
     0.00000000e+00  0.00000000e+00  0.00000000e+00 -6.25000000e-02]
   [ 0.00000000e+00  0.00000000e+00  0.00000000e+00  0.00000000e+00
     0.00000000e+00  0.00000000e+00  6.25000000e-02  0.00000000e+00
     0.00000000e+00  0.00000000e+00  0.00000000e+00  0.00000000e+00
     0.00000000e+00  0.00000000e+00  0.00000000e+00 -6.25000000e-02]
   [ 0.00000000e+00  0.00000000e+00  0.00000000e+00  0.00000000e+00
     0.00000000e+00  0.00000000e+00  6.25000000e-02  0.00000000e+00
     0.00000000e+00  0.00000000e+00  0.00000000e+00  0.00000000e+00
     0.00000000e+00  0.00000000e+00  0.00000000e+00 -6.25000000e-02]
   [ 0.00000000e+00  0.00000000e+00  0.00000000e+00  0.00000000e+00
     0.00000000e+00  0.00000000e+00  6.25000000e-02  0.00000000e+00
     0.00000000e+00  0.00000000e+00  0.00000000e+00  0.00000000e+00
     0.00000000e+00  0.00000000e+00  0.00000000e+00 -6.25000000e-02]
   [ 0.00000000e+00  0.00000000e+00  0.00000000e+00  0.00000000e+00
     0.00000000e+00  0.00000000e+00  6.25000000e-02  0.00000000e+00
     0.00000000e+00  0.00000000e+00  0.00000000e+00  0.00000000e+00
     0.00000000e+00  0.00000000e+00  0.00000000e+00 -6.25000000e-02]
   [ 7.47070312e-02 -4.49218750e-02  1.48925781e-02  4.49218750e-02
     1.48925781e-02  1.48925781e-02 -1.22070312e-02  0.00000000e+00
     2.97851562e-02  1.48925781e-02 -1.48925781e-02  0.00000000e+00
    -2.97851562e-02  2.97851562e-02 -5.98144531e-02 -7.73925781e-02]
   [ 3.11279297e-01 -3.16650391e-01  8.74023438e-02  1.02294922e-01
     8.17871094e-02  4.17480469e-02 -1.63330078e-01 -4.98046875e-02
     1.84326172e-01  9.42382812e-02  4.32128906e-02 -2.17285156e-01
     2.63671875e-02 -6.98242188e-02 -2.92236328e-01 -2.66113281e-02]
   [ 1.63818359e-01 -4.37500000e-01  5.12695312e-02  5.85937500e-02
     1.58691406e-01  1.59912109e-01 -2.05810547e-01 -4.23095703e-01
     3.82812500e-01  7.27539062e-02  2.73193359e-01 -4.36035156e-01
     7.51953125e-02 -2.02880859e-01 -1.81640625e-01  2.46337891e-01]
   [-1.76025391e-01 -3.07861328e-01 -5.95703125e-02  1.22070312e-03
     2.24121094e-01  1.39160156e-01 -2.66113281e-01 -4.37500000e-01
     2.67333984e-01  1.47216797e-01  4.05029297e-01 -4.37500000e-01
     1.14746094e-02  2.92968750e-03  1.36230469e-01  2.15576172e-01]
   [-2.65136719e-01  4.39941406e-01 -2.50976562e-01  1.64550781e-01
     2.20214844e-01  5.63964844e-02 -1.64794922e-01 -2.40478516e-01
    -4.22119141e-01  1.59667969e-01  3.99658203e-01 -4.37500000e-01
    -2.34375000e-02  3.62548828e-01  2.84423828e-01 -2.13134766e-01]
   [-8.54492188e-02  5.00000000e-01  1.09863281e-02  5.37109375e-02
     1.87011719e-01 -3.05175781e-02 -9.03320312e-02  3.57421875e-01
    -4.37500000e-01 -2.68554688e-03  2.40478516e-01 -4.13818359e-01
     1.01806641e-01  4.16748047e-01  2.49755859e-01 -3.42041016e-01]
   [ 6.10351562e-02  1.20605469e-01  3.73535156e-02  1.22070312e-02
     5.34667969e-02 -4.88281250e-04  7.12890625e-02  2.06542969e-01
    -1.91894531e-01  6.10351562e-03  6.93359375e-02 -8.83789062e-02
     2.19726562e-02  8.86230469e-02  2.02636719e-02 -1.75781250e-01]
   [ 9.76562500e-04  4.88281250e-04  0.00000000e+00  0.00000000e+00
     2.44140625e-04  0.00000000e+00  6.32324219e-02  1.46484375e-03
    -1.22070312e-03  4.88281250e-04  4.88281250e-04  0.00000000e+00
    -2.44140625e-04  0.00000000e+00 -4.88281250e-04 -6.34765625e-02]
   [ 0.00000000e+00  0.00000000e+00  0.00000000e+00  0.00000000e+00
     0.00000000e+00  0.00000000e+00  6.25000000e-02  0.00000000e+00
     0.00000000e+00  0.00000000e+00  0.00000000e+00  0.00000000e+00
     0.00000000e+00  0.00000000e+00  0.00000000e+00 -6.25000000e-02]
   [ 0.00000000e+00  0.00000000e+00  0.00000000e+00  0.00000000e+00
     0.00000000e+00  0.00000000e+00  6.25000000e-02  0.00000000e+00
     0.00000000e+00  0.00000000e+00  0.00000000e+00  0.00000000e+00
     0.00000000e+00  0.00000000e+00  0.00000000e+00 -6.25000000e-02]
   [ 0.00000000e+00  0.00000000e+00  0.00000000e+00  0.00000000e+00
     0.00000000e+00  0.00000000e+00  6.25000000e-02  0.00000000e+00
     0.00000000e+00  0.00000000e+00  0.00000000e+00  0.00000000e+00
     0.00000000e+00  0.00000000e+00  0.00000000e+00 -6.25000000e-02]
   [ 0.00000000e+00  0.00000000e+00  0.00000000e+00  0.00000000e+00
     0.00000000e+00  0.00000000e+00  6.25000000e-02  0.00000000e+00
     0.00000000e+00  0.00000000e+00  0.00000000e+00  0.00000000e+00
     0.00000000e+00  0.00000000e+00  0.00000000e+00 -6.25000000e-02]
   [ 0.00000000e+00  0.00000000e+00  0.00000000e+00  0.00000000e+00
     0.00000000e+00  0.00000000e+00  6.25000000e-02  0.00000000e+00
     0.00000000e+00  0.00000000e+00  0.00000000e+00  0.00000000e+00
     0.00000000e+00  0.00000000e+00  0.00000000e+00 -6.25000000e-02]
   [ 0.00000000e+00  0.00000000e+00  0.00000000e+00  0.00000000e+00
     0.00000000e+00  0.00000000e+00  6.25000000e-02  0.00000000e+00
     0.00000000e+00  0.00000000e+00  0.00000000e+00  0.00000000e+00
     0.00000000e+00  0.00000000e+00  0.00000000e+00 -6.25000000e-02]
   [ 0.00000000e+00  0.00000000e+00  0.00000000e+00  0.00000000e+00
     0.00000000e+00  0.00000000e+00  6.25000000e-02  0.00000000e+00
     0.00000000e+00  0.00000000e+00  0.00000000e+00  0.00000000e+00
     0.00000000e+00  0.00000000e+00  0.00000000e+00 -6.25000000e-02]
   [ 0.00000000e+00  0.00000000e+00  0.00000000e+00  0.00000000e+00
     0.00000000e+00  0.00000000e+00  6.25000000e-02  0.00000000e+00
     0.00000000e+00  0.00000000e+00  0.00000000e+00  0.00000000e+00
     0.00000000e+00  0.00000000e+00  0.00000000e+00 -6.25000000e-02]
   [ 0.00000000e+00  0.00000000e+00  0.00000000e+00  0.00000000e+00
     0.00000000e+00  0.00000000e+00  6.25000000e-02  0.00000000e+00
     0.00000000e+00  0.00000000e+00  0.00000000e+00  0.00000000e+00
     0.00000000e+00  0.00000000e+00  0.00000000e+00 -6.25000000e-02]
   [ 0.00000000e+00  0.00000000e+00  0.00000000e+00  0.00000000e+00
     0.00000000e+00  0.00000000e+00  6.25000000e-02  0.00000000e+00
     0.00000000e+00  0.00000000e+00  0.00000000e+00  0.00000000e+00
     0.00000000e+00  0.00000000e+00  0.00000000e+00 -6.25000000e-02]]

  [[ 0.00000000e+00  0.00000000e+00  0.00000000e+00  0.00000000e+00
     0.00000000e+00  0.00000000e+00  6.25000000e-02  0.00000000e+00
     0.00000000e+00  0.00000000e+00  0.00000000e+00  0.00000000e+00
     0.00000000e+00  0.00000000e+00  0.00000000e+00 -6.25000000e-02]
   [ 0.00000000e+00  0.00000000e+00  0.00000000e+00  0.00000000e+00
     0.00000000e+00  0.00000000e+00  6.25000000e-02  0.00000000e+00
     0.00000000e+00  0.00000000e+00  0.00000000e+00  0.00000000e+00
     0.00000000e+00  0.00000000e+00  0.00000000e+00 -6.25000000e-02]
   [ 0.00000000e+00  0.00000000e+00  0.00000000e+00  0.00000000e+00
     0.00000000e+00  0.00000000e+00  6.25000000e-02  0.00000000e+00
     0.00000000e+00  0.00000000e+00  0.00000000e+00  0.00000000e+00
     0.00000000e+00  0.00000000e+00  0.00000000e+00 -6.25000000e-02]
   [ 0.00000000e+00  0.00000000e+00  0.00000000e+00  0.00000000e+00
     0.00000000e+00  0.00000000e+00  6.25000000e-02  0.00000000e+00
     0.00000000e+00  0.00000000e+00  0.00000000e+00  0.00000000e+00
     0.00000000e+00  0.00000000e+00  0.00000000e+00 -6.25000000e-02]
   [ 0.00000000e+00  0.00000000e+00  0.00000000e+00  0.00000000e+00
     0.00000000e+00  0.00000000e+00  6.25000000e-02  0.00000000e+00
     0.00000000e+00  0.00000000e+00  0.00000000e+00  0.00000000e+00
     0.00000000e+00  0.00000000e+00  0.00000000e+00 -6.25000000e-02]
   [ 0.00000000e+00  0.00000000e+00  0.00000000e+00  0.00000000e+00
     0.00000000e+00  0.00000000e+00  6.25000000e-02  0.00000000e+00
     0.00000000e+00  0.00000000e+00  0.00000000e+00  0.00000000e+00
     0.00000000e+00  0.00000000e+00  0.00000000e+00 -6.25000000e-02]
   [ 0.00000000e+00  0.00000000e+00  0.00000000e+00  0.00000000e+00
     0.00000000e+00  0.00000000e+00  6.25000000e-02  0.00000000e+00
     0.00000000e+00  0.00000000e+00  0.00000000e+00  0.00000000e+00
     0.00000000e+00  0.00000000e+00  0.00000000e+00 -6.25000000e-02]
   [ 0.00000000e+00  0.00000000e+00  0.00000000e+00  0.00000000e+00
     0.00000000e+00  0.00000000e+00  6.25000000e-02  0.00000000e+00
     0.00000000e+00  0.00000000e+00  0.00000000e+00  0.00000000e+00
     0.00000000e+00  0.00000000e+00  0.00000000e+00 -6.25000000e-02]
   [ 1.48193359e-01 -1.48681641e-01  5.93261719e-02  4.39453125e-02
     2.95410156e-02  1.46484375e-02 -2.58789062e-02  1.48925781e-02
     8.91113281e-02  5.93261719e-02  2.44140625e-04 -8.95996094e-02
     4.88281250e-04 -3.02734375e-02 -1.33544922e-01 -6.22558594e-02]
   [ 2.24853516e-01 -4.37500000e-01  1.45263672e-01  4.46777344e-02
     1.09619141e-01  9.79003906e-02 -7.95898438e-02 -2.02148438e-01
     3.29101562e-01  9.54589844e-02  1.48437500e-01 -3.26416016e-01
     7.71484375e-02 -2.55126953e-01 -2.54394531e-01  1.03515625e-01]
   [-7.20214844e-02 -4.37500000e-01 -2.02636719e-02  6.56738281e-02
     1.71875000e-01  1.77978516e-01 -1.92382812e-01 -4.37500000e-01
     3.73046875e-01  1.39160156e-01  3.26171875e-01 -4.37500000e-01
    -2.92968750e-03 -1.39160156e-01  4.88281250e-04  2.39501953e-01]
   [-2.71484375e-01 -1.07666016e-01 -1.73339844e-02  2.78320312e-02
     2.70263672e-01  1.15966797e-01 -1.67236328e-01 -4.27001953e-01
     1.83105469e-02  1.27685547e-01  4.50195312e-01 -4.37500000e-01
     4.07714844e-02  3.93066406e-02  2.09472656e-01  1.41601562e-02]
   [-2.14355469e-01  5.00000000e-01 -2.65625000e-01  1.76025391e-01
     2.00683594e-01  2.24609375e-02 -1.16210938e-01 -1.15722656e-01
    -4.37500000e-01  2.33154297e-01  3.84765625e-01 -4.37500000e-01
    -1.09863281e-02  3.85742188e-01  2.60986328e-01 -2.79052734e-01]
   [-5.59082031e-02  4.72167969e-01  8.37402344e-02  1.08642578e-01
     1.75292969e-01  0.00000000e+00 -7.93457031e-02  4.06005859e-01
    -4.37500000e-01 -3.93066406e-02  2.01904297e-01 -3.97949219e-01
     1.25488281e-01  3.99658203e-01  2.32421875e-01 -3.48876953e-01]
   [-2.92968750e-03  8.61816406e-02  3.83300781e-02  1.87988281e-02
     3.51562500e-02  0.00000000e+00  3.90625000e-02  1.05712891e-01
    -1.14746094e-01 -2.27050781e-02  3.22265625e-02 -7.15332031e-02
     3.22265625e-02  7.44628906e-02  4.22363281e-02 -1.25244141e-01]
   [ 0.00000000e+00  0.00000000e+00  0.00000000e+00  0.00000000e+00
     0.00000000e+00  0.00000000e+00  6.25000000e-02  0.00000000e+00
     0.00000000e+00  0.00000000e+00  0.00000000e+00  0.00000000e+00
     0.00000000e+00  0.00000000e+00  0.00000000e+00 -6.25000000e-02]
   [ 0.00000000e+00  0.00000000e+00  0.00000000e+00  0.00000000e+00
     0.00000000e+00  0.00000000e+00  6.25000000e-02  0.00000000e+00
     0.00000000e+00  0.00000000e+00  0.00000000e+00  0.00000000e+00
     0.00000000e+00  0.00000000e+00  0.00000000e+00 -6.25000000e-02]
   [ 0.00000000e+00  0.00000000e+00  0.00000000e+00  0.00000000e+00
     0.00000000e+00  0.00000000e+00  6.25000000e-02  0.00000000e+00
     0.00000000e+00  0.00000000e+00  0.00000000e+00  0.00000000e+00
     0.00000000e+00  0.00000000e+00  0.00000000e+00 -6.25000000e-02]
   [ 0.00000000e+00  0.00000000e+00  0.00000000e+00  0.00000000e+00
     0.00000000e+00  0.00000000e+00  6.25000000e-02  0.00000000e+00
     0.00000000e+00  0.00000000e+00  0.00000000e+00  0.00000000e+00
     0.00000000e+00  0.00000000e+00  0.00000000e+00 -6.25000000e-02]
   [ 0.00000000e+00  0.00000000e+00  0.00000000e+00  0.00000000e+00
     0.00000000e+00  0.00000000e+00  6.25000000e-02  0.00000000e+00
     0.00000000e+00  0.00000000e+00  0.00000000e+00  0.00000000e+00
     0.00000000e+00  0.00000000e+00  0.00000000e+00 -6.25000000e-02]
   [ 0.00000000e+00  0.00000000e+00  0.00000000e+00  0.00000000e+00
     0.00000000e+00  0.00000000e+00  6.25000000e-02  0.00000000e+00
     0.00000000e+00  0.00000000e+00  0.00000000e+00  0.00000000e+00
     0.00000000e+00  0.00000000e+00  0.00000000e+00 -6.25000000e-02]
   [ 0.00000000e+00  0.00000000e+00  0.00000000e+00  0.00000000e+00
     0.00000000e+00  0.00000000e+00  6.25000000e-02  0.00000000e+00
     0.00000000e+00  0.00000000e+00  0.00000000e+00  0.00000000e+00
     0.00000000e+00  0.00000000e+00  0.00000000e+00 -6.25000000e-02]
   [ 0.00000000e+00  0.00000000e+00  0.00000000e+00  0.00000000e+00
     0.00000000e+00  0.00000000e+00  6.25000000e-02  0.00000000e+00
     0.00000000e+00  0.00000000e+00  0.00000000e+00  0.00000000e+00
     0.00000000e+00  0.00000000e+00  0.00000000e+00 -6.25000000e-02]
   [ 0.00000000e+00  0.00000000e+00  0.00000000e+00  0.00000000e+00
     0.00000000e+00  0.00000000e+00  6.25000000e-02  0.00000000e+00
     0.00000000e+00  0.00000000e+00  0.00000000e+00  0.00000000e+00
     0.00000000e+00  0.00000000e+00  0.00000000e+00 -6.25000000e-02]
   [ 0.00000000e+00  0.00000000e+00  0.00000000e+00  0.00000000e+00
     0.00000000e+00  0.00000000e+00  6.25000000e-02  0.00000000e+00
     0.00000000e+00  0.00000000e+00  0.00000000e+00  0.00000000e+00
     0.00000000e+00  0.00000000e+00  0.00000000e+00 -6.25000000e-02]
   [ 0.00000000e+00  0.00000000e+00  0.00000000e+00  0.00000000e+00
     0.00000000e+00  0.00000000e+00  6.25000000e-02  0.00000000e+00
     0.00000000e+00  0.00000000e+00  0.00000000e+00  0.00000000e+00
     0.00000000e+00  0.00000000e+00  0.00000000e+00 -6.25000000e-02]]

  [[ 0.00000000e+00  0.00000000e+00  0.00000000e+00  0.00000000e+00
     0.00000000e+00  0.00000000e+00  6.25000000e-02  0.00000000e+00
     0.00000000e+00  0.00000000e+00  0.00000000e+00  0.00000000e+00
     0.00000000e+00  0.00000000e+00  0.00000000e+00 -6.25000000e-02]
   [ 0.00000000e+00  0.00000000e+00  0.00000000e+00  0.00000000e+00
     0.00000000e+00  0.00000000e+00  6.25000000e-02  0.00000000e+00
     0.00000000e+00  0.00000000e+00  0.00000000e+00  0.00000000e+00
     0.00000000e+00  0.00000000e+00  0.00000000e+00 -6.25000000e-02]
   [ 0.00000000e+00  0.00000000e+00  0.00000000e+00  0.00000000e+00
     0.00000000e+00  0.00000000e+00  6.25000000e-02  0.00000000e+00
     0.00000000e+00  0.00000000e+00  0.00000000e+00  0.00000000e+00
     0.00000000e+00  0.00000000e+00  0.00000000e+00 -6.25000000e-02]
   [ 0.00000000e+00  0.00000000e+00  0.00000000e+00  0.00000000e+00
     0.00000000e+00  0.00000000e+00  6.25000000e-02  0.00000000e+00
     0.00000000e+00  0.00000000e+00  0.00000000e+00  0.00000000e+00
     0.00000000e+00  0.00000000e+00  0.00000000e+00 -6.25000000e-02]
   [ 0.00000000e+00  0.00000000e+00  0.00000000e+00  0.00000000e+00
     0.00000000e+00  0.00000000e+00  6.25000000e-02  0.00000000e+00
     0.00000000e+00  0.00000000e+00  0.00000000e+00  0.00000000e+00
     0.00000000e+00  0.00000000e+00  0.00000000e+00 -6.25000000e-02]
   [ 0.00000000e+00  0.00000000e+00  0.00000000e+00  0.00000000e+00
     0.00000000e+00  0.00000000e+00  6.25000000e-02  0.00000000e+00
     0.00000000e+00  0.00000000e+00  0.00000000e+00  0.00000000e+00
     0.00000000e+00  0.00000000e+00  0.00000000e+00 -6.25000000e-02]
   [ 0.00000000e+00  0.00000000e+00  0.00000000e+00  0.00000000e+00
     0.00000000e+00  0.00000000e+00  6.25000000e-02  0.00000000e+00
     0.00000000e+00  0.00000000e+00  0.00000000e+00  0.00000000e+00
     0.00000000e+00  0.00000000e+00  0.00000000e+00 -6.25000000e-02]
   [ 0.00000000e+00  0.00000000e+00  0.00000000e+00  0.00000000e+00
     0.00000000e+00  0.00000000e+00  6.25000000e-02  0.00000000e+00
     0.00000000e+00  0.00000000e+00  0.00000000e+00  0.00000000e+00
     0.00000000e+00  0.00000000e+00  0.00000000e+00 -6.25000000e-02]
   [ 8.83789062e-02 -2.82226562e-01  1.33789062e-01 -4.49218750e-02
     4.44335938e-02  2.97851562e-02  6.27441406e-02 -1.53808594e-02
     1.78466797e-01  2.90527344e-02  4.46777344e-02 -1.03271484e-01
     2.95410156e-02 -1.63574219e-01 -1.03271484e-01 -2.92968750e-03]
   [ 2.90527344e-02 -4.37500000e-01  1.56738281e-01 -4.51660156e-02
     1.21582031e-01  1.48193359e-01  4.51660156e-02 -3.83056641e-01
     4.56542969e-01  8.32519531e-02  1.95800781e-01 -1.80175781e-01
    -3.90625000e-02 -3.67919922e-01 -1.33300781e-01  1.47705078e-01]
   [-2.32177734e-01 -2.91259766e-01 -9.76562500e-02  3.66210938e-03
     1.87011719e-01  1.18896484e-01 -2.14843750e-02 -4.37500000e-01
     2.19482422e-01  2.02392578e-01  3.79394531e-01 -4.03076172e-01
    -5.12695312e-02 -1.83105469e-01  6.95800781e-02  8.17871094e-02]
   [-4.37500000e-01  1.16943359e-01 -2.88085938e-02 -1.20361328e-01
     2.39013672e-01  7.51953125e-02  1.79443359e-01 -2.29003906e-01
    -2.19726562e-01  1.05957031e-01  5.00000000e-01 -4.37500000e-01
     6.12792969e-02 -2.49023438e-02  4.05029297e-01 -8.37402344e-02]
   [-3.97216797e-01  4.54589844e-01 -7.56835938e-02  5.12695312e-03
     1.38671875e-01 -1.46484375e-03  2.16552734e-01  6.93359375e-02
    -4.37500000e-01  2.03369141e-01  2.67089844e-01 -2.46337891e-01
    -1.07666016e-01  2.18994141e-01  3.90869141e-01 -3.79150391e-01]
   [-8.25195312e-02  3.68896484e-01  1.00341797e-01  1.43310547e-01
     1.10595703e-01 -5.85937500e-03  2.21679688e-01  3.06396484e-01
    -4.37500000e-01  2.66113281e-02  9.22851562e-02 -5.15136719e-02
    -3.90625000e-03  1.13769531e-01  7.91015625e-02 -4.37500000e-01]
   [ 1.95312500e-03  6.46972656e-02  2.92968750e-02  2.92968750e-02
     2.24609375e-02  0.00000000e+00  9.10644531e-02  7.64160156e-02
    -1.03027344e-01 -3.90625000e-03  1.56250000e-02 -9.76562500e-03
     6.83593750e-03  1.95312500e-02  3.90625000e-03 -1.52832031e-01]
   [ 0.00000000e+00  0.00000000e+00  0.00000000e+00  0.00000000e+00
     0.00000000e+00  0.00000000e+00  6.25000000e-02  0.00000000e+00
     0.00000000e+00  0.00000000e+00  0.00000000e+00  0.00000000e+00
     0.00000000e+00  0.00000000e+00  0.00000000e+00 -6.25000000e-02]
   [ 0.00000000e+00  0.00000000e+00  0.00000000e+00  0.00000000e+00
     0.00000000e+00  0.00000000e+00  6.25000000e-02  0.00000000e+00
     0.00000000e+00  0.00000000e+00  0.00000000e+00  0.00000000e+00
     0.00000000e+00  0.00000000e+00  0.00000000e+00 -6.25000000e-02]
   [ 0.00000000e+00  0.00000000e+00  0.00000000e+00  0.00000000e+00
     0.00000000e+00  0.00000000e+00  6.25000000e-02  0.00000000e+00
     0.00000000e+00  0.00000000e+00  0.00000000e+00  0.00000000e+00
     0.00000000e+00  0.00000000e+00  0.00000000e+00 -6.25000000e-02]
   [ 0.00000000e+00  0.00000000e+00  0.00000000e+00  0.00000000e+00
     0.00000000e+00  0.00000000e+00  6.25000000e-02  0.00000000e+00
     0.00000000e+00  0.00000000e+00  0.00000000e+00  0.00000000e+00
     0.00000000e+00  0.00000000e+00  0.00000000e+00 -6.25000000e-02]
   [ 0.00000000e+00  0.00000000e+00  0.00000000e+00  0.00000000e+00
     0.00000000e+00  0.00000000e+00  6.25000000e-02  0.00000000e+00
     0.00000000e+00  0.00000000e+00  0.00000000e+00  0.00000000e+00
     0.00000000e+00  0.00000000e+00  0.00000000e+00 -6.25000000e-02]
   [ 0.00000000e+00  0.00000000e+00  0.00000000e+00  0.00000000e+00
     0.00000000e+00  0.00000000e+00  6.25000000e-02  0.00000000e+00
     0.00000000e+00  0.00000000e+00  0.00000000e+00  0.00000000e+00
     0.00000000e+00  0.00000000e+00  0.00000000e+00 -6.25000000e-02]
   [ 0.00000000e+00  0.00000000e+00  0.00000000e+00  0.00000000e+00
     0.00000000e+00  0.00000000e+00  6.25000000e-02  0.00000000e+00
     0.00000000e+00  0.00000000e+00  0.00000000e+00  0.00000000e+00
     0.00000000e+00  0.00000000e+00  0.00000000e+00 -6.25000000e-02]
   [ 0.00000000e+00  0.00000000e+00  0.00000000e+00  0.00000000e+00
     0.00000000e+00  0.00000000e+00  6.25000000e-02  0.00000000e+00
     0.00000000e+00  0.00000000e+00  0.00000000e+00  0.00000000e+00
     0.00000000e+00  0.00000000e+00  0.00000000e+00 -6.25000000e-02]
   [ 0.00000000e+00  0.00000000e+00  0.00000000e+00  0.00000000e+00
     0.00000000e+00  0.00000000e+00  6.25000000e-02  0.00000000e+00
     0.00000000e+00  0.00000000e+00  0.00000000e+00  0.00000000e+00
     0.00000000e+00  0.00000000e+00  0.00000000e+00 -6.25000000e-02]
   [ 0.00000000e+00  0.00000000e+00  0.00000000e+00  0.00000000e+00
     0.00000000e+00  0.00000000e+00  6.25000000e-02  0.00000000e+00
     0.00000000e+00  0.00000000e+00  0.00000000e+00  0.00000000e+00
     0.00000000e+00  0.00000000e+00  0.00000000e+00 -6.25000000e-02]
   [ 0.00000000e+00  0.00000000e+00  0.00000000e+00  0.00000000e+00
     0.00000000e+00  0.00000000e+00  6.25000000e-02  0.00000000e+00
     0.00000000e+00  0.00000000e+00  0.00000000e+00  0.00000000e+00
     0.00000000e+00  0.00000000e+00  0.00000000e+00 -6.25000000e-02]]

  [[ 0.00000000e+00  0.00000000e+00  0.00000000e+00  0.00000000e+00
     0.00000000e+00  0.00000000e+00  6.25000000e-02  0.00000000e+00
     0.00000000e+00  0.00000000e+00  0.00000000e+00  0.00000000e+00
     0.00000000e+00  0.00000000e+00  0.00000000e+00 -6.25000000e-02]
   [ 0.00000000e+00  0.00000000e+00  0.00000000e+00  0.00000000e+00
     0.00000000e+00  0.00000000e+00  6.25000000e-02  0.00000000e+00
     0.00000000e+00  0.00000000e+00  0.00000000e+00  0.00000000e+00
     0.00000000e+00  0.00000000e+00  0.00000000e+00 -6.25000000e-02]
   [ 0.00000000e+00  0.00000000e+00  0.00000000e+00  0.00000000e+00
     0.00000000e+00  0.00000000e+00  6.25000000e-02  0.00000000e+00
     0.00000000e+00  0.00000000e+00  0.00000000e+00  0.00000000e+00
     0.00000000e+00  0.00000000e+00  0.00000000e+00 -6.25000000e-02]
   [ 0.00000000e+00  0.00000000e+00  0.00000000e+00  0.00000000e+00
     0.00000000e+00  0.00000000e+00  6.25000000e-02  0.00000000e+00
     0.00000000e+00  0.00000000e+00  0.00000000e+00  0.00000000e+00
     0.00000000e+00  0.00000000e+00  0.00000000e+00 -6.25000000e-02]
   [ 0.00000000e+00  0.00000000e+00  0.00000000e+00  0.00000000e+00
     0.00000000e+00  0.00000000e+00  6.25000000e-02  0.00000000e+00
     0.00000000e+00  0.00000000e+00  0.00000000e+00  0.00000000e+00
     0.00000000e+00  0.00000000e+00  0.00000000e+00 -6.25000000e-02]
   [ 0.00000000e+00  0.00000000e+00  0.00000000e+00  0.00000000e+00
     0.00000000e+00  0.00000000e+00  6.25000000e-02  0.00000000e+00
     0.00000000e+00  0.00000000e+00  0.00000000e+00  0.00000000e+00
     0.00000000e+00  0.00000000e+00  0.00000000e+00 -6.25000000e-02]
   [ 0.00000000e+00  0.00000000e+00  0.00000000e+00  0.00000000e+00
     0.00000000e+00  0.00000000e+00  6.25000000e-02  0.00000000e+00
     0.00000000e+00  0.00000000e+00  0.00000000e+00  0.00000000e+00
     0.00000000e+00  0.00000000e+00  0.00000000e+00 -6.25000000e-02]
   [ 0.00000000e+00  0.00000000e+00  0.00000000e+00  0.00000000e+00
     0.00000000e+00  0.00000000e+00  6.25000000e-02  0.00000000e+00
     0.00000000e+00  0.00000000e+00  0.00000000e+00  0.00000000e+00
     0.00000000e+00  0.00000000e+00  0.00000000e+00 -6.25000000e-02]
   [-1.18652344e-01 -2.66845703e-01  1.48193359e-01 -1.77734375e-01
     2.95410156e-02  2.97851562e-02  2.40478516e-01 -5.93261719e-02
     1.77978516e-01 -5.93261719e-02  8.88671875e-02 -2.97851562e-02
     5.93261719e-02 -2.66845703e-01  5.93261719e-02  5.61523438e-02]
   [-4.26757812e-01 -4.37500000e-01  1.63085938e-01 -3.73535156e-01
     3.27148438e-02  6.22558594e-02  5.00000000e-01 -3.32031250e-01
     4.03076172e-01  5.32226562e-02  2.16308594e-01 -2.92968750e-03
    -2.36816406e-02 -4.37500000e-01  2.13378906e-01  1.56738281e-01]
   [-4.37500000e-01 -2.11669922e-01  6.59179688e-02 -2.50000000e-01
     5.90820312e-02  7.37304688e-02  5.00000000e-01 -3.93798828e-01
     1.45996094e-01  1.96533203e-01  2.55859375e-01  1.01806641e-01
    -2.03125000e-01 -4.37500000e-01  3.52294922e-01 -1.35986328e-01]
   [-4.37500000e-01  2.12158203e-01  5.68847656e-02 -2.22167969e-02
     1.27441406e-01  8.00781250e-02  5.00000000e-01 -1.84326172e-01
    -2.86132812e-01  7.08007812e-02  1.87011719e-01  3.15673828e-01
    -3.15917969e-01 -1.36718750e-01  3.71093750e-01 -4.37500000e-01]
   [-2.18261719e-01  3.85742188e-01 -3.75976562e-02 -2.51464844e-02
     1.18408203e-01 -7.91015625e-02  3.83544922e-01  1.16455078e-01
    -4.37500000e-01  1.07421875e-01  1.37207031e-01  1.55029297e-01
    -1.50146484e-01 -3.07617188e-02  7.00683594e-02 -4.37500000e-01]
   [ 1.63330078e-01  1.44531250e-01 -2.61230469e-02 -1.61132812e-02
     5.81054688e-02 -1.95312500e-02  2.48535156e-01  2.82714844e-01
    -2.85888672e-01  1.23535156e-01  1.12792969e-01  2.49023438e-02
    -7.42187500e-02 -1.07421875e-02 -9.42382812e-02 -3.14208984e-01]
   [ 3.93066406e-02  1.95312500e-02  0.00000000e+00  0.00000000e+00
     9.76562500e-03  0.00000000e+00  9.17968750e-02  5.88378906e-02
    -4.90722656e-02  1.95312500e-02  1.95312500e-02  0.00000000e+00
    -9.76562500e-03  0.00000000e+00 -1.95312500e-02 -1.01806641e-01]
   [ 0.00000000e+00  0.00000000e+00  0.00000000e+00  0.00000000e+00
     0.00000000e+00  0.00000000e+00  6.25000000e-02  0.00000000e+00
     0.00000000e+00  0.00000000e+00  0.00000000e+00  0.00000000e+00
     0.00000000e+00  0.00000000e+00  0.00000000e+00 -6.25000000e-02]
   [ 0.00000000e+00  0.00000000e+00  0.00000000e+00  0.00000000e+00
     0.00000000e+00  0.00000000e+00  6.25000000e-02  0.00000000e+00
     0.00000000e+00  0.00000000e+00  0.00000000e+00  0.00000000e+00
     0.00000000e+00  0.00000000e+00  0.00000000e+00 -6.25000000e-02]
   [ 0.00000000e+00  0.00000000e+00  0.00000000e+00  0.00000000e+00
     0.00000000e+00  0.00000000e+00  6.25000000e-02  0.00000000e+00
     0.00000000e+00  0.00000000e+00  0.00000000e+00  0.00000000e+00
     0.00000000e+00  0.00000000e+00  0.00000000e+00 -6.25000000e-02]
   [ 0.00000000e+00  0.00000000e+00  0.00000000e+00  0.00000000e+00
     0.00000000e+00  0.00000000e+00  6.25000000e-02  0.00000000e+00
     0.00000000e+00  0.00000000e+00  0.00000000e+00  0.00000000e+00
     0.00000000e+00  0.00000000e+00  0.00000000e+00 -6.25000000e-02]
   [ 0.00000000e+00  0.00000000e+00  0.00000000e+00  0.00000000e+00
     0.00000000e+00  0.00000000e+00  6.25000000e-02  0.00000000e+00
     0.00000000e+00  0.00000000e+00  0.00000000e+00  0.00000000e+00
     0.00000000e+00  0.00000000e+00  0.00000000e+00 -6.25000000e-02]
   [ 0.00000000e+00  0.00000000e+00  0.00000000e+00  0.00000000e+00
     0.00000000e+00  0.00000000e+00  6.25000000e-02  0.00000000e+00
     0.00000000e+00  0.00000000e+00  0.00000000e+00  0.00000000e+00
     0.00000000e+00  0.00000000e+00  0.00000000e+00 -6.25000000e-02]
   [ 0.00000000e+00  0.00000000e+00  0.00000000e+00  0.00000000e+00
     0.00000000e+00  0.00000000e+00  6.25000000e-02  0.00000000e+00
     0.00000000e+00  0.00000000e+00  0.00000000e+00  0.00000000e+00
     0.00000000e+00  0.00000000e+00  0.00000000e+00 -6.25000000e-02]
   [ 0.00000000e+00  0.00000000e+00  0.00000000e+00  0.00000000e+00
     0.00000000e+00  0.00000000e+00  6.25000000e-02  0.00000000e+00
     0.00000000e+00  0.00000000e+00  0.00000000e+00  0.00000000e+00
     0.00000000e+00  0.00000000e+00  0.00000000e+00 -6.25000000e-02]
   [ 0.00000000e+00  0.00000000e+00  0.00000000e+00  0.00000000e+00
     0.00000000e+00  0.00000000e+00  6.25000000e-02  0.00000000e+00
     0.00000000e+00  0.00000000e+00  0.00000000e+00  0.00000000e+00
     0.00000000e+00  0.00000000e+00  0.00000000e+00 -6.25000000e-02]
   [ 0.00000000e+00  0.00000000e+00  0.00000000e+00  0.00000000e+00
     0.00000000e+00  0.00000000e+00  6.25000000e-02  0.00000000e+00
     0.00000000e+00  0.00000000e+00  0.00000000e+00  0.00000000e+00
     0.00000000e+00  0.00000000e+00  0.00000000e+00 -6.25000000e-02]
   [ 0.00000000e+00  0.00000000e+00  0.00000000e+00  0.00000000e+00
     0.00000000e+00  0.00000000e+00  6.25000000e-02  0.00000000e+00
     0.00000000e+00  0.00000000e+00  0.00000000e+00  0.00000000e+00
     0.00000000e+00  0.00000000e+00  0.00000000e+00 -6.25000000e-02]]]], shape=(1, 26, 26, 16), dtype=float32)

--- Layer: activation (Quantized Output) ---
tf.Tensor(
[[[[0.00000000e+00 0.00000000e+00 0.00000000e+00 0.00000000e+00
    0.00000000e+00 0.00000000e+00 6.25000000e-02 0.00000000e+00
    0.00000000e+00 0.00000000e+00 0.00000000e+00 0.00000000e+00
    0.00000000e+00 0.00000000e+00 0.00000000e+00 0.00000000e+00]
   [0.00000000e+00 0.00000000e+00 0.00000000e+00 0.00000000e+00
    0.00000000e+00 0.00000000e+00 6.25000000e-02 0.00000000e+00
    0.00000000e+00 0.00000000e+00 0.00000000e+00 0.00000000e+00
    0.00000000e+00 0.00000000e+00 0.00000000e+00 0.00000000e+00]
   [0.00000000e+00 0.00000000e+00 0.00000000e+00 0.00000000e+00
    0.00000000e+00 0.00000000e+00 6.25000000e-02 0.00000000e+00
    0.00000000e+00 0.00000000e+00 0.00000000e+00 0.00000000e+00
    0.00000000e+00 0.00000000e+00 0.00000000e+00 0.00000000e+00]
   [0.00000000e+00 0.00000000e+00 0.00000000e+00 0.00000000e+00
    0.00000000e+00 0.00000000e+00 6.25000000e-02 0.00000000e+00
    0.00000000e+00 0.00000000e+00 0.00000000e+00 0.00000000e+00
    0.00000000e+00 0.00000000e+00 0.00000000e+00 0.00000000e+00]
   [0.00000000e+00 0.00000000e+00 0.00000000e+00 0.00000000e+00
    0.00000000e+00 0.00000000e+00 6.25000000e-02 0.00000000e+00
    0.00000000e+00 0.00000000e+00 0.00000000e+00 0.00000000e+00
    0.00000000e+00 0.00000000e+00 0.00000000e+00 0.00000000e+00]
   [0.00000000e+00 0.00000000e+00 0.00000000e+00 0.00000000e+00
    0.00000000e+00 0.00000000e+00 6.25000000e-02 0.00000000e+00
    0.00000000e+00 0.00000000e+00 0.00000000e+00 0.00000000e+00
    0.00000000e+00 0.00000000e+00 0.00000000e+00 0.00000000e+00]
   [0.00000000e+00 0.00000000e+00 0.00000000e+00 0.00000000e+00
    0.00000000e+00 0.00000000e+00 6.25000000e-02 0.00000000e+00
    0.00000000e+00 0.00000000e+00 0.00000000e+00 0.00000000e+00
    0.00000000e+00 0.00000000e+00 0.00000000e+00 0.00000000e+00]
   [0.00000000e+00 0.00000000e+00 0.00000000e+00 0.00000000e+00
    0.00000000e+00 0.00000000e+00 6.25000000e-02 0.00000000e+00
    0.00000000e+00 0.00000000e+00 0.00000000e+00 0.00000000e+00
    0.00000000e+00 0.00000000e+00 0.00000000e+00 0.00000000e+00]
   [0.00000000e+00 0.00000000e+00 0.00000000e+00 0.00000000e+00
    0.00000000e+00 0.00000000e+00 6.25000000e-02 0.00000000e+00
    0.00000000e+00 0.00000000e+00 0.00000000e+00 0.00000000e+00
    0.00000000e+00 0.00000000e+00 0.00000000e+00 0.00000000e+00]
   [0.00000000e+00 0.00000000e+00 0.00000000e+00 0.00000000e+00
    0.00000000e+00 0.00000000e+00 6.25000000e-02 0.00000000e+00
    0.00000000e+00 0.00000000e+00 0.00000000e+00 0.00000000e+00
    0.00000000e+00 0.00000000e+00 0.00000000e+00 0.00000000e+00]
   [0.00000000e+00 0.00000000e+00 0.00000000e+00 0.00000000e+00
    0.00000000e+00 0.00000000e+00 6.25000000e-02 0.00000000e+00
    0.00000000e+00 0.00000000e+00 0.00000000e+00 0.00000000e+00
    0.00000000e+00 0.00000000e+00 0.00000000e+00 0.00000000e+00]
   [0.00000000e+00 0.00000000e+00 0.00000000e+00 0.00000000e+00
    0.00000000e+00 0.00000000e+00 6.25000000e-02 0.00000000e+00
    0.00000000e+00 0.00000000e+00 0.00000000e+00 0.00000000e+00
    0.00000000e+00 0.00000000e+00 0.00000000e+00 0.00000000e+00]
   [0.00000000e+00 0.00000000e+00 0.00000000e+00 0.00000000e+00
    0.00000000e+00 0.00000000e+00 6.25000000e-02 0.00000000e+00
    0.00000000e+00 0.00000000e+00 0.00000000e+00 0.00000000e+00
    0.00000000e+00 0.00000000e+00 0.00000000e+00 0.00000000e+00]
   [0.00000000e+00 0.00000000e+00 0.00000000e+00 0.00000000e+00
    0.00000000e+00 0.00000000e+00 6.25000000e-02 0.00000000e+00
    0.00000000e+00 0.00000000e+00 0.00000000e+00 0.00000000e+00
    0.00000000e+00 0.00000000e+00 0.00000000e+00 0.00000000e+00]
   [0.00000000e+00 0.00000000e+00 0.00000000e+00 0.00000000e+00
    0.00000000e+00 0.00000000e+00 6.25000000e-02 0.00000000e+00
    0.00000000e+00 0.00000000e+00 0.00000000e+00 0.00000000e+00
    0.00000000e+00 0.00000000e+00 0.00000000e+00 0.00000000e+00]
   [0.00000000e+00 0.00000000e+00 0.00000000e+00 0.00000000e+00
    0.00000000e+00 0.00000000e+00 6.25000000e-02 0.00000000e+00
    0.00000000e+00 0.00000000e+00 0.00000000e+00 0.00000000e+00
    0.00000000e+00 0.00000000e+00 0.00000000e+00 0.00000000e+00]
   [0.00000000e+00 0.00000000e+00 0.00000000e+00 0.00000000e+00
    0.00000000e+00 0.00000000e+00 6.25000000e-02 0.00000000e+00
    0.00000000e+00 0.00000000e+00 0.00000000e+00 0.00000000e+00
    0.00000000e+00 0.00000000e+00 0.00000000e+00 0.00000000e+00]
   [0.00000000e+00 0.00000000e+00 0.00000000e+00 0.00000000e+00
    0.00000000e+00 0.00000000e+00 6.25000000e-02 0.00000000e+00
    0.00000000e+00 0.00000000e+00 0.00000000e+00 0.00000000e+00
    0.00000000e+00 0.00000000e+00 0.00000000e+00 0.00000000e+00]
   [0.00000000e+00 0.00000000e+00 0.00000000e+00 0.00000000e+00
    0.00000000e+00 0.00000000e+00 6.25000000e-02 0.00000000e+00
    0.00000000e+00 0.00000000e+00 0.00000000e+00 0.00000000e+00
    0.00000000e+00 0.00000000e+00 0.00000000e+00 0.00000000e+00]
   [0.00000000e+00 0.00000000e+00 0.00000000e+00 0.00000000e+00
    0.00000000e+00 0.00000000e+00 6.25000000e-02 0.00000000e+00
    0.00000000e+00 0.00000000e+00 0.00000000e+00 0.00000000e+00
    0.00000000e+00 0.00000000e+00 0.00000000e+00 0.00000000e+00]
   [0.00000000e+00 0.00000000e+00 0.00000000e+00 0.00000000e+00
    0.00000000e+00 0.00000000e+00 6.25000000e-02 0.00000000e+00
    0.00000000e+00 0.00000000e+00 0.00000000e+00 0.00000000e+00
    0.00000000e+00 0.00000000e+00 0.00000000e+00 0.00000000e+00]
   [0.00000000e+00 0.00000000e+00 0.00000000e+00 0.00000000e+00
    0.00000000e+00 0.00000000e+00 6.25000000e-02 0.00000000e+00
    0.00000000e+00 0.00000000e+00 0.00000000e+00 0.00000000e+00
    0.00000000e+00 0.00000000e+00 0.00000000e+00 0.00000000e+00]
   [0.00000000e+00 0.00000000e+00 0.00000000e+00 0.00000000e+00
    0.00000000e+00 0.00000000e+00 6.25000000e-02 0.00000000e+00
    0.00000000e+00 0.00000000e+00 0.00000000e+00 0.00000000e+00
    0.00000000e+00 0.00000000e+00 0.00000000e+00 0.00000000e+00]
   [0.00000000e+00 0.00000000e+00 0.00000000e+00 0.00000000e+00
    0.00000000e+00 0.00000000e+00 6.25000000e-02 0.00000000e+00
    0.00000000e+00 0.00000000e+00 0.00000000e+00 0.00000000e+00
    0.00000000e+00 0.00000000e+00 0.00000000e+00 0.00000000e+00]
   [0.00000000e+00 0.00000000e+00 0.00000000e+00 0.00000000e+00
    0.00000000e+00 0.00000000e+00 6.25000000e-02 0.00000000e+00
    0.00000000e+00 0.00000000e+00 0.00000000e+00 0.00000000e+00
    0.00000000e+00 0.00000000e+00 0.00000000e+00 0.00000000e+00]
   [0.00000000e+00 0.00000000e+00 0.00000000e+00 0.00000000e+00
    0.00000000e+00 0.00000000e+00 6.25000000e-02 0.00000000e+00
    0.00000000e+00 0.00000000e+00 0.00000000e+00 0.00000000e+00
    0.00000000e+00 0.00000000e+00 0.00000000e+00 0.00000000e+00]]

  [[0.00000000e+00 0.00000000e+00 0.00000000e+00 0.00000000e+00
    0.00000000e+00 0.00000000e+00 6.25000000e-02 0.00000000e+00
    0.00000000e+00 0.00000000e+00 0.00000000e+00 0.00000000e+00
    0.00000000e+00 0.00000000e+00 0.00000000e+00 0.00000000e+00]
   [0.00000000e+00 0.00000000e+00 0.00000000e+00 0.00000000e+00
    0.00000000e+00 0.00000000e+00 6.25000000e-02 0.00000000e+00
    0.00000000e+00 0.00000000e+00 0.00000000e+00 0.00000000e+00
    0.00000000e+00 0.00000000e+00 0.00000000e+00 0.00000000e+00]
   [0.00000000e+00 0.00000000e+00 0.00000000e+00 0.00000000e+00
    0.00000000e+00 0.00000000e+00 6.25000000e-02 0.00000000e+00
    0.00000000e+00 0.00000000e+00 0.00000000e+00 0.00000000e+00
    0.00000000e+00 0.00000000e+00 0.00000000e+00 0.00000000e+00]
   [0.00000000e+00 0.00000000e+00 0.00000000e+00 0.00000000e+00
    0.00000000e+00 0.00000000e+00 6.25000000e-02 0.00000000e+00
    0.00000000e+00 0.00000000e+00 0.00000000e+00 0.00000000e+00
    0.00000000e+00 0.00000000e+00 0.00000000e+00 0.00000000e+00]
   [0.00000000e+00 0.00000000e+00 0.00000000e+00 0.00000000e+00
    0.00000000e+00 0.00000000e+00 6.25000000e-02 0.00000000e+00
    0.00000000e+00 0.00000000e+00 0.00000000e+00 0.00000000e+00
    0.00000000e+00 0.00000000e+00 0.00000000e+00 0.00000000e+00]
   [0.00000000e+00 0.00000000e+00 0.00000000e+00 0.00000000e+00
    0.00000000e+00 0.00000000e+00 6.25000000e-02 0.00000000e+00
    0.00000000e+00 0.00000000e+00 0.00000000e+00 0.00000000e+00
    0.00000000e+00 0.00000000e+00 0.00000000e+00 0.00000000e+00]
   [0.00000000e+00 0.00000000e+00 0.00000000e+00 0.00000000e+00
    0.00000000e+00 0.00000000e+00 6.25000000e-02 0.00000000e+00
    0.00000000e+00 0.00000000e+00 0.00000000e+00 0.00000000e+00
    0.00000000e+00 0.00000000e+00 0.00000000e+00 0.00000000e+00]
   [0.00000000e+00 0.00000000e+00 0.00000000e+00 0.00000000e+00
    0.00000000e+00 0.00000000e+00 6.25000000e-02 0.00000000e+00
    0.00000000e+00 0.00000000e+00 0.00000000e+00 0.00000000e+00
    0.00000000e+00 0.00000000e+00 0.00000000e+00 0.00000000e+00]
   [0.00000000e+00 0.00000000e+00 0.00000000e+00 0.00000000e+00
    0.00000000e+00 0.00000000e+00 6.25000000e-02 0.00000000e+00
    0.00000000e+00 0.00000000e+00 0.00000000e+00 0.00000000e+00
    0.00000000e+00 0.00000000e+00 0.00000000e+00 0.00000000e+00]
   [0.00000000e+00 0.00000000e+00 0.00000000e+00 0.00000000e+00
    0.00000000e+00 0.00000000e+00 6.25000000e-02 0.00000000e+00
    0.00000000e+00 0.00000000e+00 0.00000000e+00 0.00000000e+00
    0.00000000e+00 0.00000000e+00 0.00000000e+00 0.00000000e+00]
   [0.00000000e+00 0.00000000e+00 0.00000000e+00 0.00000000e+00
    0.00000000e+00 0.00000000e+00 6.25000000e-02 0.00000000e+00
    0.00000000e+00 0.00000000e+00 0.00000000e+00 0.00000000e+00
    0.00000000e+00 0.00000000e+00 0.00000000e+00 0.00000000e+00]
   [0.00000000e+00 0.00000000e+00 0.00000000e+00 0.00000000e+00
    0.00000000e+00 0.00000000e+00 6.25000000e-02 0.00000000e+00
    0.00000000e+00 0.00000000e+00 0.00000000e+00 0.00000000e+00
    0.00000000e+00 0.00000000e+00 0.00000000e+00 0.00000000e+00]
   [0.00000000e+00 0.00000000e+00 0.00000000e+00 0.00000000e+00
    0.00000000e+00 0.00000000e+00 6.25000000e-02 0.00000000e+00
    0.00000000e+00 0.00000000e+00 0.00000000e+00 0.00000000e+00
    0.00000000e+00 0.00000000e+00 0.00000000e+00 0.00000000e+00]
   [0.00000000e+00 0.00000000e+00 0.00000000e+00 0.00000000e+00
    0.00000000e+00 0.00000000e+00 6.25000000e-02 0.00000000e+00
    0.00000000e+00 0.00000000e+00 0.00000000e+00 0.00000000e+00
    0.00000000e+00 0.00000000e+00 0.00000000e+00 0.00000000e+00]
   [0.00000000e+00 0.00000000e+00 0.00000000e+00 0.00000000e+00
    0.00000000e+00 0.00000000e+00 6.25000000e-02 0.00000000e+00
    0.00000000e+00 0.00000000e+00 0.00000000e+00 0.00000000e+00
    0.00000000e+00 0.00000000e+00 0.00000000e+00 0.00000000e+00]
   [0.00000000e+00 0.00000000e+00 0.00000000e+00 0.00000000e+00
    0.00000000e+00 0.00000000e+00 6.25000000e-02 0.00000000e+00
    0.00000000e+00 0.00000000e+00 0.00000000e+00 0.00000000e+00
    0.00000000e+00 0.00000000e+00 0.00000000e+00 0.00000000e+00]
   [0.00000000e+00 0.00000000e+00 0.00000000e+00 0.00000000e+00
    0.00000000e+00 0.00000000e+00 6.25000000e-02 0.00000000e+00
    0.00000000e+00 0.00000000e+00 0.00000000e+00 0.00000000e+00
    0.00000000e+00 0.00000000e+00 0.00000000e+00 0.00000000e+00]
   [0.00000000e+00 0.00000000e+00 0.00000000e+00 0.00000000e+00
    0.00000000e+00 0.00000000e+00 6.25000000e-02 0.00000000e+00
    0.00000000e+00 0.00000000e+00 0.00000000e+00 0.00000000e+00
    0.00000000e+00 0.00000000e+00 0.00000000e+00 0.00000000e+00]
   [0.00000000e+00 0.00000000e+00 0.00000000e+00 0.00000000e+00
    0.00000000e+00 0.00000000e+00 6.25000000e-02 0.00000000e+00
    0.00000000e+00 0.00000000e+00 0.00000000e+00 0.00000000e+00
    0.00000000e+00 0.00000000e+00 0.00000000e+00 0.00000000e+00]
   [0.00000000e+00 0.00000000e+00 0.00000000e+00 0.00000000e+00
    0.00000000e+00 0.00000000e+00 6.25000000e-02 0.00000000e+00
    0.00000000e+00 0.00000000e+00 0.00000000e+00 0.00000000e+00
    0.00000000e+00 0.00000000e+00 0.00000000e+00 0.00000000e+00]
   [0.00000000e+00 0.00000000e+00 0.00000000e+00 0.00000000e+00
    0.00000000e+00 0.00000000e+00 6.25000000e-02 0.00000000e+00
    0.00000000e+00 0.00000000e+00 0.00000000e+00 0.00000000e+00
    0.00000000e+00 0.00000000e+00 0.00000000e+00 0.00000000e+00]
   [0.00000000e+00 0.00000000e+00 0.00000000e+00 0.00000000e+00
    0.00000000e+00 0.00000000e+00 6.25000000e-02 0.00000000e+00
    0.00000000e+00 0.00000000e+00 0.00000000e+00 0.00000000e+00
    0.00000000e+00 0.00000000e+00 0.00000000e+00 0.00000000e+00]
   [0.00000000e+00 0.00000000e+00 0.00000000e+00 0.00000000e+00
    0.00000000e+00 0.00000000e+00 6.25000000e-02 0.00000000e+00
    0.00000000e+00 0.00000000e+00 0.00000000e+00 0.00000000e+00
    0.00000000e+00 0.00000000e+00 0.00000000e+00 0.00000000e+00]
   [0.00000000e+00 0.00000000e+00 0.00000000e+00 0.00000000e+00
    0.00000000e+00 0.00000000e+00 6.25000000e-02 0.00000000e+00
    0.00000000e+00 0.00000000e+00 0.00000000e+00 0.00000000e+00
    0.00000000e+00 0.00000000e+00 0.00000000e+00 0.00000000e+00]
   [0.00000000e+00 0.00000000e+00 0.00000000e+00 0.00000000e+00
    0.00000000e+00 0.00000000e+00 6.25000000e-02 0.00000000e+00
    0.00000000e+00 0.00000000e+00 0.00000000e+00 0.00000000e+00
    0.00000000e+00 0.00000000e+00 0.00000000e+00 0.00000000e+00]
   [0.00000000e+00 0.00000000e+00 0.00000000e+00 0.00000000e+00
    0.00000000e+00 0.00000000e+00 6.25000000e-02 0.00000000e+00
    0.00000000e+00 0.00000000e+00 0.00000000e+00 0.00000000e+00
    0.00000000e+00 0.00000000e+00 0.00000000e+00 0.00000000e+00]]

  [[0.00000000e+00 0.00000000e+00 0.00000000e+00 0.00000000e+00
    0.00000000e+00 0.00000000e+00 6.25000000e-02 0.00000000e+00
    0.00000000e+00 0.00000000e+00 0.00000000e+00 0.00000000e+00
    0.00000000e+00 0.00000000e+00 0.00000000e+00 0.00000000e+00]
   [0.00000000e+00 0.00000000e+00 0.00000000e+00 0.00000000e+00
    0.00000000e+00 0.00000000e+00 6.25000000e-02 0.00000000e+00
    0.00000000e+00 0.00000000e+00 0.00000000e+00 0.00000000e+00
    0.00000000e+00 0.00000000e+00 0.00000000e+00 0.00000000e+00]
   [0.00000000e+00 0.00000000e+00 0.00000000e+00 0.00000000e+00
    0.00000000e+00 0.00000000e+00 6.25000000e-02 0.00000000e+00
    0.00000000e+00 0.00000000e+00 0.00000000e+00 0.00000000e+00
    0.00000000e+00 0.00000000e+00 0.00000000e+00 0.00000000e+00]
   [0.00000000e+00 0.00000000e+00 0.00000000e+00 0.00000000e+00
    0.00000000e+00 0.00000000e+00 6.25000000e-02 0.00000000e+00
    0.00000000e+00 0.00000000e+00 0.00000000e+00 0.00000000e+00
    0.00000000e+00 0.00000000e+00 0.00000000e+00 0.00000000e+00]
   [0.00000000e+00 0.00000000e+00 0.00000000e+00 0.00000000e+00
    0.00000000e+00 0.00000000e+00 6.25000000e-02 0.00000000e+00
    0.00000000e+00 0.00000000e+00 0.00000000e+00 0.00000000e+00
    0.00000000e+00 0.00000000e+00 0.00000000e+00 0.00000000e+00]
   [0.00000000e+00 0.00000000e+00 0.00000000e+00 0.00000000e+00
    0.00000000e+00 0.00000000e+00 6.25000000e-02 0.00000000e+00
    0.00000000e+00 0.00000000e+00 0.00000000e+00 0.00000000e+00
    0.00000000e+00 0.00000000e+00 0.00000000e+00 0.00000000e+00]
   [0.00000000e+00 0.00000000e+00 0.00000000e+00 0.00000000e+00
    0.00000000e+00 0.00000000e+00 6.25000000e-02 0.00000000e+00
    0.00000000e+00 0.00000000e+00 0.00000000e+00 0.00000000e+00
    0.00000000e+00 0.00000000e+00 0.00000000e+00 0.00000000e+00]
   [0.00000000e+00 0.00000000e+00 0.00000000e+00 0.00000000e+00
    0.00000000e+00 0.00000000e+00 6.25000000e-02 0.00000000e+00
    0.00000000e+00 0.00000000e+00 0.00000000e+00 0.00000000e+00
    0.00000000e+00 0.00000000e+00 0.00000000e+00 0.00000000e+00]
   [0.00000000e+00 0.00000000e+00 0.00000000e+00 0.00000000e+00
    0.00000000e+00 0.00000000e+00 6.25000000e-02 0.00000000e+00
    0.00000000e+00 0.00000000e+00 0.00000000e+00 0.00000000e+00
    0.00000000e+00 0.00000000e+00 0.00000000e+00 0.00000000e+00]
   [0.00000000e+00 0.00000000e+00 0.00000000e+00 0.00000000e+00
    0.00000000e+00 0.00000000e+00 6.25000000e-02 0.00000000e+00
    0.00000000e+00 0.00000000e+00 0.00000000e+00 0.00000000e+00
    0.00000000e+00 0.00000000e+00 0.00000000e+00 0.00000000e+00]
   [0.00000000e+00 0.00000000e+00 0.00000000e+00 0.00000000e+00
    0.00000000e+00 0.00000000e+00 6.25000000e-02 0.00000000e+00
    0.00000000e+00 0.00000000e+00 0.00000000e+00 0.00000000e+00
    0.00000000e+00 0.00000000e+00 0.00000000e+00 0.00000000e+00]
   [0.00000000e+00 0.00000000e+00 0.00000000e+00 0.00000000e+00
    0.00000000e+00 0.00000000e+00 6.25000000e-02 0.00000000e+00
    0.00000000e+00 0.00000000e+00 0.00000000e+00 0.00000000e+00
    0.00000000e+00 0.00000000e+00 0.00000000e+00 0.00000000e+00]
   [0.00000000e+00 0.00000000e+00 0.00000000e+00 0.00000000e+00
    0.00000000e+00 0.00000000e+00 6.25000000e-02 0.00000000e+00
    0.00000000e+00 0.00000000e+00 0.00000000e+00 0.00000000e+00
    0.00000000e+00 0.00000000e+00 0.00000000e+00 0.00000000e+00]
   [0.00000000e+00 0.00000000e+00 0.00000000e+00 0.00000000e+00
    0.00000000e+00 0.00000000e+00 6.25000000e-02 0.00000000e+00
    0.00000000e+00 0.00000000e+00 0.00000000e+00 0.00000000e+00
    0.00000000e+00 0.00000000e+00 0.00000000e+00 0.00000000e+00]
   [0.00000000e+00 0.00000000e+00 0.00000000e+00 0.00000000e+00
    0.00000000e+00 0.00000000e+00 6.25000000e-02 0.00000000e+00
    0.00000000e+00 0.00000000e+00 0.00000000e+00 0.00000000e+00
    0.00000000e+00 0.00000000e+00 0.00000000e+00 0.00000000e+00]
   [0.00000000e+00 0.00000000e+00 0.00000000e+00 0.00000000e+00
    0.00000000e+00 0.00000000e+00 6.25000000e-02 0.00000000e+00
    0.00000000e+00 0.00000000e+00 0.00000000e+00 0.00000000e+00
    0.00000000e+00 0.00000000e+00 0.00000000e+00 0.00000000e+00]
   [0.00000000e+00 0.00000000e+00 0.00000000e+00 0.00000000e+00
    0.00000000e+00 0.00000000e+00 6.25000000e-02 0.00000000e+00
    0.00000000e+00 0.00000000e+00 0.00000000e+00 0.00000000e+00
    0.00000000e+00 0.00000000e+00 0.00000000e+00 0.00000000e+00]
   [0.00000000e+00 0.00000000e+00 0.00000000e+00 0.00000000e+00
    0.00000000e+00 0.00000000e+00 6.25000000e-02 0.00000000e+00
    0.00000000e+00 0.00000000e+00 0.00000000e+00 0.00000000e+00
    0.00000000e+00 0.00000000e+00 0.00000000e+00 0.00000000e+00]
   [0.00000000e+00 0.00000000e+00 0.00000000e+00 0.00000000e+00
    0.00000000e+00 0.00000000e+00 6.25000000e-02 0.00000000e+00
    0.00000000e+00 0.00000000e+00 0.00000000e+00 0.00000000e+00
    0.00000000e+00 0.00000000e+00 0.00000000e+00 0.00000000e+00]
   [0.00000000e+00 0.00000000e+00 0.00000000e+00 0.00000000e+00
    0.00000000e+00 0.00000000e+00 6.25000000e-02 0.00000000e+00
    0.00000000e+00 0.00000000e+00 0.00000000e+00 0.00000000e+00
    0.00000000e+00 0.00000000e+00 0.00000000e+00 0.00000000e+00]
   [0.00000000e+00 0.00000000e+00 0.00000000e+00 0.00000000e+00
    0.00000000e+00 0.00000000e+00 6.25000000e-02 0.00000000e+00
    0.00000000e+00 0.00000000e+00 0.00000000e+00 0.00000000e+00
    0.00000000e+00 0.00000000e+00 0.00000000e+00 0.00000000e+00]
   [0.00000000e+00 0.00000000e+00 0.00000000e+00 0.00000000e+00
    0.00000000e+00 0.00000000e+00 6.25000000e-02 0.00000000e+00
    0.00000000e+00 0.00000000e+00 0.00000000e+00 0.00000000e+00
    0.00000000e+00 0.00000000e+00 0.00000000e+00 0.00000000e+00]
   [0.00000000e+00 0.00000000e+00 0.00000000e+00 0.00000000e+00
    0.00000000e+00 0.00000000e+00 6.25000000e-02 0.00000000e+00
    0.00000000e+00 0.00000000e+00 0.00000000e+00 0.00000000e+00
    0.00000000e+00 0.00000000e+00 0.00000000e+00 0.00000000e+00]
   [0.00000000e+00 0.00000000e+00 0.00000000e+00 0.00000000e+00
    0.00000000e+00 0.00000000e+00 6.25000000e-02 0.00000000e+00
    0.00000000e+00 0.00000000e+00 0.00000000e+00 0.00000000e+00
    0.00000000e+00 0.00000000e+00 0.00000000e+00 0.00000000e+00]
   [0.00000000e+00 0.00000000e+00 0.00000000e+00 0.00000000e+00
    0.00000000e+00 0.00000000e+00 6.25000000e-02 0.00000000e+00
    0.00000000e+00 0.00000000e+00 0.00000000e+00 0.00000000e+00
    0.00000000e+00 0.00000000e+00 0.00000000e+00 0.00000000e+00]
   [0.00000000e+00 0.00000000e+00 0.00000000e+00 0.00000000e+00
    0.00000000e+00 0.00000000e+00 6.25000000e-02 0.00000000e+00
    0.00000000e+00 0.00000000e+00 0.00000000e+00 0.00000000e+00
    0.00000000e+00 0.00000000e+00 0.00000000e+00 0.00000000e+00]]

  [[0.00000000e+00 0.00000000e+00 0.00000000e+00 0.00000000e+00
    0.00000000e+00 0.00000000e+00 6.25000000e-02 0.00000000e+00
    0.00000000e+00 0.00000000e+00 0.00000000e+00 0.00000000e+00
    0.00000000e+00 0.00000000e+00 0.00000000e+00 0.00000000e+00]
   [0.00000000e+00 0.00000000e+00 0.00000000e+00 0.00000000e+00
    0.00000000e+00 0.00000000e+00 6.25000000e-02 0.00000000e+00
    0.00000000e+00 0.00000000e+00 0.00000000e+00 0.00000000e+00
    0.00000000e+00 0.00000000e+00 0.00000000e+00 0.00000000e+00]
   [0.00000000e+00 0.00000000e+00 0.00000000e+00 0.00000000e+00
    0.00000000e+00 0.00000000e+00 6.25000000e-02 0.00000000e+00
    0.00000000e+00 0.00000000e+00 0.00000000e+00 0.00000000e+00
    0.00000000e+00 0.00000000e+00 0.00000000e+00 0.00000000e+00]
   [0.00000000e+00 0.00000000e+00 0.00000000e+00 0.00000000e+00
    0.00000000e+00 0.00000000e+00 6.25000000e-02 0.00000000e+00
    0.00000000e+00 0.00000000e+00 0.00000000e+00 0.00000000e+00
    0.00000000e+00 0.00000000e+00 0.00000000e+00 0.00000000e+00]
   [0.00000000e+00 0.00000000e+00 0.00000000e+00 0.00000000e+00
    0.00000000e+00 0.00000000e+00 6.25000000e-02 0.00000000e+00
    0.00000000e+00 0.00000000e+00 0.00000000e+00 0.00000000e+00
    0.00000000e+00 0.00000000e+00 0.00000000e+00 0.00000000e+00]
   [0.00000000e+00 0.00000000e+00 0.00000000e+00 0.00000000e+00
    0.00000000e+00 0.00000000e+00 6.25000000e-02 0.00000000e+00
    0.00000000e+00 0.00000000e+00 0.00000000e+00 0.00000000e+00
    0.00000000e+00 0.00000000e+00 0.00000000e+00 0.00000000e+00]
   [0.00000000e+00 0.00000000e+00 0.00000000e+00 0.00000000e+00
    0.00000000e+00 0.00000000e+00 6.25000000e-02 0.00000000e+00
    0.00000000e+00 0.00000000e+00 0.00000000e+00 0.00000000e+00
    0.00000000e+00 0.00000000e+00 0.00000000e+00 0.00000000e+00]
   [0.00000000e+00 0.00000000e+00 0.00000000e+00 0.00000000e+00
    0.00000000e+00 0.00000000e+00 6.25000000e-02 0.00000000e+00
    0.00000000e+00 0.00000000e+00 0.00000000e+00 0.00000000e+00
    0.00000000e+00 0.00000000e+00 0.00000000e+00 0.00000000e+00]
   [0.00000000e+00 0.00000000e+00 0.00000000e+00 0.00000000e+00
    0.00000000e+00 0.00000000e+00 6.25000000e-02 0.00000000e+00
    0.00000000e+00 0.00000000e+00 0.00000000e+00 0.00000000e+00
    0.00000000e+00 0.00000000e+00 0.00000000e+00 0.00000000e+00]
   [0.00000000e+00 0.00000000e+00 0.00000000e+00 0.00000000e+00
    0.00000000e+00 0.00000000e+00 6.25000000e-02 0.00000000e+00
    0.00000000e+00 0.00000000e+00 0.00000000e+00 0.00000000e+00
    0.00000000e+00 0.00000000e+00 0.00000000e+00 0.00000000e+00]
   [0.00000000e+00 0.00000000e+00 0.00000000e+00 0.00000000e+00
    0.00000000e+00 0.00000000e+00 6.25000000e-02 0.00000000e+00
    0.00000000e+00 0.00000000e+00 0.00000000e+00 0.00000000e+00
    0.00000000e+00 0.00000000e+00 0.00000000e+00 0.00000000e+00]
   [0.00000000e+00 0.00000000e+00 0.00000000e+00 0.00000000e+00
    0.00000000e+00 0.00000000e+00 6.25000000e-02 0.00000000e+00
    0.00000000e+00 0.00000000e+00 0.00000000e+00 0.00000000e+00
    0.00000000e+00 0.00000000e+00 0.00000000e+00 0.00000000e+00]
   [0.00000000e+00 0.00000000e+00 0.00000000e+00 0.00000000e+00
    0.00000000e+00 0.00000000e+00 6.25000000e-02 0.00000000e+00
    0.00000000e+00 0.00000000e+00 0.00000000e+00 0.00000000e+00
    0.00000000e+00 0.00000000e+00 0.00000000e+00 0.00000000e+00]
   [0.00000000e+00 0.00000000e+00 0.00000000e+00 0.00000000e+00
    0.00000000e+00 0.00000000e+00 6.25000000e-02 0.00000000e+00
    0.00000000e+00 0.00000000e+00 0.00000000e+00 0.00000000e+00
    0.00000000e+00 0.00000000e+00 0.00000000e+00 0.00000000e+00]
   [0.00000000e+00 0.00000000e+00 0.00000000e+00 0.00000000e+00
    0.00000000e+00 0.00000000e+00 6.25000000e-02 0.00000000e+00
    0.00000000e+00 0.00000000e+00 0.00000000e+00 0.00000000e+00
    0.00000000e+00 0.00000000e+00 0.00000000e+00 0.00000000e+00]
   [0.00000000e+00 0.00000000e+00 0.00000000e+00 0.00000000e+00
    0.00000000e+00 0.00000000e+00 6.25000000e-02 0.00000000e+00
    0.00000000e+00 0.00000000e+00 0.00000000e+00 0.00000000e+00
    0.00000000e+00 0.00000000e+00 0.00000000e+00 0.00000000e+00]
   [0.00000000e+00 0.00000000e+00 0.00000000e+00 0.00000000e+00
    0.00000000e+00 0.00000000e+00 6.25000000e-02 0.00000000e+00
    0.00000000e+00 0.00000000e+00 0.00000000e+00 0.00000000e+00
    0.00000000e+00 0.00000000e+00 0.00000000e+00 0.00000000e+00]
   [0.00000000e+00 0.00000000e+00 0.00000000e+00 0.00000000e+00
    0.00000000e+00 0.00000000e+00 6.25000000e-02 0.00000000e+00
    0.00000000e+00 0.00000000e+00 0.00000000e+00 0.00000000e+00
    0.00000000e+00 0.00000000e+00 0.00000000e+00 0.00000000e+00]
   [0.00000000e+00 0.00000000e+00 0.00000000e+00 0.00000000e+00
    0.00000000e+00 0.00000000e+00 6.25000000e-02 0.00000000e+00
    0.00000000e+00 0.00000000e+00 0.00000000e+00 0.00000000e+00
    0.00000000e+00 0.00000000e+00 0.00000000e+00 0.00000000e+00]
   [0.00000000e+00 0.00000000e+00 0.00000000e+00 0.00000000e+00
    0.00000000e+00 0.00000000e+00 6.25000000e-02 0.00000000e+00
    0.00000000e+00 0.00000000e+00 0.00000000e+00 0.00000000e+00
    0.00000000e+00 0.00000000e+00 0.00000000e+00 0.00000000e+00]
   [0.00000000e+00 0.00000000e+00 0.00000000e+00 0.00000000e+00
    0.00000000e+00 0.00000000e+00 6.25000000e-02 0.00000000e+00
    0.00000000e+00 0.00000000e+00 0.00000000e+00 0.00000000e+00
    0.00000000e+00 0.00000000e+00 0.00000000e+00 0.00000000e+00]
   [0.00000000e+00 0.00000000e+00 0.00000000e+00 0.00000000e+00
    0.00000000e+00 0.00000000e+00 6.25000000e-02 0.00000000e+00
    0.00000000e+00 0.00000000e+00 0.00000000e+00 0.00000000e+00
    0.00000000e+00 0.00000000e+00 0.00000000e+00 0.00000000e+00]
   [0.00000000e+00 0.00000000e+00 0.00000000e+00 0.00000000e+00
    0.00000000e+00 0.00000000e+00 6.25000000e-02 0.00000000e+00
    0.00000000e+00 0.00000000e+00 0.00000000e+00 0.00000000e+00
    0.00000000e+00 0.00000000e+00 0.00000000e+00 0.00000000e+00]
   [0.00000000e+00 0.00000000e+00 0.00000000e+00 0.00000000e+00
    0.00000000e+00 0.00000000e+00 6.25000000e-02 0.00000000e+00
    0.00000000e+00 0.00000000e+00 0.00000000e+00 0.00000000e+00
    0.00000000e+00 0.00000000e+00 0.00000000e+00 0.00000000e+00]
   [0.00000000e+00 0.00000000e+00 0.00000000e+00 0.00000000e+00
    0.00000000e+00 0.00000000e+00 6.25000000e-02 0.00000000e+00
    0.00000000e+00 0.00000000e+00 0.00000000e+00 0.00000000e+00
    0.00000000e+00 0.00000000e+00 0.00000000e+00 0.00000000e+00]
   [0.00000000e+00 0.00000000e+00 0.00000000e+00 0.00000000e+00
    0.00000000e+00 0.00000000e+00 6.25000000e-02 0.00000000e+00
    0.00000000e+00 0.00000000e+00 0.00000000e+00 0.00000000e+00
    0.00000000e+00 0.00000000e+00 0.00000000e+00 0.00000000e+00]]

  [[0.00000000e+00 0.00000000e+00 0.00000000e+00 0.00000000e+00
    0.00000000e+00 0.00000000e+00 6.25000000e-02 0.00000000e+00
    0.00000000e+00 0.00000000e+00 0.00000000e+00 0.00000000e+00
    0.00000000e+00 0.00000000e+00 0.00000000e+00 0.00000000e+00]
   [0.00000000e+00 0.00000000e+00 0.00000000e+00 0.00000000e+00
    0.00000000e+00 0.00000000e+00 6.25000000e-02 0.00000000e+00
    0.00000000e+00 0.00000000e+00 0.00000000e+00 0.00000000e+00
    0.00000000e+00 0.00000000e+00 0.00000000e+00 0.00000000e+00]
   [0.00000000e+00 0.00000000e+00 0.00000000e+00 0.00000000e+00
    0.00000000e+00 0.00000000e+00 6.25000000e-02 0.00000000e+00
    0.00000000e+00 0.00000000e+00 0.00000000e+00 0.00000000e+00
    0.00000000e+00 0.00000000e+00 0.00000000e+00 0.00000000e+00]
   [0.00000000e+00 0.00000000e+00 0.00000000e+00 0.00000000e+00
    0.00000000e+00 0.00000000e+00 6.25000000e-02 0.00000000e+00
    0.00000000e+00 0.00000000e+00 0.00000000e+00 0.00000000e+00
    0.00000000e+00 0.00000000e+00 0.00000000e+00 0.00000000e+00]
   [0.00000000e+00 0.00000000e+00 0.00000000e+00 0.00000000e+00
    0.00000000e+00 0.00000000e+00 6.25000000e-02 0.00000000e+00
    0.00000000e+00 0.00000000e+00 0.00000000e+00 0.00000000e+00
    0.00000000e+00 0.00000000e+00 0.00000000e+00 0.00000000e+00]
   [0.00000000e+00 0.00000000e+00 0.00000000e+00 0.00000000e+00
    0.00000000e+00 0.00000000e+00 6.25000000e-02 0.00000000e+00
    0.00000000e+00 0.00000000e+00 0.00000000e+00 0.00000000e+00
    0.00000000e+00 0.00000000e+00 0.00000000e+00 0.00000000e+00]
   [0.00000000e+00 0.00000000e+00 0.00000000e+00 0.00000000e+00
    0.00000000e+00 0.00000000e+00 6.25000000e-02 0.00000000e+00
    0.00000000e+00 0.00000000e+00 0.00000000e+00 0.00000000e+00
    0.00000000e+00 0.00000000e+00 0.00000000e+00 0.00000000e+00]
   [0.00000000e+00 0.00000000e+00 0.00000000e+00 0.00000000e+00
    0.00000000e+00 0.00000000e+00 6.25000000e-02 0.00000000e+00
    0.00000000e+00 0.00000000e+00 0.00000000e+00 0.00000000e+00
    0.00000000e+00 0.00000000e+00 0.00000000e+00 0.00000000e+00]
   [0.00000000e+00 0.00000000e+00 0.00000000e+00 0.00000000e+00
    0.00000000e+00 0.00000000e+00 6.25000000e-02 0.00000000e+00
    0.00000000e+00 0.00000000e+00 0.00000000e+00 0.00000000e+00
    0.00000000e+00 0.00000000e+00 0.00000000e+00 0.00000000e+00]
   [0.00000000e+00 0.00000000e+00 0.00000000e+00 0.00000000e+00
    0.00000000e+00 0.00000000e+00 6.25000000e-02 0.00000000e+00
    0.00000000e+00 0.00000000e+00 0.00000000e+00 0.00000000e+00
    0.00000000e+00 0.00000000e+00 0.00000000e+00 0.00000000e+00]
   [0.00000000e+00 0.00000000e+00 0.00000000e+00 0.00000000e+00
    0.00000000e+00 0.00000000e+00 6.25000000e-02 0.00000000e+00
    0.00000000e+00 0.00000000e+00 0.00000000e+00 0.00000000e+00
    0.00000000e+00 0.00000000e+00 0.00000000e+00 0.00000000e+00]
   [0.00000000e+00 0.00000000e+00 0.00000000e+00 0.00000000e+00
    0.00000000e+00 0.00000000e+00 6.25000000e-02 0.00000000e+00
    0.00000000e+00 0.00000000e+00 0.00000000e+00 0.00000000e+00
    0.00000000e+00 0.00000000e+00 0.00000000e+00 0.00000000e+00]
   [0.00000000e+00 0.00000000e+00 0.00000000e+00 0.00000000e+00
    0.00000000e+00 0.00000000e+00 6.25000000e-02 0.00000000e+00
    0.00000000e+00 0.00000000e+00 0.00000000e+00 0.00000000e+00
    0.00000000e+00 0.00000000e+00 0.00000000e+00 0.00000000e+00]
   [0.00000000e+00 0.00000000e+00 0.00000000e+00 0.00000000e+00
    0.00000000e+00 0.00000000e+00 6.25000000e-02 0.00000000e+00
    0.00000000e+00 0.00000000e+00 0.00000000e+00 0.00000000e+00
    0.00000000e+00 0.00000000e+00 0.00000000e+00 0.00000000e+00]
   [0.00000000e+00 0.00000000e+00 0.00000000e+00 0.00000000e+00
    0.00000000e+00 0.00000000e+00 6.25000000e-02 0.00000000e+00
    0.00000000e+00 0.00000000e+00 0.00000000e+00 0.00000000e+00
    0.00000000e+00 0.00000000e+00 0.00000000e+00 0.00000000e+00]
   [0.00000000e+00 0.00000000e+00 0.00000000e+00 0.00000000e+00
    0.00000000e+00 0.00000000e+00 6.25000000e-02 0.00000000e+00
    0.00000000e+00 0.00000000e+00 0.00000000e+00 0.00000000e+00
    0.00000000e+00 0.00000000e+00 0.00000000e+00 0.00000000e+00]
   [0.00000000e+00 0.00000000e+00 0.00000000e+00 0.00000000e+00
    0.00000000e+00 0.00000000e+00 6.25000000e-02 0.00000000e+00
    0.00000000e+00 0.00000000e+00 0.00000000e+00 0.00000000e+00
    0.00000000e+00 0.00000000e+00 0.00000000e+00 0.00000000e+00]
   [0.00000000e+00 0.00000000e+00 0.00000000e+00 0.00000000e+00
    0.00000000e+00 0.00000000e+00 6.25000000e-02 0.00000000e+00
    0.00000000e+00 0.00000000e+00 0.00000000e+00 0.00000000e+00
    0.00000000e+00 0.00000000e+00 0.00000000e+00 0.00000000e+00]
   [0.00000000e+00 0.00000000e+00 0.00000000e+00 0.00000000e+00
    0.00000000e+00 0.00000000e+00 6.25000000e-02 0.00000000e+00
    0.00000000e+00 0.00000000e+00 0.00000000e+00 0.00000000e+00
    0.00000000e+00 0.00000000e+00 0.00000000e+00 0.00000000e+00]
   [0.00000000e+00 0.00000000e+00 0.00000000e+00 0.00000000e+00
    0.00000000e+00 0.00000000e+00 6.25000000e-02 0.00000000e+00
    0.00000000e+00 0.00000000e+00 0.00000000e+00 0.00000000e+00
    0.00000000e+00 0.00000000e+00 0.00000000e+00 0.00000000e+00]
   [0.00000000e+00 0.00000000e+00 0.00000000e+00 0.00000000e+00
    0.00000000e+00 0.00000000e+00 6.25000000e-02 0.00000000e+00
    0.00000000e+00 0.00000000e+00 0.00000000e+00 0.00000000e+00
    0.00000000e+00 0.00000000e+00 0.00000000e+00 0.00000000e+00]
   [0.00000000e+00 0.00000000e+00 0.00000000e+00 0.00000000e+00
    0.00000000e+00 0.00000000e+00 6.25000000e-02 0.00000000e+00
    0.00000000e+00 0.00000000e+00 0.00000000e+00 0.00000000e+00
    0.00000000e+00 0.00000000e+00 0.00000000e+00 0.00000000e+00]
   [0.00000000e+00 0.00000000e+00 0.00000000e+00 0.00000000e+00
    0.00000000e+00 0.00000000e+00 6.25000000e-02 0.00000000e+00
    0.00000000e+00 0.00000000e+00 0.00000000e+00 0.00000000e+00
    0.00000000e+00 0.00000000e+00 0.00000000e+00 0.00000000e+00]
   [0.00000000e+00 0.00000000e+00 0.00000000e+00 0.00000000e+00
    0.00000000e+00 0.00000000e+00 6.25000000e-02 0.00000000e+00
    0.00000000e+00 0.00000000e+00 0.00000000e+00 0.00000000e+00
    0.00000000e+00 0.00000000e+00 0.00000000e+00 0.00000000e+00]
   [0.00000000e+00 0.00000000e+00 0.00000000e+00 0.00000000e+00
    0.00000000e+00 0.00000000e+00 6.25000000e-02 0.00000000e+00
    0.00000000e+00 0.00000000e+00 0.00000000e+00 0.00000000e+00
    0.00000000e+00 0.00000000e+00 0.00000000e+00 0.00000000e+00]
   [0.00000000e+00 0.00000000e+00 0.00000000e+00 0.00000000e+00
    0.00000000e+00 0.00000000e+00 6.25000000e-02 0.00000000e+00
    0.00000000e+00 0.00000000e+00 0.00000000e+00 0.00000000e+00
    0.00000000e+00 0.00000000e+00 0.00000000e+00 0.00000000e+00]]

  [[0.00000000e+00 0.00000000e+00 0.00000000e+00 0.00000000e+00
    0.00000000e+00 0.00000000e+00 6.25000000e-02 0.00000000e+00
    0.00000000e+00 0.00000000e+00 0.00000000e+00 0.00000000e+00
    0.00000000e+00 0.00000000e+00 0.00000000e+00 0.00000000e+00]
   [0.00000000e+00 0.00000000e+00 0.00000000e+00 0.00000000e+00
    0.00000000e+00 0.00000000e+00 6.25000000e-02 0.00000000e+00
    0.00000000e+00 0.00000000e+00 0.00000000e+00 0.00000000e+00
    0.00000000e+00 0.00000000e+00 0.00000000e+00 0.00000000e+00]
   [0.00000000e+00 0.00000000e+00 0.00000000e+00 0.00000000e+00
    0.00000000e+00 0.00000000e+00 6.25000000e-02 0.00000000e+00
    0.00000000e+00 0.00000000e+00 0.00000000e+00 0.00000000e+00
    0.00000000e+00 0.00000000e+00 0.00000000e+00 0.00000000e+00]
   [0.00000000e+00 0.00000000e+00 0.00000000e+00 0.00000000e+00
    0.00000000e+00 0.00000000e+00 6.25000000e-02 0.00000000e+00
    0.00000000e+00 0.00000000e+00 0.00000000e+00 0.00000000e+00
    0.00000000e+00 0.00000000e+00 0.00000000e+00 0.00000000e+00]
   [1.03027344e-01 0.00000000e+00 2.05078125e-02 6.17675781e-02
    2.05078125e-02 2.05078125e-02 0.00000000e+00 0.00000000e+00
    4.12597656e-02 2.05078125e-02 0.00000000e+00 0.00000000e+00
    0.00000000e+00 4.12597656e-02 0.00000000e+00 0.00000000e+00]
   [2.88574219e-01 0.00000000e+00 0.00000000e+00 1.97753906e-01
    6.59179688e-02 4.54101562e-02 0.00000000e+00 0.00000000e+00
    4.93164062e-02 4.54101562e-02 0.00000000e+00 0.00000000e+00
    0.00000000e+00 1.31835938e-01 0.00000000e+00 0.00000000e+00]
   [3.51318359e-01 0.00000000e+00 0.00000000e+00 2.11669922e-01
    1.04980469e-01 3.90625000e-02 0.00000000e+00 0.00000000e+00
    0.00000000e+00 1.85546875e-02 9.27734375e-02 0.00000000e+00
    5.39550781e-02 2.71484375e-01 0.00000000e+00 2.61230469e-02]
   [3.47412109e-01 1.22070312e-02 0.00000000e+00 1.37451172e-01
    1.21582031e-01 3.71093750e-02 0.00000000e+00 0.00000000e+00
    0.00000000e+00 0.00000000e+00 1.31347656e-01 0.00000000e+00
    9.44824219e-02 3.78662109e-01 0.00000000e+00 1.20849609e-01]
   [2.23632812e-01 6.88476562e-02 0.00000000e+00 7.73925781e-02
    9.08203125e-02 1.46484375e-02 0.00000000e+00 0.00000000e+00
    0.00000000e+00 0.00000000e+00 1.37207031e-01 0.00000000e+00
    1.22558594e-01 2.98095703e-01 0.00000000e+00 1.15722656e-01]
   [1.25488281e-01 4.00390625e-02 0.00000000e+00 0.00000000e+00
    6.05468750e-02 8.78906250e-03 0.00000000e+00 5.22460938e-02
    0.00000000e+00 0.00000000e+00 9.44824219e-02 0.00000000e+00
    8.56933594e-02 2.31933594e-01 3.14941406e-02 9.13085938e-02]
   [4.10156250e-02 3.22265625e-02 0.00000000e+00 0.00000000e+00
    2.34375000e-02 0.00000000e+00 0.00000000e+00 8.78906250e-03
    0.00000000e+00 0.00000000e+00 4.68750000e-02 0.00000000e+00
    4.68750000e-02 9.10644531e-02 1.78222656e-02 5.12695312e-03]
   [8.78906250e-03 8.78906250e-03 0.00000000e+00 0.00000000e+00
    8.78906250e-03 0.00000000e+00 1.83105469e-02 2.63671875e-02
    0.00000000e+00 0.00000000e+00 1.75781250e-02 0.00000000e+00
    1.75781250e-02 4.41894531e-02 2.63671875e-02 0.00000000e+00]
   [0.00000000e+00 0.00000000e+00 0.00000000e+00 0.00000000e+00
    0.00000000e+00 0.00000000e+00 6.25000000e-02 0.00000000e+00
    0.00000000e+00 0.00000000e+00 0.00000000e+00 0.00000000e+00
    0.00000000e+00 0.00000000e+00 0.00000000e+00 0.00000000e+00]
   [0.00000000e+00 0.00000000e+00 0.00000000e+00 0.00000000e+00
    0.00000000e+00 0.00000000e+00 6.25000000e-02 0.00000000e+00
    0.00000000e+00 0.00000000e+00 0.00000000e+00 0.00000000e+00
    0.00000000e+00 0.00000000e+00 0.00000000e+00 0.00000000e+00]
   [0.00000000e+00 0.00000000e+00 0.00000000e+00 0.00000000e+00
    0.00000000e+00 0.00000000e+00 6.25000000e-02 0.00000000e+00
    0.00000000e+00 0.00000000e+00 0.00000000e+00 0.00000000e+00
    0.00000000e+00 0.00000000e+00 0.00000000e+00 0.00000000e+00]
   [0.00000000e+00 0.00000000e+00 0.00000000e+00 0.00000000e+00
    0.00000000e+00 0.00000000e+00 6.25000000e-02 0.00000000e+00
    0.00000000e+00 0.00000000e+00 0.00000000e+00 0.00000000e+00
    0.00000000e+00 0.00000000e+00 0.00000000e+00 0.00000000e+00]
   [0.00000000e+00 0.00000000e+00 0.00000000e+00 0.00000000e+00
    0.00000000e+00 0.00000000e+00 6.25000000e-02 0.00000000e+00
    0.00000000e+00 0.00000000e+00 0.00000000e+00 0.00000000e+00
    0.00000000e+00 0.00000000e+00 0.00000000e+00 0.00000000e+00]
   [0.00000000e+00 0.00000000e+00 0.00000000e+00 0.00000000e+00
    0.00000000e+00 0.00000000e+00 6.25000000e-02 0.00000000e+00
    0.00000000e+00 0.00000000e+00 0.00000000e+00 0.00000000e+00
    0.00000000e+00 0.00000000e+00 0.00000000e+00 0.00000000e+00]
   [0.00000000e+00 0.00000000e+00 0.00000000e+00 0.00000000e+00
    0.00000000e+00 0.00000000e+00 6.25000000e-02 0.00000000e+00
    0.00000000e+00 0.00000000e+00 0.00000000e+00 0.00000000e+00
    0.00000000e+00 0.00000000e+00 0.00000000e+00 0.00000000e+00]
   [0.00000000e+00 0.00000000e+00 0.00000000e+00 0.00000000e+00
    0.00000000e+00 0.00000000e+00 6.25000000e-02 0.00000000e+00
    0.00000000e+00 0.00000000e+00 0.00000000e+00 0.00000000e+00
    0.00000000e+00 0.00000000e+00 0.00000000e+00 0.00000000e+00]
   [0.00000000e+00 0.00000000e+00 0.00000000e+00 0.00000000e+00
    0.00000000e+00 0.00000000e+00 6.25000000e-02 0.00000000e+00
    0.00000000e+00 0.00000000e+00 0.00000000e+00 0.00000000e+00
    0.00000000e+00 0.00000000e+00 0.00000000e+00 0.00000000e+00]
   [0.00000000e+00 0.00000000e+00 0.00000000e+00 0.00000000e+00
    0.00000000e+00 0.00000000e+00 6.25000000e-02 0.00000000e+00
    0.00000000e+00 0.00000000e+00 0.00000000e+00 0.00000000e+00
    0.00000000e+00 0.00000000e+00 0.00000000e+00 0.00000000e+00]
   [0.00000000e+00 0.00000000e+00 0.00000000e+00 0.00000000e+00
    0.00000000e+00 0.00000000e+00 6.25000000e-02 0.00000000e+00
    0.00000000e+00 0.00000000e+00 0.00000000e+00 0.00000000e+00
    0.00000000e+00 0.00000000e+00 0.00000000e+00 0.00000000e+00]
   [0.00000000e+00 0.00000000e+00 0.00000000e+00 0.00000000e+00
    0.00000000e+00 0.00000000e+00 6.25000000e-02 0.00000000e+00
    0.00000000e+00 0.00000000e+00 0.00000000e+00 0.00000000e+00
    0.00000000e+00 0.00000000e+00 0.00000000e+00 0.00000000e+00]
   [0.00000000e+00 0.00000000e+00 0.00000000e+00 0.00000000e+00
    0.00000000e+00 0.00000000e+00 6.25000000e-02 0.00000000e+00
    0.00000000e+00 0.00000000e+00 0.00000000e+00 0.00000000e+00
    0.00000000e+00 0.00000000e+00 0.00000000e+00 0.00000000e+00]
   [0.00000000e+00 0.00000000e+00 0.00000000e+00 0.00000000e+00
    0.00000000e+00 0.00000000e+00 6.25000000e-02 0.00000000e+00
    0.00000000e+00 0.00000000e+00 0.00000000e+00 0.00000000e+00
    0.00000000e+00 0.00000000e+00 0.00000000e+00 0.00000000e+00]]

  [[0.00000000e+00 0.00000000e+00 0.00000000e+00 0.00000000e+00
    0.00000000e+00 0.00000000e+00 6.25000000e-02 0.00000000e+00
    0.00000000e+00 0.00000000e+00 0.00000000e+00 0.00000000e+00
    0.00000000e+00 0.00000000e+00 0.00000000e+00 0.00000000e+00]
   [0.00000000e+00 0.00000000e+00 0.00000000e+00 0.00000000e+00
    0.00000000e+00 0.00000000e+00 6.25000000e-02 0.00000000e+00
    0.00000000e+00 0.00000000e+00 0.00000000e+00 0.00000000e+00
    0.00000000e+00 0.00000000e+00 0.00000000e+00 0.00000000e+00]
   [0.00000000e+00 0.00000000e+00 0.00000000e+00 0.00000000e+00
    0.00000000e+00 0.00000000e+00 6.25000000e-02 0.00000000e+00
    0.00000000e+00 0.00000000e+00 0.00000000e+00 0.00000000e+00
    0.00000000e+00 0.00000000e+00 0.00000000e+00 0.00000000e+00]
   [0.00000000e+00 0.00000000e+00 0.00000000e+00 0.00000000e+00
    0.00000000e+00 0.00000000e+00 6.25000000e-02 0.00000000e+00
    0.00000000e+00 0.00000000e+00 0.00000000e+00 0.00000000e+00
    0.00000000e+00 0.00000000e+00 0.00000000e+00 0.00000000e+00]
   [2.71972656e-01 0.00000000e+00 9.57031250e-02 1.01562500e-01
    5.44433594e-02 3.39355469e-02 0.00000000e+00 2.05078125e-02
    1.50146484e-01 9.57031250e-02 0.00000000e+00 0.00000000e+00
    0.00000000e+00 0.00000000e+00 0.00000000e+00 0.00000000e+00]
   [4.12841797e-01 0.00000000e+00 0.00000000e+00 2.75878906e-01
    9.61914062e-02 5.81054688e-02 0.00000000e+00 0.00000000e+00
    1.26708984e-01 2.14599609e-01 1.37207031e-01 0.00000000e+00
    1.24511719e-01 0.00000000e+00 0.00000000e+00 4.07714844e-02]
   [3.13476562e-01 0.00000000e+00 0.00000000e+00 3.45458984e-01
    1.54052734e-01 1.13769531e-01 0.00000000e+00 0.00000000e+00
    4.10156250e-02 1.59912109e-01 2.28515625e-01 0.00000000e+00
    2.15332031e-01 3.73779297e-01 0.00000000e+00 1.96044922e-01]
   [2.16552734e-01 3.34472656e-02 0.00000000e+00 3.90869141e-01
    1.93115234e-01 1.03027344e-01 0.00000000e+00 0.00000000e+00
    0.00000000e+00 5.49316406e-02 2.15332031e-01 0.00000000e+00
    2.85156250e-01 4.67773438e-01 0.00000000e+00 1.18164062e-01]
   [2.54394531e-01 9.69238281e-02 0.00000000e+00 4.32861328e-01
    1.88720703e-01 1.21582031e-01 0.00000000e+00 0.00000000e+00
    0.00000000e+00 2.34375000e-02 1.77001953e-01 0.00000000e+00
    1.87255859e-01 5.00000000e-01 0.00000000e+00 9.71679688e-02]
   [3.15185547e-01 1.22070312e-01 0.00000000e+00 3.68408203e-01
    2.06054688e-01 7.95898438e-02 0.00000000e+00 0.00000000e+00
    0.00000000e+00 0.00000000e+00 1.70410156e-01 0.00000000e+00
    2.10937500e-01 5.00000000e-01 0.00000000e+00 7.39746094e-02]
   [3.82324219e-01 9.37500000e-02 0.00000000e+00 2.68798828e-01
    1.75781250e-01 6.61621094e-02 0.00000000e+00 0.00000000e+00
    0.00000000e+00 0.00000000e+00 1.79443359e-01 0.00000000e+00
    1.57226562e-01 5.00000000e-01 0.00000000e+00 1.46972656e-01]
   [4.03076172e-01 4.61425781e-02 0.00000000e+00 1.99218750e-01
    1.65039062e-01 4.85839844e-02 0.00000000e+00 0.00000000e+00
    0.00000000e+00 0.00000000e+00 1.57958984e-01 0.00000000e+00
    1.35742188e-01 5.00000000e-01 0.00000000e+00 1.38427734e-01]
   [4.36767578e-01 2.44140625e-04 0.00000000e+00 1.93847656e-01
    1.45751953e-01 4.85839844e-02 0.00000000e+00 0.00000000e+00
    0.00000000e+00 0.00000000e+00 1.45751953e-01 0.00000000e+00
    9.71679688e-02 4.37011719e-01 0.00000000e+00 1.31591797e-01]
   [4.36767578e-01 2.44140625e-04 0.00000000e+00 1.93847656e-01
    1.45751953e-01 4.85839844e-02 0.00000000e+00 0.00000000e+00
    0.00000000e+00 0.00000000e+00 1.45751953e-01 0.00000000e+00
    9.71679688e-02 4.37011719e-01 0.00000000e+00 1.31591797e-01]
   [4.36767578e-01 2.44140625e-04 0.00000000e+00 1.93847656e-01
    1.45751953e-01 4.85839844e-02 0.00000000e+00 0.00000000e+00
    0.00000000e+00 0.00000000e+00 1.45751953e-01 0.00000000e+00
    9.71679688e-02 4.37011719e-01 0.00000000e+00 1.31591797e-01]
   [4.36767578e-01 2.44140625e-04 0.00000000e+00 1.93847656e-01
    1.45751953e-01 4.85839844e-02 0.00000000e+00 0.00000000e+00
    0.00000000e+00 0.00000000e+00 1.45751953e-01 0.00000000e+00
    9.71679688e-02 4.37011719e-01 0.00000000e+00 1.31591797e-01]
   [4.36767578e-01 2.44140625e-04 0.00000000e+00 1.93847656e-01
    1.45751953e-01 4.85839844e-02 0.00000000e+00 0.00000000e+00
    0.00000000e+00 0.00000000e+00 1.45751953e-01 0.00000000e+00
    9.71679688e-02 4.37011719e-01 0.00000000e+00 1.31591797e-01]
   [4.36767578e-01 2.44140625e-04 0.00000000e+00 1.93847656e-01
    1.45751953e-01 4.85839844e-02 0.00000000e+00 0.00000000e+00
    0.00000000e+00 0.00000000e+00 1.45751953e-01 0.00000000e+00
    9.71679688e-02 4.37011719e-01 0.00000000e+00 1.31591797e-01]
   [4.02343750e-01 2.07519531e-02 0.00000000e+00 1.73339844e-01
    1.38916016e-01 4.17480469e-02 0.00000000e+00 0.00000000e+00
    0.00000000e+00 0.00000000e+00 1.52587891e-01 0.00000000e+00
    1.11083984e-01 4.23095703e-01 0.00000000e+00 1.38427734e-01]
   [2.37304688e-01 9.35058594e-02 0.00000000e+00 6.61621094e-02
    1.03027344e-01 1.26953125e-02 0.00000000e+00 0.00000000e+00
    0.00000000e+00 0.00000000e+00 1.67724609e-01 0.00000000e+00
    1.55029297e-01 3.51318359e-01 0.00000000e+00 1.60644531e-01]
   [8.00781250e-02 6.71386719e-02 0.00000000e+00 0.00000000e+00
    5.44433594e-02 0.00000000e+00 0.00000000e+00 7.39746094e-02
    0.00000000e+00 0.00000000e+00 1.08642578e-01 0.00000000e+00
    1.08642578e-01 2.33642578e-01 8.66699219e-02 1.16943359e-01]
   [1.26953125e-02 1.26953125e-02 0.00000000e+00 0.00000000e+00
    1.26953125e-02 0.00000000e+00 0.00000000e+00 3.83300781e-02
    0.00000000e+00 0.00000000e+00 2.53906250e-02 0.00000000e+00
    2.53906250e-02 6.37207031e-02 3.83300781e-02 0.00000000e+00]
   [0.00000000e+00 0.00000000e+00 0.00000000e+00 0.00000000e+00
    0.00000000e+00 0.00000000e+00 6.25000000e-02 0.00000000e+00
    0.00000000e+00 0.00000000e+00 0.00000000e+00 0.00000000e+00
    0.00000000e+00 0.00000000e+00 0.00000000e+00 0.00000000e+00]
   [0.00000000e+00 0.00000000e+00 0.00000000e+00 0.00000000e+00
    0.00000000e+00 0.00000000e+00 6.25000000e-02 0.00000000e+00
    0.00000000e+00 0.00000000e+00 0.00000000e+00 0.00000000e+00
    0.00000000e+00 0.00000000e+00 0.00000000e+00 0.00000000e+00]
   [0.00000000e+00 0.00000000e+00 0.00000000e+00 0.00000000e+00
    0.00000000e+00 0.00000000e+00 6.25000000e-02 0.00000000e+00
    0.00000000e+00 0.00000000e+00 0.00000000e+00 0.00000000e+00
    0.00000000e+00 0.00000000e+00 0.00000000e+00 0.00000000e+00]
   [0.00000000e+00 0.00000000e+00 0.00000000e+00 0.00000000e+00
    0.00000000e+00 0.00000000e+00 6.25000000e-02 0.00000000e+00
    0.00000000e+00 0.00000000e+00 0.00000000e+00 0.00000000e+00
    0.00000000e+00 0.00000000e+00 0.00000000e+00 0.00000000e+00]]

  [[0.00000000e+00 0.00000000e+00 0.00000000e+00 0.00000000e+00
    0.00000000e+00 0.00000000e+00 6.25000000e-02 0.00000000e+00
    0.00000000e+00 0.00000000e+00 0.00000000e+00 0.00000000e+00
    0.00000000e+00 0.00000000e+00 0.00000000e+00 0.00000000e+00]
   [0.00000000e+00 0.00000000e+00 0.00000000e+00 0.00000000e+00
    0.00000000e+00 0.00000000e+00 6.25000000e-02 0.00000000e+00
    0.00000000e+00 0.00000000e+00 0.00000000e+00 0.00000000e+00
    0.00000000e+00 0.00000000e+00 0.00000000e+00 0.00000000e+00]
   [0.00000000e+00 0.00000000e+00 0.00000000e+00 0.00000000e+00
    0.00000000e+00 0.00000000e+00 6.25000000e-02 0.00000000e+00
    0.00000000e+00 0.00000000e+00 0.00000000e+00 0.00000000e+00
    0.00000000e+00 0.00000000e+00 0.00000000e+00 0.00000000e+00]
   [0.00000000e+00 0.00000000e+00 0.00000000e+00 0.00000000e+00
    0.00000000e+00 0.00000000e+00 6.25000000e-02 0.00000000e+00
    0.00000000e+00 0.00000000e+00 0.00000000e+00 0.00000000e+00
    0.00000000e+00 0.00000000e+00 0.00000000e+00 0.00000000e+00]
   [0.00000000e+00 0.00000000e+00 1.87011719e-01 0.00000000e+00
    3.68652344e-02 3.17382812e-03 2.39257812e-01 0.00000000e+00
    2.24121094e-01 4.29687500e-02 1.13037109e-01 0.00000000e+00
    1.43310547e-01 0.00000000e+00 0.00000000e+00 7.12890625e-02]
   [0.00000000e+00 0.00000000e+00 8.59375000e-02 0.00000000e+00
    3.51562500e-02 1.23779297e-01 2.96630859e-01 0.00000000e+00
    3.83300781e-01 1.96044922e-01 1.95556641e-01 0.00000000e+00
    0.00000000e+00 0.00000000e+00 7.59277344e-02 1.54296875e-01]
   [0.00000000e+00 0.00000000e+00 6.68945312e-02 1.41601562e-02
    1.13525391e-01 6.71386719e-02 2.85156250e-01 0.00000000e+00
    1.46484375e-03 1.70654297e-01 2.67089844e-01 0.00000000e+00
    5.24902344e-02 0.00000000e+00 2.58544922e-01 0.00000000e+00]
   [0.00000000e+00 0.00000000e+00 1.61621094e-01 3.95507812e-02
    1.55761719e-01 8.61816406e-02 2.70996094e-01 0.00000000e+00
    0.00000000e+00 1.84082031e-01 2.92480469e-01 0.00000000e+00
    4.80957031e-02 0.00000000e+00 2.50732422e-01 0.00000000e+00]
   [0.00000000e+00 3.19824219e-02 7.34863281e-02 1.99707031e-01
    1.39160156e-01 5.76171875e-02 1.41357422e-01 0.00000000e+00
    0.00000000e+00 2.77099609e-01 2.43164062e-01 0.00000000e+00
    8.10546875e-02 0.00000000e+00 8.69140625e-02 0.00000000e+00]
   [0.00000000e+00 1.24511719e-02 1.05957031e-01 3.56689453e-01
    1.69433594e-01 1.09375000e-01 0.00000000e+00 0.00000000e+00
    0.00000000e+00 2.28759766e-01 2.33398438e-01 0.00000000e+00
    1.61865234e-01 1.07421875e-01 8.05664062e-03 0.00000000e+00]
   [6.22558594e-02 6.64062500e-02 2.90527344e-02 4.66064453e-01
    1.75781250e-01 1.14257812e-01 0.00000000e+00 0.00000000e+00
    0.00000000e+00 1.65527344e-01 2.01904297e-01 0.00000000e+00
    2.26074219e-01 3.10302734e-01 0.00000000e+00 0.00000000e+00]
   [1.12548828e-01 7.44628906e-02 3.19824219e-02 4.18212891e-01
    1.92382812e-01 1.03759766e-01 0.00000000e+00 0.00000000e+00
    0.00000000e+00 8.25195312e-02 2.36328125e-01 0.00000000e+00
    3.31787109e-01 3.88427734e-01 1.61132812e-02 4.12597656e-02]
   [1.50878906e-01 0.00000000e+00 3.56445312e-02 3.73291016e-01
    1.79687500e-01 1.10839844e-01 0.00000000e+00 0.00000000e+00
    0.00000000e+00 9.71679688e-02 2.21191406e-01 0.00000000e+00
    3.04443359e-01 4.00634766e-01 1.46484375e-02 1.31103516e-01]
   [1.65039062e-01 0.00000000e+00 7.32421875e-03 4.08691406e-01
    1.79687500e-01 1.10839844e-01 0.00000000e+00 0.00000000e+00
    0.00000000e+00 1.04248047e-01 2.21191406e-01 0.00000000e+00
    3.04443359e-01 3.79150391e-01 0.00000000e+00 1.09863281e-01]
   [1.72119141e-01 0.00000000e+00 7.32421875e-03 3.94531250e-01
    1.86767578e-01 1.10839844e-01 0.00000000e+00 0.00000000e+00
    0.00000000e+00 9.71679688e-02 2.35351562e-01 0.00000000e+00
    3.18603516e-01 4.14794922e-01 0.00000000e+00 1.38183594e-01]
   [1.67236328e-01 2.92968750e-03 6.34765625e-03 3.91601562e-01
    1.85791016e-01 1.09863281e-01 0.00000000e+00 0.00000000e+00
    0.00000000e+00 9.61914062e-02 2.36328125e-01 0.00000000e+00
    3.20556641e-01 4.12841797e-01 0.00000000e+00 1.39160156e-01]
   [1.38427734e-01 1.63574219e-02 5.12695312e-03 3.73291016e-01
    1.79687500e-01 1.04736328e-01 0.00000000e+00 0.00000000e+00
    0.00000000e+00 9.10644531e-02 2.39501953e-01 0.00000000e+00
    3.28857422e-01 4.00634766e-01 2.07519531e-02 1.43310547e-01]
   [1.52832031e-01 0.00000000e+00 3.17382812e-02 3.78173828e-01
    1.79687500e-01 1.10839844e-01 0.00000000e+00 0.00000000e+00
    0.00000000e+00 9.81445312e-02 2.21191406e-01 0.00000000e+00
    3.04443359e-01 3.97705078e-01 8.78906250e-03 1.28173828e-01]
   [1.66015625e-01 2.12402344e-02 0.00000000e+00 4.27246094e-01
    1.80664062e-01 1.17675781e-01 0.00000000e+00 0.00000000e+00
    0.00000000e+00 8.93554688e-02 2.09228516e-01 0.00000000e+00
    2.79052734e-01 4.25292969e-01 0.00000000e+00 9.98535156e-02]
   [5.29785156e-02 2.26806641e-01 0.00000000e+00 3.97460938e-01
    1.65771484e-01 1.04980469e-01 0.00000000e+00 0.00000000e+00
    0.00000000e+00 0.00000000e+00 1.91406250e-01 0.00000000e+00
    2.45361328e-01 5.00000000e-01 1.20605469e-01 8.74023438e-02]
   [0.00000000e+00 2.97607422e-01 0.00000000e+00 1.41845703e-01
    1.25732422e-01 2.53906250e-02 0.00000000e+00 1.12304688e-02
    0.00000000e+00 0.00000000e+00 1.51367188e-01 0.00000000e+00
    2.50976562e-01 4.75830078e-01 2.47070312e-01 6.68945312e-02]
   [0.00000000e+00 8.54492188e-02 3.83300781e-02 0.00000000e+00
    4.71191406e-02 0.00000000e+00 0.00000000e+00 1.03027344e-01
    0.00000000e+00 0.00000000e+00 5.59082031e-02 0.00000000e+00
    9.39941406e-02 1.97021484e-01 1.41357422e-01 2.36816406e-02]
   [0.00000000e+00 0.00000000e+00 0.00000000e+00 0.00000000e+00
    0.00000000e+00 0.00000000e+00 6.25000000e-02 0.00000000e+00
    0.00000000e+00 0.00000000e+00 0.00000000e+00 0.00000000e+00
    0.00000000e+00 0.00000000e+00 0.00000000e+00 0.00000000e+00]
   [0.00000000e+00 0.00000000e+00 0.00000000e+00 0.00000000e+00
    0.00000000e+00 0.00000000e+00 6.25000000e-02 0.00000000e+00
    0.00000000e+00 0.00000000e+00 0.00000000e+00 0.00000000e+00
    0.00000000e+00 0.00000000e+00 0.00000000e+00 0.00000000e+00]
   [0.00000000e+00 0.00000000e+00 0.00000000e+00 0.00000000e+00
    0.00000000e+00 0.00000000e+00 6.25000000e-02 0.00000000e+00
    0.00000000e+00 0.00000000e+00 0.00000000e+00 0.00000000e+00
    0.00000000e+00 0.00000000e+00 0.00000000e+00 0.00000000e+00]
   [0.00000000e+00 0.00000000e+00 0.00000000e+00 0.00000000e+00
    0.00000000e+00 0.00000000e+00 6.25000000e-02 0.00000000e+00
    0.00000000e+00 0.00000000e+00 0.00000000e+00 0.00000000e+00
    0.00000000e+00 0.00000000e+00 0.00000000e+00 0.00000000e+00]]

  [[0.00000000e+00 0.00000000e+00 0.00000000e+00 0.00000000e+00
    0.00000000e+00 0.00000000e+00 6.25000000e-02 0.00000000e+00
    0.00000000e+00 0.00000000e+00 0.00000000e+00 0.00000000e+00
    0.00000000e+00 0.00000000e+00 0.00000000e+00 0.00000000e+00]
   [0.00000000e+00 0.00000000e+00 0.00000000e+00 0.00000000e+00
    0.00000000e+00 0.00000000e+00 6.25000000e-02 0.00000000e+00
    0.00000000e+00 0.00000000e+00 0.00000000e+00 0.00000000e+00
    0.00000000e+00 0.00000000e+00 0.00000000e+00 0.00000000e+00]
   [0.00000000e+00 0.00000000e+00 0.00000000e+00 0.00000000e+00
    0.00000000e+00 0.00000000e+00 6.25000000e-02 0.00000000e+00
    0.00000000e+00 0.00000000e+00 0.00000000e+00 0.00000000e+00
    0.00000000e+00 0.00000000e+00 0.00000000e+00 0.00000000e+00]
   [0.00000000e+00 0.00000000e+00 0.00000000e+00 0.00000000e+00
    0.00000000e+00 0.00000000e+00 6.25000000e-02 0.00000000e+00
    0.00000000e+00 0.00000000e+00 0.00000000e+00 0.00000000e+00
    0.00000000e+00 0.00000000e+00 0.00000000e+00 0.00000000e+00]
   [0.00000000e+00 0.00000000e+00 1.96289062e-01 0.00000000e+00
    5.44433594e-02 9.25292969e-02 2.37060547e-01 0.00000000e+00
    2.50488281e-01 0.00000000e+00 8.74023438e-02 1.73339844e-01
    0.00000000e+00 0.00000000e+00 1.46972656e-01 7.93457031e-02]
   [0.00000000e+00 0.00000000e+00 8.78906250e-03 0.00000000e+00
    4.58984375e-02 2.07519531e-02 4.78515625e-01 0.00000000e+00
    3.21289062e-01 1.95312500e-02 1.72607422e-01 2.90527344e-01
    0.00000000e+00 0.00000000e+00 2.08251953e-01 2.53906250e-02]
   [0.00000000e+00 0.00000000e+00 0.00000000e+00 0.00000000e+00
    1.05224609e-01 3.83300781e-02 5.00000000e-01 0.00000000e+00
    0.00000000e+00 1.16455078e-01 2.52441406e-01 3.47900391e-01
    0.00000000e+00 0.00000000e+00 1.93359375e-01 0.00000000e+00]
   [0.00000000e+00 0.00000000e+00 5.98144531e-02 0.00000000e+00
    1.34765625e-01 7.56835938e-03 5.00000000e-01 0.00000000e+00
    0.00000000e+00 8.74023438e-02 2.77099609e-01 2.84912109e-01
    0.00000000e+00 0.00000000e+00 1.71142578e-01 0.00000000e+00]
   [0.00000000e+00 0.00000000e+00 4.27246094e-02 0.00000000e+00
    1.14257812e-01 1.58691406e-02 5.00000000e-01 0.00000000e+00
    0.00000000e+00 1.72851562e-01 3.11279297e-01 2.12890625e-01
    0.00000000e+00 0.00000000e+00 1.58935547e-01 0.00000000e+00]
   [0.00000000e+00 0.00000000e+00 8.74023438e-02 0.00000000e+00
    1.13281250e-01 2.19726562e-02 5.00000000e-01 0.00000000e+00
    0.00000000e+00 2.26562500e-01 3.25195312e-01 8.05664062e-02
    0.00000000e+00 0.00000000e+00 1.84082031e-01 0.00000000e+00]
   [0.00000000e+00 0.00000000e+00 9.74121094e-02 0.00000000e+00
    1.15478516e-01 4.41894531e-02 5.00000000e-01 0.00000000e+00
    0.00000000e+00 2.95410156e-01 3.08837891e-01 0.00000000e+00
    0.00000000e+00 0.00000000e+00 1.68457031e-01 0.00000000e+00]
   [0.00000000e+00 9.76562500e-04 1.05224609e-01 0.00000000e+00
    1.24755859e-01 7.27539062e-02 5.00000000e-01 0.00000000e+00
    0.00000000e+00 1.98974609e-01 3.07373047e-01 0.00000000e+00
    0.00000000e+00 0.00000000e+00 2.76123047e-01 0.00000000e+00]
   [0.00000000e+00 0.00000000e+00 2.10205078e-01 0.00000000e+00
    1.40136719e-01 6.44531250e-02 5.00000000e-01 0.00000000e+00
    0.00000000e+00 1.52099609e-01 2.79541016e-01 0.00000000e+00
    0.00000000e+00 0.00000000e+00 3.11035156e-01 0.00000000e+00]
   [0.00000000e+00 0.00000000e+00 1.29882812e-01 0.00000000e+00
    1.26220703e-01 7.86132812e-02 5.00000000e-01 0.00000000e+00
    0.00000000e+00 2.07275391e-01 2.87109375e-01 0.00000000e+00
    0.00000000e+00 0.00000000e+00 2.33642578e-01 0.00000000e+00]
   [0.00000000e+00 0.00000000e+00 1.51123047e-01 0.00000000e+00
    1.46240234e-01 7.86132812e-02 4.53613281e-01 0.00000000e+00
    0.00000000e+00 1.73095703e-01 3.06152344e-01 0.00000000e+00
    0.00000000e+00 0.00000000e+00 2.93945312e-01 0.00000000e+00]
   [0.00000000e+00 0.00000000e+00 1.47216797e-01 0.00000000e+00
    1.44287109e-01 7.76367188e-02 4.59472656e-01 0.00000000e+00
    0.00000000e+00 1.69189453e-01 3.06152344e-01 0.00000000e+00
    0.00000000e+00 0.00000000e+00 3.02734375e-01 0.00000000e+00]
   [0.00000000e+00 5.85937500e-03 1.36474609e-01 0.00000000e+00
    1.34033203e-01 7.15332031e-02 4.94384766e-01 0.00000000e+00
    0.00000000e+00 1.46728516e-01 3.01025391e-01 0.00000000e+00
    0.00000000e+00 0.00000000e+00 3.48144531e-01 0.00000000e+00]
   [0.00000000e+00 0.00000000e+00 2.40966797e-01 3.46679688e-02
    1.79687500e-01 1.07910156e-01 3.07373047e-01 0.00000000e+00
    0.00000000e+00 2.01171875e-01 2.38769531e-01 0.00000000e+00
    0.00000000e+00 0.00000000e+00 1.35009766e-01 0.00000000e+00]
   [0.00000000e+00 0.00000000e+00 0.00000000e+00 2.48046875e-01
    2.09472656e-01 1.10595703e-01 6.56738281e-02 0.00000000e+00
    0.00000000e+00 2.75878906e-01 3.19580078e-01 0.00000000e+00
    0.00000000e+00 0.00000000e+00 0.00000000e+00 0.00000000e+00]
   [0.00000000e+00 3.33007812e-01 0.00000000e+00 2.56103516e-01
    2.07275391e-01 5.81054688e-02 0.00000000e+00 0.00000000e+00
    0.00000000e+00 2.07763672e-01 3.72314453e-01 0.00000000e+00
    1.26464844e-01 3.25195312e-01 1.63085938e-01 0.00000000e+00]
   [0.00000000e+00 4.71923828e-01 0.00000000e+00 2.04833984e-01
    1.57714844e-01 4.32128906e-02 0.00000000e+00 1.78710938e-01
    0.00000000e+00 0.00000000e+00 2.10205078e-01 0.00000000e+00
    1.52343750e-01 4.96826172e-01 3.15429688e-01 0.00000000e+00]
   [0.00000000e+00 1.88476562e-01 1.03027344e-01 5.10253906e-02
    7.29980469e-02 0.00000000e+00 0.00000000e+00 1.54296875e-01
    0.00000000e+00 0.00000000e+00 4.29687500e-02 0.00000000e+00
    1.07910156e-01 1.98486328e-01 1.55517578e-01 0.00000000e+00]
   [0.00000000e+00 0.00000000e+00 0.00000000e+00 0.00000000e+00
    0.00000000e+00 0.00000000e+00 6.25000000e-02 0.00000000e+00
    0.00000000e+00 0.00000000e+00 0.00000000e+00 0.00000000e+00
    0.00000000e+00 0.00000000e+00 0.00000000e+00 0.00000000e+00]
   [0.00000000e+00 0.00000000e+00 0.00000000e+00 0.00000000e+00
    0.00000000e+00 0.00000000e+00 6.25000000e-02 0.00000000e+00
    0.00000000e+00 0.00000000e+00 0.00000000e+00 0.00000000e+00
    0.00000000e+00 0.00000000e+00 0.00000000e+00 0.00000000e+00]
   [0.00000000e+00 0.00000000e+00 0.00000000e+00 0.00000000e+00
    0.00000000e+00 0.00000000e+00 6.25000000e-02 0.00000000e+00
    0.00000000e+00 0.00000000e+00 0.00000000e+00 0.00000000e+00
    0.00000000e+00 0.00000000e+00 0.00000000e+00 0.00000000e+00]
   [0.00000000e+00 0.00000000e+00 0.00000000e+00 0.00000000e+00
    0.00000000e+00 0.00000000e+00 6.25000000e-02 0.00000000e+00
    0.00000000e+00 0.00000000e+00 0.00000000e+00 0.00000000e+00
    0.00000000e+00 0.00000000e+00 0.00000000e+00 0.00000000e+00]]

  [[0.00000000e+00 0.00000000e+00 0.00000000e+00 0.00000000e+00
    0.00000000e+00 0.00000000e+00 6.25000000e-02 0.00000000e+00
    0.00000000e+00 0.00000000e+00 0.00000000e+00 0.00000000e+00
    0.00000000e+00 0.00000000e+00 0.00000000e+00 0.00000000e+00]
   [0.00000000e+00 0.00000000e+00 0.00000000e+00 0.00000000e+00
    0.00000000e+00 0.00000000e+00 6.25000000e-02 0.00000000e+00
    0.00000000e+00 0.00000000e+00 0.00000000e+00 0.00000000e+00
    0.00000000e+00 0.00000000e+00 0.00000000e+00 0.00000000e+00]
   [0.00000000e+00 0.00000000e+00 0.00000000e+00 0.00000000e+00
    0.00000000e+00 0.00000000e+00 6.25000000e-02 0.00000000e+00
    0.00000000e+00 0.00000000e+00 0.00000000e+00 0.00000000e+00
    0.00000000e+00 0.00000000e+00 0.00000000e+00 0.00000000e+00]
   [0.00000000e+00 0.00000000e+00 0.00000000e+00 0.00000000e+00
    0.00000000e+00 0.00000000e+00 6.25000000e-02 0.00000000e+00
    0.00000000e+00 0.00000000e+00 0.00000000e+00 0.00000000e+00
    0.00000000e+00 0.00000000e+00 0.00000000e+00 0.00000000e+00]
   [0.00000000e+00 0.00000000e+00 4.93164062e-02 0.00000000e+00
    1.63574219e-02 3.29589844e-02 9.54589844e-02 0.00000000e+00
    6.56738281e-02 0.00000000e+00 1.63574219e-02 8.20312500e-02
    0.00000000e+00 0.00000000e+00 4.93164062e-02 0.00000000e+00]
   [0.00000000e+00 0.00000000e+00 1.80664062e-02 0.00000000e+00
    2.78320312e-02 2.29492188e-02 1.67724609e-01 0.00000000e+00
    1.11816406e-01 0.00000000e+00 4.41894531e-02 1.88964844e-01
    0.00000000e+00 0.00000000e+00 8.37402344e-02 0.00000000e+00]
   [0.00000000e+00 7.32421875e-04 0.00000000e+00 0.00000000e+00
    3.39355469e-02 0.00000000e+00 2.30957031e-01 0.00000000e+00
    0.00000000e+00 4.61425781e-02 7.83691406e-02 1.71875000e-01
    0.00000000e+00 0.00000000e+00 2.00195312e-02 0.00000000e+00]
   [0.00000000e+00 0.00000000e+00 1.31835938e-02 0.00000000e+00
    5.56640625e-02 2.05078125e-02 2.55126953e-01 1.34277344e-02
    0.00000000e+00 0.00000000e+00 1.01318359e-01 1.92626953e-01
    0.00000000e+00 0.00000000e+00 2.78320312e-02 0.00000000e+00]
   [0.00000000e+00 0.00000000e+00 8.05664062e-03 0.00000000e+00
    5.76171875e-02 2.39257812e-02 2.79052734e-01 0.00000000e+00
    7.17773438e-02 0.00000000e+00 1.03271484e-01 2.83447266e-01
    0.00000000e+00 0.00000000e+00 8.44726562e-02 0.00000000e+00]
   [0.00000000e+00 0.00000000e+00 1.53808594e-02 0.00000000e+00
    8.34960938e-02 2.73437500e-02 3.94042969e-01 0.00000000e+00
    9.13085938e-02 0.00000000e+00 1.59912109e-01 3.73046875e-01
    0.00000000e+00 0.00000000e+00 1.06933594e-01 0.00000000e+00]
   [0.00000000e+00 0.00000000e+00 0.00000000e+00 0.00000000e+00
    9.81445312e-02 5.37109375e-03 5.00000000e-01 0.00000000e+00
    8.59375000e-02 4.27246094e-02 2.30224609e-01 3.76953125e-01
    0.00000000e+00 0.00000000e+00 1.03271484e-01 0.00000000e+00]
   [0.00000000e+00 0.00000000e+00 0.00000000e+00 0.00000000e+00
    9.88769531e-02 1.48925781e-02 5.00000000e-01 0.00000000e+00
    0.00000000e+00 1.20361328e-01 2.31445312e-01 4.21630859e-01
    0.00000000e+00 0.00000000e+00 1.11816406e-01 0.00000000e+00]
   [0.00000000e+00 0.00000000e+00 4.41894531e-02 0.00000000e+00
    1.37207031e-01 4.63867188e-03 5.00000000e-01 0.00000000e+00
    0.00000000e+00 3.56445312e-02 2.58789062e-01 3.58642578e-01
    0.00000000e+00 0.00000000e+00 1.04736328e-01 0.00000000e+00]
   [0.00000000e+00 0.00000000e+00 0.00000000e+00 0.00000000e+00
    1.04492188e-01 1.66015625e-02 5.00000000e-01 0.00000000e+00
    9.03320312e-03 1.20117188e-01 2.64404297e-01 3.79638672e-01
    0.00000000e+00 0.00000000e+00 1.19628906e-01 0.00000000e+00]
   [0.00000000e+00 0.00000000e+00 3.66210938e-03 0.00000000e+00
    1.24511719e-01 1.66015625e-02 5.00000000e-01 0.00000000e+00
    0.00000000e+00 9.52148438e-02 2.65625000e-01 3.66699219e-01
    0.00000000e+00 0.00000000e+00 1.44531250e-01 0.00000000e+00]
   [0.00000000e+00 0.00000000e+00 0.00000000e+00 0.00000000e+00
    1.23535156e-01 1.66015625e-02 5.00000000e-01 0.00000000e+00
    0.00000000e+00 9.49707031e-02 2.60498047e-01 3.73779297e-01
    0.00000000e+00 0.00000000e+00 1.43554688e-01 0.00000000e+00]
   [0.00000000e+00 0.00000000e+00 0.00000000e+00 0.00000000e+00
    1.40625000e-01 3.36914062e-02 4.62158203e-01 0.00000000e+00
    0.00000000e+00 1.08398438e-01 2.15576172e-01 4.02832031e-01
    0.00000000e+00 0.00000000e+00 5.02929688e-02 0.00000000e+00]
   [1.11083984e-01 0.00000000e+00 9.69238281e-02 0.00000000e+00
    2.15087891e-01 2.66113281e-02 3.49609375e-01 0.00000000e+00
    8.88671875e-02 1.91650391e-01 3.21044922e-01 3.17382812e-02
    0.00000000e+00 0.00000000e+00 0.00000000e+00 0.00000000e+00]
   [5.20019531e-02 0.00000000e+00 0.00000000e+00 0.00000000e+00
    1.99218750e-01 1.04736328e-01 1.76025391e-01 0.00000000e+00
    1.08886719e-01 3.63769531e-01 4.69726562e-01 0.00000000e+00
    0.00000000e+00 0.00000000e+00 0.00000000e+00 0.00000000e+00]
   [0.00000000e+00 3.56201172e-01 0.00000000e+00 3.54003906e-02
    2.09960938e-01 4.71191406e-02 2.49023438e-02 0.00000000e+00
    0.00000000e+00 1.81640625e-01 4.37500000e-01 0.00000000e+00
    0.00000000e+00 2.16064453e-01 3.27880859e-01 0.00000000e+00]
   [0.00000000e+00 5.00000000e-01 6.10351562e-03 7.22656250e-02
    1.54296875e-01 0.00000000e+00 3.78417969e-02 2.94433594e-01
    0.00000000e+00 6.73828125e-02 2.08007812e-01 0.00000000e+00
    1.85546875e-02 3.46679688e-01 2.80517578e-01 0.00000000e+00]
   [1.17187500e-02 1.77001953e-01 7.78808594e-02 6.90917969e-02
    6.46972656e-02 0.00000000e+00 1.17675781e-01 2.18994141e-01
    0.00000000e+00 0.00000000e+00 5.15136719e-02 0.00000000e+00
    2.63671875e-02 7.39746094e-02 2.24609375e-02 0.00000000e+00]
   [0.00000000e+00 0.00000000e+00 0.00000000e+00 0.00000000e+00
    0.00000000e+00 0.00000000e+00 6.25000000e-02 0.00000000e+00
    0.00000000e+00 0.00000000e+00 0.00000000e+00 0.00000000e+00
    0.00000000e+00 0.00000000e+00 0.00000000e+00 0.00000000e+00]
   [0.00000000e+00 0.00000000e+00 0.00000000e+00 0.00000000e+00
    0.00000000e+00 0.00000000e+00 6.25000000e-02 0.00000000e+00
    0.00000000e+00 0.00000000e+00 0.00000000e+00 0.00000000e+00
    0.00000000e+00 0.00000000e+00 0.00000000e+00 0.00000000e+00]
   [0.00000000e+00 0.00000000e+00 0.00000000e+00 0.00000000e+00
    0.00000000e+00 0.00000000e+00 6.25000000e-02 0.00000000e+00
    0.00000000e+00 0.00000000e+00 0.00000000e+00 0.00000000e+00
    0.00000000e+00 0.00000000e+00 0.00000000e+00 0.00000000e+00]
   [0.00000000e+00 0.00000000e+00 0.00000000e+00 0.00000000e+00
    0.00000000e+00 0.00000000e+00 6.25000000e-02 0.00000000e+00
    0.00000000e+00 0.00000000e+00 0.00000000e+00 0.00000000e+00
    0.00000000e+00 0.00000000e+00 0.00000000e+00 0.00000000e+00]]

  [[0.00000000e+00 0.00000000e+00 0.00000000e+00 0.00000000e+00
    0.00000000e+00 0.00000000e+00 6.25000000e-02 0.00000000e+00
    0.00000000e+00 0.00000000e+00 0.00000000e+00 0.00000000e+00
    0.00000000e+00 0.00000000e+00 0.00000000e+00 0.00000000e+00]
   [0.00000000e+00 0.00000000e+00 0.00000000e+00 0.00000000e+00
    0.00000000e+00 0.00000000e+00 6.25000000e-02 0.00000000e+00
    0.00000000e+00 0.00000000e+00 0.00000000e+00 0.00000000e+00
    0.00000000e+00 0.00000000e+00 0.00000000e+00 0.00000000e+00]
   [0.00000000e+00 0.00000000e+00 0.00000000e+00 0.00000000e+00
    0.00000000e+00 0.00000000e+00 6.25000000e-02 0.00000000e+00
    0.00000000e+00 0.00000000e+00 0.00000000e+00 0.00000000e+00
    0.00000000e+00 0.00000000e+00 0.00000000e+00 0.00000000e+00]
   [0.00000000e+00 0.00000000e+00 0.00000000e+00 0.00000000e+00
    0.00000000e+00 0.00000000e+00 6.25000000e-02 0.00000000e+00
    0.00000000e+00 0.00000000e+00 0.00000000e+00 0.00000000e+00
    0.00000000e+00 0.00000000e+00 0.00000000e+00 0.00000000e+00]
   [0.00000000e+00 0.00000000e+00 0.00000000e+00 0.00000000e+00
    0.00000000e+00 0.00000000e+00 6.25000000e-02 0.00000000e+00
    0.00000000e+00 0.00000000e+00 0.00000000e+00 0.00000000e+00
    0.00000000e+00 0.00000000e+00 0.00000000e+00 0.00000000e+00]
   [0.00000000e+00 0.00000000e+00 0.00000000e+00 0.00000000e+00
    0.00000000e+00 0.00000000e+00 6.25000000e-02 0.00000000e+00
    0.00000000e+00 0.00000000e+00 0.00000000e+00 0.00000000e+00
    0.00000000e+00 0.00000000e+00 0.00000000e+00 0.00000000e+00]
   [0.00000000e+00 0.00000000e+00 0.00000000e+00 0.00000000e+00
    0.00000000e+00 0.00000000e+00 6.25000000e-02 0.00000000e+00
    0.00000000e+00 0.00000000e+00 0.00000000e+00 0.00000000e+00
    0.00000000e+00 0.00000000e+00 0.00000000e+00 0.00000000e+00]
   [0.00000000e+00 0.00000000e+00 0.00000000e+00 0.00000000e+00
    0.00000000e+00 0.00000000e+00 6.25000000e-02 0.00000000e+00
    0.00000000e+00 0.00000000e+00 0.00000000e+00 0.00000000e+00
    0.00000000e+00 0.00000000e+00 0.00000000e+00 0.00000000e+00]
   [0.00000000e+00 0.00000000e+00 0.00000000e+00 0.00000000e+00
    0.00000000e+00 0.00000000e+00 6.25000000e-02 0.00000000e+00
    0.00000000e+00 0.00000000e+00 0.00000000e+00 0.00000000e+00
    0.00000000e+00 0.00000000e+00 0.00000000e+00 0.00000000e+00]
   [0.00000000e+00 0.00000000e+00 1.24511719e-02 0.00000000e+00
    4.15039062e-03 8.30078125e-03 7.08007812e-02 0.00000000e+00
    1.66015625e-02 0.00000000e+00 4.15039062e-03 2.07519531e-02
    0.00000000e+00 0.00000000e+00 1.24511719e-02 0.00000000e+00]
   [0.00000000e+00 0.00000000e+00 3.19824219e-02 0.00000000e+00
    1.61132812e-02 2.41699219e-02 1.07421875e-01 0.00000000e+00
    6.46972656e-02 0.00000000e+00 2.02636719e-02 9.32617188e-02
    0.00000000e+00 0.00000000e+00 4.85839844e-02 0.00000000e+00]
   [0.00000000e+00 2.36816406e-02 0.00000000e+00 0.00000000e+00
    7.56835938e-03 0.00000000e+00 1.30371094e-01 0.00000000e+00
    0.00000000e+00 4.32128906e-02 2.78320312e-02 6.56738281e-02
    0.00000000e+00 0.00000000e+00 1.95312500e-03 0.00000000e+00]
   [0.00000000e+00 0.00000000e+00 3.56445312e-02 0.00000000e+00
    3.24707031e-02 2.61230469e-02 1.54296875e-01 3.41796875e-02
    0.00000000e+00 0.00000000e+00 5.22460938e-02 9.22851562e-02
    0.00000000e+00 0.00000000e+00 1.68457031e-02 0.00000000e+00]
   [0.00000000e+00 0.00000000e+00 0.00000000e+00 0.00000000e+00
    1.97753906e-02 0.00000000e+00 1.55029297e-01 0.00000000e+00
    4.85839844e-02 0.00000000e+00 3.95507812e-02 1.31347656e-01
    0.00000000e+00 0.00000000e+00 4.24804688e-02 0.00000000e+00]
   [0.00000000e+00 0.00000000e+00 0.00000000e+00 0.00000000e+00
    3.27148438e-02 0.00000000e+00 1.94091797e-01 0.00000000e+00
    0.00000000e+00 1.66015625e-02 6.56738281e-02 1.31347656e-01
    0.00000000e+00 0.00000000e+00 1.63574219e-02 0.00000000e+00]
   [0.00000000e+00 0.00000000e+00 0.00000000e+00 0.00000000e+00
    3.61328125e-02 1.22070312e-03 1.63085938e-01 0.00000000e+00
    0.00000000e+00 2.97851562e-02 5.83496094e-02 1.21582031e-01
    0.00000000e+00 0.00000000e+00 0.00000000e+00 0.00000000e+00]
   [3.03466797e-01 0.00000000e+00 3.39355469e-02 6.76269531e-02
    8.39843750e-02 1.83105469e-02 0.00000000e+00 2.41699219e-02
    8.27636719e-02 1.53808594e-01 4.68750000e-02 0.00000000e+00
    0.00000000e+00 0.00000000e+00 0.00000000e+00 0.00000000e+00]
   [2.39257812e-01 0.00000000e+00 9.08203125e-02 3.41796875e-02
    1.77001953e-01 1.46728516e-01 0.00000000e+00 0.00000000e+00
    3.14208984e-01 5.49316406e-02 2.78320312e-01 0.00000000e+00
    6.17675781e-02 0.00000000e+00 0.00000000e+00 1.45507812e-01]
   [0.00000000e+00 0.00000000e+00 0.00000000e+00 0.00000000e+00
    1.65527344e-01 1.01806641e-01 0.00000000e+00 0.00000000e+00
    2.22412109e-01 1.25488281e-01 4.31640625e-01 0.00000000e+00
    1.68457031e-02 0.00000000e+00 2.74902344e-01 2.79785156e-01]
   [0.00000000e+00 4.44091797e-01 0.00000000e+00 0.00000000e+00
    1.77246094e-01 2.56347656e-02 6.73828125e-02 0.00000000e+00
    0.00000000e+00 1.12304688e-01 3.16406250e-01 0.00000000e+00
    0.00000000e+00 2.99804688e-01 4.23828125e-01 0.00000000e+00]
   [0.00000000e+00 4.01611328e-01 4.51660156e-02 4.80957031e-02
    1.29394531e-01 0.00000000e+00 1.78466797e-01 3.17382812e-01
    0.00000000e+00 4.17480469e-02 1.39892578e-01 0.00000000e+00
    0.00000000e+00 1.56738281e-01 1.03271484e-01 0.00000000e+00]
   [8.20312500e-02 6.95800781e-02 1.31835938e-02 1.31835938e-02
    3.02734375e-02 0.00000000e+00 1.35986328e-01 1.55761719e-01
    0.00000000e+00 3.88183594e-02 4.76074219e-02 0.00000000e+00
    0.00000000e+00 8.78906250e-03 0.00000000e+00 0.00000000e+00]
   [0.00000000e+00 0.00000000e+00 0.00000000e+00 0.00000000e+00
    0.00000000e+00 0.00000000e+00 6.25000000e-02 0.00000000e+00
    0.00000000e+00 0.00000000e+00 0.00000000e+00 0.00000000e+00
    0.00000000e+00 0.00000000e+00 0.00000000e+00 0.00000000e+00]
   [0.00000000e+00 0.00000000e+00 0.00000000e+00 0.00000000e+00
    0.00000000e+00 0.00000000e+00 6.25000000e-02 0.00000000e+00
    0.00000000e+00 0.00000000e+00 0.00000000e+00 0.00000000e+00
    0.00000000e+00 0.00000000e+00 0.00000000e+00 0.00000000e+00]
   [0.00000000e+00 0.00000000e+00 0.00000000e+00 0.00000000e+00
    0.00000000e+00 0.00000000e+00 6.25000000e-02 0.00000000e+00
    0.00000000e+00 0.00000000e+00 0.00000000e+00 0.00000000e+00
    0.00000000e+00 0.00000000e+00 0.00000000e+00 0.00000000e+00]
   [0.00000000e+00 0.00000000e+00 0.00000000e+00 0.00000000e+00
    0.00000000e+00 0.00000000e+00 6.25000000e-02 0.00000000e+00
    0.00000000e+00 0.00000000e+00 0.00000000e+00 0.00000000e+00
    0.00000000e+00 0.00000000e+00 0.00000000e+00 0.00000000e+00]]

  [[0.00000000e+00 0.00000000e+00 0.00000000e+00 0.00000000e+00
    0.00000000e+00 0.00000000e+00 6.25000000e-02 0.00000000e+00
    0.00000000e+00 0.00000000e+00 0.00000000e+00 0.00000000e+00
    0.00000000e+00 0.00000000e+00 0.00000000e+00 0.00000000e+00]
   [0.00000000e+00 0.00000000e+00 0.00000000e+00 0.00000000e+00
    0.00000000e+00 0.00000000e+00 6.25000000e-02 0.00000000e+00
    0.00000000e+00 0.00000000e+00 0.00000000e+00 0.00000000e+00
    0.00000000e+00 0.00000000e+00 0.00000000e+00 0.00000000e+00]
   [0.00000000e+00 0.00000000e+00 0.00000000e+00 0.00000000e+00
    0.00000000e+00 0.00000000e+00 6.25000000e-02 0.00000000e+00
    0.00000000e+00 0.00000000e+00 0.00000000e+00 0.00000000e+00
    0.00000000e+00 0.00000000e+00 0.00000000e+00 0.00000000e+00]
   [0.00000000e+00 0.00000000e+00 0.00000000e+00 0.00000000e+00
    0.00000000e+00 0.00000000e+00 6.25000000e-02 0.00000000e+00
    0.00000000e+00 0.00000000e+00 0.00000000e+00 0.00000000e+00
    0.00000000e+00 0.00000000e+00 0.00000000e+00 0.00000000e+00]
   [0.00000000e+00 0.00000000e+00 0.00000000e+00 0.00000000e+00
    0.00000000e+00 0.00000000e+00 6.25000000e-02 0.00000000e+00
    0.00000000e+00 0.00000000e+00 0.00000000e+00 0.00000000e+00
    0.00000000e+00 0.00000000e+00 0.00000000e+00 0.00000000e+00]
   [0.00000000e+00 0.00000000e+00 0.00000000e+00 0.00000000e+00
    0.00000000e+00 0.00000000e+00 6.25000000e-02 0.00000000e+00
    0.00000000e+00 0.00000000e+00 0.00000000e+00 0.00000000e+00
    0.00000000e+00 0.00000000e+00 0.00000000e+00 0.00000000e+00]
   [0.00000000e+00 0.00000000e+00 0.00000000e+00 0.00000000e+00
    0.00000000e+00 0.00000000e+00 6.25000000e-02 0.00000000e+00
    0.00000000e+00 0.00000000e+00 0.00000000e+00 0.00000000e+00
    0.00000000e+00 0.00000000e+00 0.00000000e+00 0.00000000e+00]
   [0.00000000e+00 0.00000000e+00 0.00000000e+00 0.00000000e+00
    0.00000000e+00 0.00000000e+00 6.25000000e-02 0.00000000e+00
    0.00000000e+00 0.00000000e+00 0.00000000e+00 0.00000000e+00
    0.00000000e+00 0.00000000e+00 0.00000000e+00 0.00000000e+00]
   [0.00000000e+00 0.00000000e+00 0.00000000e+00 0.00000000e+00
    0.00000000e+00 0.00000000e+00 6.25000000e-02 0.00000000e+00
    0.00000000e+00 0.00000000e+00 0.00000000e+00 0.00000000e+00
    0.00000000e+00 0.00000000e+00 0.00000000e+00 0.00000000e+00]
   [0.00000000e+00 0.00000000e+00 0.00000000e+00 0.00000000e+00
    0.00000000e+00 0.00000000e+00 6.25000000e-02 0.00000000e+00
    0.00000000e+00 0.00000000e+00 0.00000000e+00 0.00000000e+00
    0.00000000e+00 0.00000000e+00 0.00000000e+00 0.00000000e+00]
   [0.00000000e+00 0.00000000e+00 0.00000000e+00 0.00000000e+00
    0.00000000e+00 0.00000000e+00 6.25000000e-02 0.00000000e+00
    0.00000000e+00 0.00000000e+00 0.00000000e+00 0.00000000e+00
    0.00000000e+00 0.00000000e+00 0.00000000e+00 0.00000000e+00]
   [0.00000000e+00 0.00000000e+00 0.00000000e+00 0.00000000e+00
    0.00000000e+00 0.00000000e+00 6.25000000e-02 0.00000000e+00
    0.00000000e+00 0.00000000e+00 0.00000000e+00 0.00000000e+00
    0.00000000e+00 0.00000000e+00 0.00000000e+00 0.00000000e+00]
   [0.00000000e+00 0.00000000e+00 0.00000000e+00 0.00000000e+00
    0.00000000e+00 0.00000000e+00 6.25000000e-02 0.00000000e+00
    0.00000000e+00 0.00000000e+00 0.00000000e+00 0.00000000e+00
    0.00000000e+00 0.00000000e+00 0.00000000e+00 0.00000000e+00]
   [0.00000000e+00 0.00000000e+00 0.00000000e+00 0.00000000e+00
    0.00000000e+00 0.00000000e+00 6.25000000e-02 0.00000000e+00
    0.00000000e+00 0.00000000e+00 0.00000000e+00 0.00000000e+00
    0.00000000e+00 0.00000000e+00 0.00000000e+00 0.00000000e+00]
   [0.00000000e+00 0.00000000e+00 0.00000000e+00 0.00000000e+00
    0.00000000e+00 0.00000000e+00 6.25000000e-02 0.00000000e+00
    0.00000000e+00 0.00000000e+00 0.00000000e+00 0.00000000e+00
    0.00000000e+00 0.00000000e+00 0.00000000e+00 0.00000000e+00]
   [1.58203125e-01 0.00000000e+00 4.24804688e-02 7.88574219e-02
    3.17382812e-02 2.63671875e-02 0.00000000e+00 5.37109375e-03
    7.39746094e-02 4.24804688e-02 0.00000000e+00 0.00000000e+00
    0.00000000e+00 3.07617188e-02 0.00000000e+00 0.00000000e+00]
   [3.08837891e-01 0.00000000e+00 1.05712891e-01 6.54296875e-02
    1.08886719e-01 5.66406250e-02 0.00000000e+00 0.00000000e+00
    2.62207031e-01 1.11328125e-01 1.35498047e-01 0.00000000e+00
    1.15722656e-01 0.00000000e+00 0.00000000e+00 6.73828125e-02]
   [2.92968750e-03 0.00000000e+00 0.00000000e+00 5.15136719e-02
    1.62597656e-01 1.93359375e-01 0.00000000e+00 0.00000000e+00
    4.00878906e-01 1.19873047e-01 3.31298828e-01 0.00000000e+00
    3.24707031e-02 0.00000000e+00 0.00000000e+00 3.11767578e-01]
   [0.00000000e+00 2.02392578e-01 0.00000000e+00 4.12597656e-02
    1.97509766e-01 9.39941406e-02 0.00000000e+00 0.00000000e+00
    0.00000000e+00 2.73437500e-02 3.68164062e-01 0.00000000e+00
    0.00000000e+00 2.26562500e-01 4.19921875e-01 6.10351562e-03]
   [0.00000000e+00 5.00000000e-01 0.00000000e+00 0.00000000e+00
    1.77734375e-01 0.00000000e+00 2.29492188e-02 2.24853516e-01
    0.00000000e+00 7.51953125e-02 2.55371094e-01 0.00000000e+00
    0.00000000e+00 3.42773438e-01 2.80273438e-01 0.00000000e+00]
   [1.00585938e-01 2.03369141e-01 4.34570312e-02 2.63671875e-02
    8.22753906e-02 0.00000000e+00 1.55029297e-01 3.22265625e-01
    0.00000000e+00 4.39453125e-02 1.08154297e-01 0.00000000e+00
    0.00000000e+00 8.59375000e-02 0.00000000e+00 0.00000000e+00]
   [1.75781250e-02 8.78906250e-03 0.00000000e+00 0.00000000e+00
    4.39453125e-03 0.00000000e+00 7.56835938e-02 2.63671875e-02
    0.00000000e+00 8.78906250e-03 8.78906250e-03 0.00000000e+00
    0.00000000e+00 0.00000000e+00 0.00000000e+00 0.00000000e+00]
   [0.00000000e+00 0.00000000e+00 0.00000000e+00 0.00000000e+00
    0.00000000e+00 0.00000000e+00 6.25000000e-02 0.00000000e+00
    0.00000000e+00 0.00000000e+00 0.00000000e+00 0.00000000e+00
    0.00000000e+00 0.00000000e+00 0.00000000e+00 0.00000000e+00]
   [0.00000000e+00 0.00000000e+00 0.00000000e+00 0.00000000e+00
    0.00000000e+00 0.00000000e+00 6.25000000e-02 0.00000000e+00
    0.00000000e+00 0.00000000e+00 0.00000000e+00 0.00000000e+00
    0.00000000e+00 0.00000000e+00 0.00000000e+00 0.00000000e+00]
   [0.00000000e+00 0.00000000e+00 0.00000000e+00 0.00000000e+00
    0.00000000e+00 0.00000000e+00 6.25000000e-02 0.00000000e+00
    0.00000000e+00 0.00000000e+00 0.00000000e+00 0.00000000e+00
    0.00000000e+00 0.00000000e+00 0.00000000e+00 0.00000000e+00]
   [0.00000000e+00 0.00000000e+00 0.00000000e+00 0.00000000e+00
    0.00000000e+00 0.00000000e+00 6.25000000e-02 0.00000000e+00
    0.00000000e+00 0.00000000e+00 0.00000000e+00 0.00000000e+00
    0.00000000e+00 0.00000000e+00 0.00000000e+00 0.00000000e+00]]

  [[0.00000000e+00 0.00000000e+00 0.00000000e+00 0.00000000e+00
    0.00000000e+00 0.00000000e+00 6.25000000e-02 0.00000000e+00
    0.00000000e+00 0.00000000e+00 0.00000000e+00 0.00000000e+00
    0.00000000e+00 0.00000000e+00 0.00000000e+00 0.00000000e+00]
   [0.00000000e+00 0.00000000e+00 0.00000000e+00 0.00000000e+00
    0.00000000e+00 0.00000000e+00 6.25000000e-02 0.00000000e+00
    0.00000000e+00 0.00000000e+00 0.00000000e+00 0.00000000e+00
    0.00000000e+00 0.00000000e+00 0.00000000e+00 0.00000000e+00]
   [0.00000000e+00 0.00000000e+00 0.00000000e+00 0.00000000e+00
    0.00000000e+00 0.00000000e+00 6.25000000e-02 0.00000000e+00
    0.00000000e+00 0.00000000e+00 0.00000000e+00 0.00000000e+00
    0.00000000e+00 0.00000000e+00 0.00000000e+00 0.00000000e+00]
   [0.00000000e+00 0.00000000e+00 0.00000000e+00 0.00000000e+00
    0.00000000e+00 0.00000000e+00 6.25000000e-02 0.00000000e+00
    0.00000000e+00 0.00000000e+00 0.00000000e+00 0.00000000e+00
    0.00000000e+00 0.00000000e+00 0.00000000e+00 0.00000000e+00]
   [0.00000000e+00 0.00000000e+00 0.00000000e+00 0.00000000e+00
    0.00000000e+00 0.00000000e+00 6.25000000e-02 0.00000000e+00
    0.00000000e+00 0.00000000e+00 0.00000000e+00 0.00000000e+00
    0.00000000e+00 0.00000000e+00 0.00000000e+00 0.00000000e+00]
   [0.00000000e+00 0.00000000e+00 0.00000000e+00 0.00000000e+00
    0.00000000e+00 0.00000000e+00 6.25000000e-02 0.00000000e+00
    0.00000000e+00 0.00000000e+00 0.00000000e+00 0.00000000e+00
    0.00000000e+00 0.00000000e+00 0.00000000e+00 0.00000000e+00]
   [0.00000000e+00 0.00000000e+00 0.00000000e+00 0.00000000e+00
    0.00000000e+00 0.00000000e+00 6.25000000e-02 0.00000000e+00
    0.00000000e+00 0.00000000e+00 0.00000000e+00 0.00000000e+00
    0.00000000e+00 0.00000000e+00 0.00000000e+00 0.00000000e+00]
   [0.00000000e+00 0.00000000e+00 0.00000000e+00 0.00000000e+00
    0.00000000e+00 0.00000000e+00 6.25000000e-02 0.00000000e+00
    0.00000000e+00 0.00000000e+00 0.00000000e+00 0.00000000e+00
    0.00000000e+00 0.00000000e+00 0.00000000e+00 0.00000000e+00]
   [0.00000000e+00 0.00000000e+00 0.00000000e+00 0.00000000e+00
    0.00000000e+00 0.00000000e+00 6.25000000e-02 0.00000000e+00
    0.00000000e+00 0.00000000e+00 0.00000000e+00 0.00000000e+00
    0.00000000e+00 0.00000000e+00 0.00000000e+00 0.00000000e+00]
   [0.00000000e+00 0.00000000e+00 0.00000000e+00 0.00000000e+00
    0.00000000e+00 0.00000000e+00 6.25000000e-02 0.00000000e+00
    0.00000000e+00 0.00000000e+00 0.00000000e+00 0.00000000e+00
    0.00000000e+00 0.00000000e+00 0.00000000e+00 0.00000000e+00]
   [0.00000000e+00 0.00000000e+00 0.00000000e+00 0.00000000e+00
    0.00000000e+00 0.00000000e+00 6.25000000e-02 0.00000000e+00
    0.00000000e+00 0.00000000e+00 0.00000000e+00 0.00000000e+00
    0.00000000e+00 0.00000000e+00 0.00000000e+00 0.00000000e+00]
   [0.00000000e+00 0.00000000e+00 0.00000000e+00 0.00000000e+00
    0.00000000e+00 0.00000000e+00 6.25000000e-02 0.00000000e+00
    0.00000000e+00 0.00000000e+00 0.00000000e+00 0.00000000e+00
    0.00000000e+00 0.00000000e+00 0.00000000e+00 0.00000000e+00]
   [0.00000000e+00 0.00000000e+00 0.00000000e+00 0.00000000e+00
    0.00000000e+00 0.00000000e+00 6.25000000e-02 0.00000000e+00
    0.00000000e+00 0.00000000e+00 0.00000000e+00 0.00000000e+00
    0.00000000e+00 0.00000000e+00 0.00000000e+00 0.00000000e+00]
   [0.00000000e+00 0.00000000e+00 0.00000000e+00 0.00000000e+00
    0.00000000e+00 0.00000000e+00 6.25000000e-02 0.00000000e+00
    0.00000000e+00 0.00000000e+00 0.00000000e+00 0.00000000e+00
    0.00000000e+00 0.00000000e+00 0.00000000e+00 0.00000000e+00]
   [7.22656250e-02 0.00000000e+00 1.44042969e-02 4.34570312e-02
    1.44042969e-02 1.44042969e-02 0.00000000e+00 0.00000000e+00
    2.88085938e-02 1.44042969e-02 0.00000000e+00 0.00000000e+00
    0.00000000e+00 2.88085938e-02 0.00000000e+00 0.00000000e+00]
   [3.27148438e-01 0.00000000e+00 8.25195312e-02 1.15478516e-01
    8.08105469e-02 4.00390625e-02 0.00000000e+00 0.00000000e+00
    1.77978516e-01 1.02783203e-01 3.63769531e-02 0.00000000e+00
    2.24609375e-02 0.00000000e+00 0.00000000e+00 0.00000000e+00]
   [1.69189453e-01 0.00000000e+00 6.07910156e-02 6.17675781e-02
    1.63085938e-01 1.66748047e-01 0.00000000e+00 0.00000000e+00
    3.87207031e-01 5.49316406e-02 2.75634766e-01 0.00000000e+00
    8.17871094e-02 0.00000000e+00 0.00000000e+00 2.53906250e-01]
   [0.00000000e+00 0.00000000e+00 0.00000000e+00 0.00000000e+00
    1.75781250e-01 9.20410156e-02 0.00000000e+00 0.00000000e+00
    1.81396484e-01 9.47265625e-02 4.46777344e-01 0.00000000e+00
    8.66699219e-02 0.00000000e+00 3.35693359e-01 2.70507812e-01]
   [0.00000000e+00 4.35791016e-01 0.00000000e+00 1.95312500e-03
    1.58691406e-01 2.17285156e-02 1.14257812e-01 0.00000000e+00
    0.00000000e+00 1.67968750e-01 3.11035156e-01 0.00000000e+00
    0.00000000e+00 2.73681641e-01 4.38964844e-01 0.00000000e+00]
   [0.00000000e+00 4.14306641e-01 8.30078125e-02 1.16210938e-01
    1.25244141e-01 0.00000000e+00 1.87500000e-01 3.06884766e-01
    0.00000000e+00 2.83203125e-02 1.17187500e-01 0.00000000e+00
    1.95312500e-03 1.62597656e-01 1.28173828e-01 0.00000000e+00]
   [2.73437500e-02 8.39843750e-02 3.24707031e-02 3.24707031e-02
    3.10058594e-02 0.00000000e+00 1.12792969e-01 1.22070312e-01
    0.00000000e+00 8.30078125e-03 3.00292969e-02 0.00000000e+00
    1.22070312e-03 2.14843750e-02 0.00000000e+00 0.00000000e+00]
   [0.00000000e+00 0.00000000e+00 0.00000000e+00 0.00000000e+00
    0.00000000e+00 0.00000000e+00 6.25000000e-02 0.00000000e+00
    0.00000000e+00 0.00000000e+00 0.00000000e+00 0.00000000e+00
    0.00000000e+00 0.00000000e+00 0.00000000e+00 0.00000000e+00]
   [0.00000000e+00 0.00000000e+00 0.00000000e+00 0.00000000e+00
    0.00000000e+00 0.00000000e+00 6.25000000e-02 0.00000000e+00
    0.00000000e+00 0.00000000e+00 0.00000000e+00 0.00000000e+00
    0.00000000e+00 0.00000000e+00 0.00000000e+00 0.00000000e+00]
   [0.00000000e+00 0.00000000e+00 0.00000000e+00 0.00000000e+00
    0.00000000e+00 0.00000000e+00 6.25000000e-02 0.00000000e+00
    0.00000000e+00 0.00000000e+00 0.00000000e+00 0.00000000e+00
    0.00000000e+00 0.00000000e+00 0.00000000e+00 0.00000000e+00]
   [0.00000000e+00 0.00000000e+00 0.00000000e+00 0.00000000e+00
    0.00000000e+00 0.00000000e+00 6.25000000e-02 0.00000000e+00
    0.00000000e+00 0.00000000e+00 0.00000000e+00 0.00000000e+00
    0.00000000e+00 0.00000000e+00 0.00000000e+00 0.00000000e+00]
   [0.00000000e+00 0.00000000e+00 0.00000000e+00 0.00000000e+00
    0.00000000e+00 0.00000000e+00 6.25000000e-02 0.00000000e+00
    0.00000000e+00 0.00000000e+00 0.00000000e+00 0.00000000e+00
    0.00000000e+00 0.00000000e+00 0.00000000e+00 0.00000000e+00]]

  [[0.00000000e+00 0.00000000e+00 0.00000000e+00 0.00000000e+00
    0.00000000e+00 0.00000000e+00 6.25000000e-02 0.00000000e+00
    0.00000000e+00 0.00000000e+00 0.00000000e+00 0.00000000e+00
    0.00000000e+00 0.00000000e+00 0.00000000e+00 0.00000000e+00]
   [0.00000000e+00 0.00000000e+00 0.00000000e+00 0.00000000e+00
    0.00000000e+00 0.00000000e+00 6.25000000e-02 0.00000000e+00
    0.00000000e+00 0.00000000e+00 0.00000000e+00 0.00000000e+00
    0.00000000e+00 0.00000000e+00 0.00000000e+00 0.00000000e+00]
   [0.00000000e+00 0.00000000e+00 0.00000000e+00 0.00000000e+00
    0.00000000e+00 0.00000000e+00 6.25000000e-02 0.00000000e+00
    0.00000000e+00 0.00000000e+00 0.00000000e+00 0.00000000e+00
    0.00000000e+00 0.00000000e+00 0.00000000e+00 0.00000000e+00]
   [0.00000000e+00 0.00000000e+00 0.00000000e+00 0.00000000e+00
    0.00000000e+00 0.00000000e+00 6.25000000e-02 0.00000000e+00
    0.00000000e+00 0.00000000e+00 0.00000000e+00 0.00000000e+00
    0.00000000e+00 0.00000000e+00 0.00000000e+00 0.00000000e+00]
   [0.00000000e+00 0.00000000e+00 0.00000000e+00 0.00000000e+00
    0.00000000e+00 0.00000000e+00 6.25000000e-02 0.00000000e+00
    0.00000000e+00 0.00000000e+00 0.00000000e+00 0.00000000e+00
    0.00000000e+00 0.00000000e+00 0.00000000e+00 0.00000000e+00]
   [0.00000000e+00 0.00000000e+00 0.00000000e+00 0.00000000e+00
    0.00000000e+00 0.00000000e+00 6.25000000e-02 0.00000000e+00
    0.00000000e+00 0.00000000e+00 0.00000000e+00 0.00000000e+00
    0.00000000e+00 0.00000000e+00 0.00000000e+00 0.00000000e+00]
   [0.00000000e+00 0.00000000e+00 0.00000000e+00 0.00000000e+00
    0.00000000e+00 0.00000000e+00 6.25000000e-02 0.00000000e+00
    0.00000000e+00 0.00000000e+00 0.00000000e+00 0.00000000e+00
    0.00000000e+00 0.00000000e+00 0.00000000e+00 0.00000000e+00]
   [0.00000000e+00 0.00000000e+00 0.00000000e+00 0.00000000e+00
    0.00000000e+00 0.00000000e+00 6.25000000e-02 0.00000000e+00
    0.00000000e+00 0.00000000e+00 0.00000000e+00 0.00000000e+00
    0.00000000e+00 0.00000000e+00 0.00000000e+00 0.00000000e+00]
   [0.00000000e+00 0.00000000e+00 0.00000000e+00 0.00000000e+00
    0.00000000e+00 0.00000000e+00 6.25000000e-02 0.00000000e+00
    0.00000000e+00 0.00000000e+00 0.00000000e+00 0.00000000e+00
    0.00000000e+00 0.00000000e+00 0.00000000e+00 0.00000000e+00]
   [0.00000000e+00 0.00000000e+00 0.00000000e+00 0.00000000e+00
    0.00000000e+00 0.00000000e+00 6.25000000e-02 0.00000000e+00
    0.00000000e+00 0.00000000e+00 0.00000000e+00 0.00000000e+00
    0.00000000e+00 0.00000000e+00 0.00000000e+00 0.00000000e+00]
   [0.00000000e+00 0.00000000e+00 0.00000000e+00 0.00000000e+00
    0.00000000e+00 0.00000000e+00 6.25000000e-02 0.00000000e+00
    0.00000000e+00 0.00000000e+00 0.00000000e+00 0.00000000e+00
    0.00000000e+00 0.00000000e+00 0.00000000e+00 0.00000000e+00]
   [0.00000000e+00 0.00000000e+00 0.00000000e+00 0.00000000e+00
    0.00000000e+00 0.00000000e+00 6.25000000e-02 0.00000000e+00
    0.00000000e+00 0.00000000e+00 0.00000000e+00 0.00000000e+00
    0.00000000e+00 0.00000000e+00 0.00000000e+00 0.00000000e+00]
   [0.00000000e+00 0.00000000e+00 0.00000000e+00 0.00000000e+00
    0.00000000e+00 0.00000000e+00 6.25000000e-02 0.00000000e+00
    0.00000000e+00 0.00000000e+00 0.00000000e+00 0.00000000e+00
    0.00000000e+00 0.00000000e+00 0.00000000e+00 0.00000000e+00]
   [0.00000000e+00 0.00000000e+00 0.00000000e+00 0.00000000e+00
    0.00000000e+00 0.00000000e+00 6.25000000e-02 0.00000000e+00
    0.00000000e+00 0.00000000e+00 0.00000000e+00 0.00000000e+00
    0.00000000e+00 0.00000000e+00 0.00000000e+00 0.00000000e+00]
   [1.63085938e-01 0.00000000e+00 6.15234375e-02 5.44433594e-02
    3.27148438e-02 1.83105469e-02 0.00000000e+00 1.44042969e-02
    9.39941406e-02 6.15234375e-02 0.00000000e+00 0.00000000e+00
    0.00000000e+00 0.00000000e+00 0.00000000e+00 0.00000000e+00]
   [2.39257812e-01 0.00000000e+00 1.34521484e-01 5.00488281e-02
    1.12304688e-01 9.32617188e-02 0.00000000e+00 0.00000000e+00
    3.22265625e-01 1.01318359e-01 1.56738281e-01 0.00000000e+00
    9.27734375e-02 0.00000000e+00 0.00000000e+00 1.07666016e-01]
   [0.00000000e+00 0.00000000e+00 0.00000000e+00 1.70898438e-02
    1.56494141e-01 1.66992188e-01 0.00000000e+00 0.00000000e+00
    3.43750000e-01 1.23291016e-01 3.47900391e-01 0.00000000e+00
    3.44238281e-02 0.00000000e+00 7.88574219e-02 2.73193359e-01]
   [0.00000000e+00 2.29492188e-01 0.00000000e+00 0.00000000e+00
    1.98242188e-01 1.02783203e-01 0.00000000e+00 0.00000000e+00
    0.00000000e+00 0.00000000e+00 3.67919922e-01 0.00000000e+00
    0.00000000e+00 1.98974609e-01 5.00000000e-01 0.00000000e+00]
   [0.00000000e+00 4.84619141e-01 0.00000000e+00 0.00000000e+00
    1.67236328e-01 0.00000000e+00 1.63330078e-01 1.94580078e-01
    0.00000000e+00 6.93359375e-02 2.25341797e-01 0.00000000e+00
    0.00000000e+00 2.22167969e-01 2.74169922e-01 0.00000000e+00]
   [1.26220703e-01 2.00195312e-01 2.44140625e-03 1.07421875e-02
    7.47070312e-02 0.00000000e+00 2.48779297e-01 3.10546875e-01
    0.00000000e+00 1.02294922e-01 1.14746094e-01 1.00097656e-02
    0.00000000e+00 1.48925781e-02 0.00000000e+00 0.00000000e+00]
   [4.32128906e-02 2.14843750e-02 0.00000000e+00 0.00000000e+00
    1.07421875e-02 0.00000000e+00 9.49707031e-02 6.46972656e-02
    0.00000000e+00 2.14843750e-02 2.14843750e-02 0.00000000e+00
    0.00000000e+00 0.00000000e+00 0.00000000e+00 0.00000000e+00]
   [0.00000000e+00 0.00000000e+00 0.00000000e+00 0.00000000e+00
    0.00000000e+00 0.00000000e+00 6.25000000e-02 0.00000000e+00
    0.00000000e+00 0.00000000e+00 0.00000000e+00 0.00000000e+00
    0.00000000e+00 0.00000000e+00 0.00000000e+00 0.00000000e+00]
   [0.00000000e+00 0.00000000e+00 0.00000000e+00 0.00000000e+00
    0.00000000e+00 0.00000000e+00 6.25000000e-02 0.00000000e+00
    0.00000000e+00 0.00000000e+00 0.00000000e+00 0.00000000e+00
    0.00000000e+00 0.00000000e+00 0.00000000e+00 0.00000000e+00]
   [0.00000000e+00 0.00000000e+00 0.00000000e+00 0.00000000e+00
    0.00000000e+00 0.00000000e+00 6.25000000e-02 0.00000000e+00
    0.00000000e+00 0.00000000e+00 0.00000000e+00 0.00000000e+00
    0.00000000e+00 0.00000000e+00 0.00000000e+00 0.00000000e+00]
   [0.00000000e+00 0.00000000e+00 0.00000000e+00 0.00000000e+00
    0.00000000e+00 0.00000000e+00 6.25000000e-02 0.00000000e+00
    0.00000000e+00 0.00000000e+00 0.00000000e+00 0.00000000e+00
    0.00000000e+00 0.00000000e+00 0.00000000e+00 0.00000000e+00]
   [0.00000000e+00 0.00000000e+00 0.00000000e+00 0.00000000e+00
    0.00000000e+00 0.00000000e+00 6.25000000e-02 0.00000000e+00
    0.00000000e+00 0.00000000e+00 0.00000000e+00 0.00000000e+00
    0.00000000e+00 0.00000000e+00 0.00000000e+00 0.00000000e+00]]

  [[0.00000000e+00 0.00000000e+00 0.00000000e+00 0.00000000e+00
    0.00000000e+00 0.00000000e+00 6.25000000e-02 0.00000000e+00
    0.00000000e+00 0.00000000e+00 0.00000000e+00 0.00000000e+00
    0.00000000e+00 0.00000000e+00 0.00000000e+00 0.00000000e+00]
   [0.00000000e+00 0.00000000e+00 0.00000000e+00 0.00000000e+00
    0.00000000e+00 0.00000000e+00 6.25000000e-02 0.00000000e+00
    0.00000000e+00 0.00000000e+00 0.00000000e+00 0.00000000e+00
    0.00000000e+00 0.00000000e+00 0.00000000e+00 0.00000000e+00]
   [0.00000000e+00 0.00000000e+00 0.00000000e+00 0.00000000e+00
    0.00000000e+00 0.00000000e+00 6.25000000e-02 0.00000000e+00
    0.00000000e+00 0.00000000e+00 0.00000000e+00 0.00000000e+00
    0.00000000e+00 0.00000000e+00 0.00000000e+00 0.00000000e+00]
   [0.00000000e+00 0.00000000e+00 0.00000000e+00 0.00000000e+00
    0.00000000e+00 0.00000000e+00 6.25000000e-02 0.00000000e+00
    0.00000000e+00 0.00000000e+00 0.00000000e+00 0.00000000e+00
    0.00000000e+00 0.00000000e+00 0.00000000e+00 0.00000000e+00]
   [0.00000000e+00 0.00000000e+00 0.00000000e+00 0.00000000e+00
    0.00000000e+00 0.00000000e+00 6.25000000e-02 0.00000000e+00
    0.00000000e+00 0.00000000e+00 0.00000000e+00 0.00000000e+00
    0.00000000e+00 0.00000000e+00 0.00000000e+00 0.00000000e+00]
   [0.00000000e+00 0.00000000e+00 0.00000000e+00 0.00000000e+00
    0.00000000e+00 0.00000000e+00 6.25000000e-02 0.00000000e+00
    0.00000000e+00 0.00000000e+00 0.00000000e+00 0.00000000e+00
    0.00000000e+00 0.00000000e+00 0.00000000e+00 0.00000000e+00]
   [0.00000000e+00 0.00000000e+00 0.00000000e+00 0.00000000e+00
    0.00000000e+00 0.00000000e+00 6.25000000e-02 0.00000000e+00
    0.00000000e+00 0.00000000e+00 0.00000000e+00 0.00000000e+00
    0.00000000e+00 0.00000000e+00 0.00000000e+00 0.00000000e+00]
   [0.00000000e+00 0.00000000e+00 0.00000000e+00 0.00000000e+00
    0.00000000e+00 0.00000000e+00 6.25000000e-02 0.00000000e+00
    0.00000000e+00 0.00000000e+00 0.00000000e+00 0.00000000e+00
    0.00000000e+00 0.00000000e+00 0.00000000e+00 0.00000000e+00]
   [0.00000000e+00 0.00000000e+00 0.00000000e+00 0.00000000e+00
    0.00000000e+00 0.00000000e+00 6.25000000e-02 0.00000000e+00
    0.00000000e+00 0.00000000e+00 0.00000000e+00 0.00000000e+00
    0.00000000e+00 0.00000000e+00 0.00000000e+00 0.00000000e+00]
   [0.00000000e+00 0.00000000e+00 0.00000000e+00 0.00000000e+00
    0.00000000e+00 0.00000000e+00 6.25000000e-02 0.00000000e+00
    0.00000000e+00 0.00000000e+00 0.00000000e+00 0.00000000e+00
    0.00000000e+00 0.00000000e+00 0.00000000e+00 0.00000000e+00]
   [0.00000000e+00 0.00000000e+00 0.00000000e+00 0.00000000e+00
    0.00000000e+00 0.00000000e+00 6.25000000e-02 0.00000000e+00
    0.00000000e+00 0.00000000e+00 0.00000000e+00 0.00000000e+00
    0.00000000e+00 0.00000000e+00 0.00000000e+00 0.00000000e+00]
   [0.00000000e+00 0.00000000e+00 0.00000000e+00 0.00000000e+00
    0.00000000e+00 0.00000000e+00 6.25000000e-02 0.00000000e+00
    0.00000000e+00 0.00000000e+00 0.00000000e+00 0.00000000e+00
    0.00000000e+00 0.00000000e+00 0.00000000e+00 0.00000000e+00]
   [0.00000000e+00 0.00000000e+00 0.00000000e+00 0.00000000e+00
    0.00000000e+00 0.00000000e+00 6.25000000e-02 0.00000000e+00
    0.00000000e+00 0.00000000e+00 0.00000000e+00 0.00000000e+00
    0.00000000e+00 0.00000000e+00 0.00000000e+00 0.00000000e+00]
   [1.09863281e-02 0.00000000e+00 2.19726562e-03 6.59179688e-03
    2.19726562e-03 2.19726562e-03 5.15136719e-02 0.00000000e+00
    4.39453125e-03 2.19726562e-03 0.00000000e+00 0.00000000e+00
    0.00000000e+00 4.39453125e-03 0.00000000e+00 0.00000000e+00]
   [1.99951172e-01 0.00000000e+00 1.50146484e-01 1.58691406e-02
    6.68945312e-02 4.63867188e-02 0.00000000e+00 0.00000000e+00
    2.19238281e-01 5.76171875e-02 3.36914062e-02 0.00000000e+00
    5.37109375e-03 0.00000000e+00 0.00000000e+00 0.00000000e+00]
   [7.12890625e-02 0.00000000e+00 7.69042969e-02 1.31835938e-02
    1.41601562e-01 1.56982422e-01 0.00000000e+00 0.00000000e+00
    4.22363281e-01 8.03222656e-02 2.44140625e-01 0.00000000e+00
    1.70898438e-03 0.00000000e+00 0.00000000e+00 1.86279297e-01]
   [0.00000000e+00 0.00000000e+00 0.00000000e+00 0.00000000e+00
    1.72363281e-01 9.52148438e-02 2.44140625e-04 0.00000000e+00
    1.06933594e-01 1.07177734e-01 4.18945312e-01 0.00000000e+00
    0.00000000e+00 0.00000000e+00 3.08105469e-01 1.53076172e-01]
   [0.00000000e+00 5.00000000e-01 0.00000000e+00 9.27734375e-03
    1.67480469e-01 0.00000000e+00 7.61718750e-02 6.07910156e-02
    0.00000000e+00 1.40380859e-01 2.89550781e-01 0.00000000e+00
    0.00000000e+00 3.25195312e-01 3.86230469e-01 0.00000000e+00]
   [0.00000000e+00 3.52294922e-01 7.54394531e-02 6.71386719e-02
    1.21093750e-01 0.00000000e+00 1.79199219e-01 3.51806641e-01
    0.00000000e+00 2.22167969e-02 1.22070312e-01 0.00000000e+00
    9.52148438e-03 1.33544922e-01 5.93261719e-02 0.00000000e+00]
   [5.46875000e-02 3.51562500e-02 3.66210938e-03 3.66210938e-03
    1.63574219e-02 0.00000000e+00 1.06933594e-01 9.10644531e-02
    0.00000000e+00 2.66113281e-02 2.90527344e-02 0.00000000e+00
    0.00000000e+00 2.44140625e-03 0.00000000e+00 0.00000000e+00]
   [0.00000000e+00 0.00000000e+00 0.00000000e+00 0.00000000e+00
    0.00000000e+00 0.00000000e+00 6.25000000e-02 0.00000000e+00
    0.00000000e+00 0.00000000e+00 0.00000000e+00 0.00000000e+00
    0.00000000e+00 0.00000000e+00 0.00000000e+00 0.00000000e+00]
   [0.00000000e+00 0.00000000e+00 0.00000000e+00 0.00000000e+00
    0.00000000e+00 0.00000000e+00 6.25000000e-02 0.00000000e+00
    0.00000000e+00 0.00000000e+00 0.00000000e+00 0.00000000e+00
    0.00000000e+00 0.00000000e+00 0.00000000e+00 0.00000000e+00]
   [0.00000000e+00 0.00000000e+00 0.00000000e+00 0.00000000e+00
    0.00000000e+00 0.00000000e+00 6.25000000e-02 0.00000000e+00
    0.00000000e+00 0.00000000e+00 0.00000000e+00 0.00000000e+00
    0.00000000e+00 0.00000000e+00 0.00000000e+00 0.00000000e+00]
   [0.00000000e+00 0.00000000e+00 0.00000000e+00 0.00000000e+00
    0.00000000e+00 0.00000000e+00 6.25000000e-02 0.00000000e+00
    0.00000000e+00 0.00000000e+00 0.00000000e+00 0.00000000e+00
    0.00000000e+00 0.00000000e+00 0.00000000e+00 0.00000000e+00]
   [0.00000000e+00 0.00000000e+00 0.00000000e+00 0.00000000e+00
    0.00000000e+00 0.00000000e+00 6.25000000e-02 0.00000000e+00
    0.00000000e+00 0.00000000e+00 0.00000000e+00 0.00000000e+00
    0.00000000e+00 0.00000000e+00 0.00000000e+00 0.00000000e+00]
   [0.00000000e+00 0.00000000e+00 0.00000000e+00 0.00000000e+00
    0.00000000e+00 0.00000000e+00 6.25000000e-02 0.00000000e+00
    0.00000000e+00 0.00000000e+00 0.00000000e+00 0.00000000e+00
    0.00000000e+00 0.00000000e+00 0.00000000e+00 0.00000000e+00]]

  [[0.00000000e+00 0.00000000e+00 0.00000000e+00 0.00000000e+00
    0.00000000e+00 0.00000000e+00 6.25000000e-02 0.00000000e+00
    0.00000000e+00 0.00000000e+00 0.00000000e+00 0.00000000e+00
    0.00000000e+00 0.00000000e+00 0.00000000e+00 0.00000000e+00]
   [0.00000000e+00 0.00000000e+00 0.00000000e+00 0.00000000e+00
    0.00000000e+00 0.00000000e+00 6.25000000e-02 0.00000000e+00
    0.00000000e+00 0.00000000e+00 0.00000000e+00 0.00000000e+00
    0.00000000e+00 0.00000000e+00 0.00000000e+00 0.00000000e+00]
   [0.00000000e+00 0.00000000e+00 0.00000000e+00 0.00000000e+00
    0.00000000e+00 0.00000000e+00 6.25000000e-02 0.00000000e+00
    0.00000000e+00 0.00000000e+00 0.00000000e+00 0.00000000e+00
    0.00000000e+00 0.00000000e+00 0.00000000e+00 0.00000000e+00]
   [0.00000000e+00 0.00000000e+00 0.00000000e+00 0.00000000e+00
    0.00000000e+00 0.00000000e+00 6.25000000e-02 0.00000000e+00
    0.00000000e+00 0.00000000e+00 0.00000000e+00 0.00000000e+00
    0.00000000e+00 0.00000000e+00 0.00000000e+00 0.00000000e+00]
   [0.00000000e+00 0.00000000e+00 0.00000000e+00 0.00000000e+00
    0.00000000e+00 0.00000000e+00 6.25000000e-02 0.00000000e+00
    0.00000000e+00 0.00000000e+00 0.00000000e+00 0.00000000e+00
    0.00000000e+00 0.00000000e+00 0.00000000e+00 0.00000000e+00]
   [0.00000000e+00 0.00000000e+00 0.00000000e+00 0.00000000e+00
    0.00000000e+00 0.00000000e+00 6.25000000e-02 0.00000000e+00
    0.00000000e+00 0.00000000e+00 0.00000000e+00 0.00000000e+00
    0.00000000e+00 0.00000000e+00 0.00000000e+00 0.00000000e+00]
   [0.00000000e+00 0.00000000e+00 0.00000000e+00 0.00000000e+00
    0.00000000e+00 0.00000000e+00 6.25000000e-02 0.00000000e+00
    0.00000000e+00 0.00000000e+00 0.00000000e+00 0.00000000e+00
    0.00000000e+00 0.00000000e+00 0.00000000e+00 0.00000000e+00]
   [0.00000000e+00 0.00000000e+00 0.00000000e+00 0.00000000e+00
    0.00000000e+00 0.00000000e+00 6.25000000e-02 0.00000000e+00
    0.00000000e+00 0.00000000e+00 0.00000000e+00 0.00000000e+00
    0.00000000e+00 0.00000000e+00 0.00000000e+00 0.00000000e+00]
   [0.00000000e+00 0.00000000e+00 0.00000000e+00 0.00000000e+00
    0.00000000e+00 0.00000000e+00 6.25000000e-02 0.00000000e+00
    0.00000000e+00 0.00000000e+00 0.00000000e+00 0.00000000e+00
    0.00000000e+00 0.00000000e+00 0.00000000e+00 0.00000000e+00]
   [0.00000000e+00 0.00000000e+00 0.00000000e+00 0.00000000e+00
    0.00000000e+00 0.00000000e+00 6.25000000e-02 0.00000000e+00
    0.00000000e+00 0.00000000e+00 0.00000000e+00 0.00000000e+00
    0.00000000e+00 0.00000000e+00 0.00000000e+00 0.00000000e+00]
   [0.00000000e+00 0.00000000e+00 0.00000000e+00 0.00000000e+00
    0.00000000e+00 0.00000000e+00 6.25000000e-02 0.00000000e+00
    0.00000000e+00 0.00000000e+00 0.00000000e+00 0.00000000e+00
    0.00000000e+00 0.00000000e+00 0.00000000e+00 0.00000000e+00]
   [0.00000000e+00 0.00000000e+00 0.00000000e+00 0.00000000e+00
    0.00000000e+00 0.00000000e+00 6.25000000e-02 0.00000000e+00
    0.00000000e+00 0.00000000e+00 0.00000000e+00 0.00000000e+00
    0.00000000e+00 0.00000000e+00 0.00000000e+00 0.00000000e+00]
   [0.00000000e+00 0.00000000e+00 0.00000000e+00 0.00000000e+00
    0.00000000e+00 0.00000000e+00 6.25000000e-02 0.00000000e+00
    0.00000000e+00 0.00000000e+00 0.00000000e+00 0.00000000e+00
    0.00000000e+00 0.00000000e+00 0.00000000e+00 0.00000000e+00]
   [1.54296875e-01 0.00000000e+00 3.51562500e-02 8.59375000e-02
    3.07617188e-02 2.85644531e-02 0.00000000e+00 2.19726562e-03
    6.61621094e-02 3.51562500e-02 0.00000000e+00 0.00000000e+00
    0.00000000e+00 4.85839844e-02 0.00000000e+00 0.00000000e+00]
   [2.66845703e-01 0.00000000e+00 1.35009766e-01 3.73535156e-02
    1.23535156e-01 8.15429688e-02 0.00000000e+00 0.00000000e+00
    2.95898438e-01 3.90625000e-02 1.32812500e-01 0.00000000e+00
    6.86035156e-02 0.00000000e+00 0.00000000e+00 7.39746094e-02]
   [0.00000000e+00 0.00000000e+00 0.00000000e+00 0.00000000e+00
    1.51855469e-01 1.43798828e-01 0.00000000e+00 0.00000000e+00
    3.76708984e-01 1.28417969e-01 3.55957031e-01 0.00000000e+00
    2.17285156e-02 0.00000000e+00 1.04980469e-02 3.01025391e-01]
   [0.00000000e+00 2.55859375e-01 0.00000000e+00 0.00000000e+00
    1.75048828e-01 7.44628906e-02 0.00000000e+00 0.00000000e+00
    0.00000000e+00 6.64062500e-02 3.64990234e-01 0.00000000e+00
    0.00000000e+00 2.14599609e-01 4.44091797e-01 0.00000000e+00]
   [0.00000000e+00 4.97802734e-01 0.00000000e+00 0.00000000e+00
    1.54785156e-01 0.00000000e+00 1.19384766e-01 2.77587891e-01
    0.00000000e+00 7.27539062e-02 1.99951172e-01 0.00000000e+00
    0.00000000e+00 2.63671875e-01 2.38037109e-01 0.00000000e+00]
   [1.08642578e-01 1.50878906e-01 3.78417969e-02 3.90625000e-02
    6.00585938e-02 0.00000000e+00 1.89453125e-01 2.70019531e-01
    0.00000000e+00 5.24902344e-02 7.86132812e-02 0.00000000e+00
    0.00000000e+00 2.58789062e-02 0.00000000e+00 0.00000000e+00]
   [4.88281250e-03 2.44140625e-03 0.00000000e+00 0.00000000e+00
    1.22070312e-03 0.00000000e+00 6.61621094e-02 7.32421875e-03
    0.00000000e+00 2.44140625e-03 2.44140625e-03 0.00000000e+00
    0.00000000e+00 0.00000000e+00 0.00000000e+00 0.00000000e+00]
   [0.00000000e+00 0.00000000e+00 0.00000000e+00 0.00000000e+00
    0.00000000e+00 0.00000000e+00 6.25000000e-02 0.00000000e+00
    0.00000000e+00 0.00000000e+00 0.00000000e+00 0.00000000e+00
    0.00000000e+00 0.00000000e+00 0.00000000e+00 0.00000000e+00]
   [0.00000000e+00 0.00000000e+00 0.00000000e+00 0.00000000e+00
    0.00000000e+00 0.00000000e+00 6.25000000e-02 0.00000000e+00
    0.00000000e+00 0.00000000e+00 0.00000000e+00 0.00000000e+00
    0.00000000e+00 0.00000000e+00 0.00000000e+00 0.00000000e+00]
   [0.00000000e+00 0.00000000e+00 0.00000000e+00 0.00000000e+00
    0.00000000e+00 0.00000000e+00 6.25000000e-02 0.00000000e+00
    0.00000000e+00 0.00000000e+00 0.00000000e+00 0.00000000e+00
    0.00000000e+00 0.00000000e+00 0.00000000e+00 0.00000000e+00]
   [0.00000000e+00 0.00000000e+00 0.00000000e+00 0.00000000e+00
    0.00000000e+00 0.00000000e+00 6.25000000e-02 0.00000000e+00
    0.00000000e+00 0.00000000e+00 0.00000000e+00 0.00000000e+00
    0.00000000e+00 0.00000000e+00 0.00000000e+00 0.00000000e+00]
   [0.00000000e+00 0.00000000e+00 0.00000000e+00 0.00000000e+00
    0.00000000e+00 0.00000000e+00 6.25000000e-02 0.00000000e+00
    0.00000000e+00 0.00000000e+00 0.00000000e+00 0.00000000e+00
    0.00000000e+00 0.00000000e+00 0.00000000e+00 0.00000000e+00]
   [0.00000000e+00 0.00000000e+00 0.00000000e+00 0.00000000e+00
    0.00000000e+00 0.00000000e+00 6.25000000e-02 0.00000000e+00
    0.00000000e+00 0.00000000e+00 0.00000000e+00 0.00000000e+00
    0.00000000e+00 0.00000000e+00 0.00000000e+00 0.00000000e+00]]

  [[0.00000000e+00 0.00000000e+00 0.00000000e+00 0.00000000e+00
    0.00000000e+00 0.00000000e+00 6.25000000e-02 0.00000000e+00
    0.00000000e+00 0.00000000e+00 0.00000000e+00 0.00000000e+00
    0.00000000e+00 0.00000000e+00 0.00000000e+00 0.00000000e+00]
   [0.00000000e+00 0.00000000e+00 0.00000000e+00 0.00000000e+00
    0.00000000e+00 0.00000000e+00 6.25000000e-02 0.00000000e+00
    0.00000000e+00 0.00000000e+00 0.00000000e+00 0.00000000e+00
    0.00000000e+00 0.00000000e+00 0.00000000e+00 0.00000000e+00]
   [0.00000000e+00 0.00000000e+00 0.00000000e+00 0.00000000e+00
    0.00000000e+00 0.00000000e+00 6.25000000e-02 0.00000000e+00
    0.00000000e+00 0.00000000e+00 0.00000000e+00 0.00000000e+00
    0.00000000e+00 0.00000000e+00 0.00000000e+00 0.00000000e+00]
   [0.00000000e+00 0.00000000e+00 0.00000000e+00 0.00000000e+00
    0.00000000e+00 0.00000000e+00 6.25000000e-02 0.00000000e+00
    0.00000000e+00 0.00000000e+00 0.00000000e+00 0.00000000e+00
    0.00000000e+00 0.00000000e+00 0.00000000e+00 0.00000000e+00]
   [0.00000000e+00 0.00000000e+00 0.00000000e+00 0.00000000e+00
    0.00000000e+00 0.00000000e+00 6.25000000e-02 0.00000000e+00
    0.00000000e+00 0.00000000e+00 0.00000000e+00 0.00000000e+00
    0.00000000e+00 0.00000000e+00 0.00000000e+00 0.00000000e+00]
   [0.00000000e+00 0.00000000e+00 0.00000000e+00 0.00000000e+00
    0.00000000e+00 0.00000000e+00 6.25000000e-02 0.00000000e+00
    0.00000000e+00 0.00000000e+00 0.00000000e+00 0.00000000e+00
    0.00000000e+00 0.00000000e+00 0.00000000e+00 0.00000000e+00]
   [0.00000000e+00 0.00000000e+00 0.00000000e+00 0.00000000e+00
    0.00000000e+00 0.00000000e+00 6.25000000e-02 0.00000000e+00
    0.00000000e+00 0.00000000e+00 0.00000000e+00 0.00000000e+00
    0.00000000e+00 0.00000000e+00 0.00000000e+00 0.00000000e+00]
   [0.00000000e+00 0.00000000e+00 0.00000000e+00 0.00000000e+00
    0.00000000e+00 0.00000000e+00 6.25000000e-02 0.00000000e+00
    0.00000000e+00 0.00000000e+00 0.00000000e+00 0.00000000e+00
    0.00000000e+00 0.00000000e+00 0.00000000e+00 0.00000000e+00]
   [0.00000000e+00 0.00000000e+00 0.00000000e+00 0.00000000e+00
    0.00000000e+00 0.00000000e+00 6.25000000e-02 0.00000000e+00
    0.00000000e+00 0.00000000e+00 0.00000000e+00 0.00000000e+00
    0.00000000e+00 0.00000000e+00 0.00000000e+00 0.00000000e+00]
   [0.00000000e+00 0.00000000e+00 0.00000000e+00 0.00000000e+00
    0.00000000e+00 0.00000000e+00 6.25000000e-02 0.00000000e+00
    0.00000000e+00 0.00000000e+00 0.00000000e+00 0.00000000e+00
    0.00000000e+00 0.00000000e+00 0.00000000e+00 0.00000000e+00]
   [0.00000000e+00 0.00000000e+00 0.00000000e+00 0.00000000e+00
    0.00000000e+00 0.00000000e+00 6.25000000e-02 0.00000000e+00
    0.00000000e+00 0.00000000e+00 0.00000000e+00 0.00000000e+00
    0.00000000e+00 0.00000000e+00 0.00000000e+00 0.00000000e+00]
   [0.00000000e+00 0.00000000e+00 0.00000000e+00 0.00000000e+00
    0.00000000e+00 0.00000000e+00 6.25000000e-02 0.00000000e+00
    0.00000000e+00 0.00000000e+00 0.00000000e+00 0.00000000e+00
    0.00000000e+00 0.00000000e+00 0.00000000e+00 0.00000000e+00]
   [9.17968750e-02 0.00000000e+00 1.83105469e-02 5.51757812e-02
    1.83105469e-02 1.83105469e-02 0.00000000e+00 0.00000000e+00
    3.68652344e-02 1.83105469e-02 0.00000000e+00 0.00000000e+00
    0.00000000e+00 3.68652344e-02 0.00000000e+00 0.00000000e+00]
   [3.54003906e-01 0.00000000e+00 5.63964844e-02 1.40625000e-01
    8.20312500e-02 3.51562500e-02 0.00000000e+00 0.00000000e+00
    1.56738281e-01 1.14501953e-01 3.93066406e-02 0.00000000e+00
    3.29589844e-02 0.00000000e+00 0.00000000e+00 0.00000000e+00]
   [1.97021484e-01 0.00000000e+00 4.83398438e-02 7.27539062e-02
    1.58203125e-01 1.54541016e-01 0.00000000e+00 0.00000000e+00
    3.50830078e-01 6.32324219e-02 2.78076172e-01 0.00000000e+00
    1.22314453e-01 0.00000000e+00 0.00000000e+00 2.65136719e-01]
   [0.00000000e+00 0.00000000e+00 0.00000000e+00 0.00000000e+00
    1.65771484e-01 1.14746094e-01 0.00000000e+00 0.00000000e+00
    1.70166016e-01 4.76074219e-02 4.00634766e-01 0.00000000e+00
    5.41992188e-02 2.66113281e-02 3.64746094e-01 2.68554688e-01]
   [0.00000000e+00 4.86816406e-01 0.00000000e+00 1.97753906e-02
    1.54785156e-01 0.00000000e+00 4.22363281e-02 2.44140625e-03
    0.00000000e+00 1.14257812e-01 2.58789062e-01 0.00000000e+00
    0.00000000e+00 3.26904297e-01 3.97216797e-01 0.00000000e+00]
   [0.00000000e+00 3.42285156e-01 7.69042969e-02 6.32324219e-02
    1.19384766e-01 0.00000000e+00 1.73095703e-01 3.49853516e-01
    0.00000000e+00 1.66015625e-02 1.18896484e-01 0.00000000e+00
    1.34277344e-02 1.30615234e-01 5.41992188e-02 0.00000000e+00]
   [5.68847656e-02 2.83203125e-02 0.00000000e+00 0.00000000e+00
    1.41601562e-02 0.00000000e+00 1.05224609e-01 8.52050781e-02
    0.00000000e+00 2.83203125e-02 2.83203125e-02 0.00000000e+00
    0.00000000e+00 0.00000000e+00 0.00000000e+00 0.00000000e+00]
   [0.00000000e+00 0.00000000e+00 0.00000000e+00 0.00000000e+00
    0.00000000e+00 0.00000000e+00 6.25000000e-02 0.00000000e+00
    0.00000000e+00 0.00000000e+00 0.00000000e+00 0.00000000e+00
    0.00000000e+00 0.00000000e+00 0.00000000e+00 0.00000000e+00]
   [0.00000000e+00 0.00000000e+00 0.00000000e+00 0.00000000e+00
    0.00000000e+00 0.00000000e+00 6.25000000e-02 0.00000000e+00
    0.00000000e+00 0.00000000e+00 0.00000000e+00 0.00000000e+00
    0.00000000e+00 0.00000000e+00 0.00000000e+00 0.00000000e+00]
   [0.00000000e+00 0.00000000e+00 0.00000000e+00 0.00000000e+00
    0.00000000e+00 0.00000000e+00 6.25000000e-02 0.00000000e+00
    0.00000000e+00 0.00000000e+00 0.00000000e+00 0.00000000e+00
    0.00000000e+00 0.00000000e+00 0.00000000e+00 0.00000000e+00]
   [0.00000000e+00 0.00000000e+00 0.00000000e+00 0.00000000e+00
    0.00000000e+00 0.00000000e+00 6.25000000e-02 0.00000000e+00
    0.00000000e+00 0.00000000e+00 0.00000000e+00 0.00000000e+00
    0.00000000e+00 0.00000000e+00 0.00000000e+00 0.00000000e+00]
   [0.00000000e+00 0.00000000e+00 0.00000000e+00 0.00000000e+00
    0.00000000e+00 0.00000000e+00 6.25000000e-02 0.00000000e+00
    0.00000000e+00 0.00000000e+00 0.00000000e+00 0.00000000e+00
    0.00000000e+00 0.00000000e+00 0.00000000e+00 0.00000000e+00]
   [0.00000000e+00 0.00000000e+00 0.00000000e+00 0.00000000e+00
    0.00000000e+00 0.00000000e+00 6.25000000e-02 0.00000000e+00
    0.00000000e+00 0.00000000e+00 0.00000000e+00 0.00000000e+00
    0.00000000e+00 0.00000000e+00 0.00000000e+00 0.00000000e+00]
   [0.00000000e+00 0.00000000e+00 0.00000000e+00 0.00000000e+00
    0.00000000e+00 0.00000000e+00 6.25000000e-02 0.00000000e+00
    0.00000000e+00 0.00000000e+00 0.00000000e+00 0.00000000e+00
    0.00000000e+00 0.00000000e+00 0.00000000e+00 0.00000000e+00]]

  [[0.00000000e+00 0.00000000e+00 0.00000000e+00 0.00000000e+00
    0.00000000e+00 0.00000000e+00 6.25000000e-02 0.00000000e+00
    0.00000000e+00 0.00000000e+00 0.00000000e+00 0.00000000e+00
    0.00000000e+00 0.00000000e+00 0.00000000e+00 0.00000000e+00]
   [0.00000000e+00 0.00000000e+00 0.00000000e+00 0.00000000e+00
    0.00000000e+00 0.00000000e+00 6.25000000e-02 0.00000000e+00
    0.00000000e+00 0.00000000e+00 0.00000000e+00 0.00000000e+00
    0.00000000e+00 0.00000000e+00 0.00000000e+00 0.00000000e+00]
   [0.00000000e+00 0.00000000e+00 0.00000000e+00 0.00000000e+00
    0.00000000e+00 0.00000000e+00 6.25000000e-02 0.00000000e+00
    0.00000000e+00 0.00000000e+00 0.00000000e+00 0.00000000e+00
    0.00000000e+00 0.00000000e+00 0.00000000e+00 0.00000000e+00]
   [0.00000000e+00 0.00000000e+00 0.00000000e+00 0.00000000e+00
    0.00000000e+00 0.00000000e+00 6.25000000e-02 0.00000000e+00
    0.00000000e+00 0.00000000e+00 0.00000000e+00 0.00000000e+00
    0.00000000e+00 0.00000000e+00 0.00000000e+00 0.00000000e+00]
   [0.00000000e+00 0.00000000e+00 0.00000000e+00 0.00000000e+00
    0.00000000e+00 0.00000000e+00 6.25000000e-02 0.00000000e+00
    0.00000000e+00 0.00000000e+00 0.00000000e+00 0.00000000e+00
    0.00000000e+00 0.00000000e+00 0.00000000e+00 0.00000000e+00]
   [0.00000000e+00 0.00000000e+00 0.00000000e+00 0.00000000e+00
    0.00000000e+00 0.00000000e+00 6.25000000e-02 0.00000000e+00
    0.00000000e+00 0.00000000e+00 0.00000000e+00 0.00000000e+00
    0.00000000e+00 0.00000000e+00 0.00000000e+00 0.00000000e+00]
   [0.00000000e+00 0.00000000e+00 0.00000000e+00 0.00000000e+00
    0.00000000e+00 0.00000000e+00 6.25000000e-02 0.00000000e+00
    0.00000000e+00 0.00000000e+00 0.00000000e+00 0.00000000e+00
    0.00000000e+00 0.00000000e+00 0.00000000e+00 0.00000000e+00]
   [0.00000000e+00 0.00000000e+00 0.00000000e+00 0.00000000e+00
    0.00000000e+00 0.00000000e+00 6.25000000e-02 0.00000000e+00
    0.00000000e+00 0.00000000e+00 0.00000000e+00 0.00000000e+00
    0.00000000e+00 0.00000000e+00 0.00000000e+00 0.00000000e+00]
   [0.00000000e+00 0.00000000e+00 0.00000000e+00 0.00000000e+00
    0.00000000e+00 0.00000000e+00 6.25000000e-02 0.00000000e+00
    0.00000000e+00 0.00000000e+00 0.00000000e+00 0.00000000e+00
    0.00000000e+00 0.00000000e+00 0.00000000e+00 0.00000000e+00]
   [0.00000000e+00 0.00000000e+00 0.00000000e+00 0.00000000e+00
    0.00000000e+00 0.00000000e+00 6.25000000e-02 0.00000000e+00
    0.00000000e+00 0.00000000e+00 0.00000000e+00 0.00000000e+00
    0.00000000e+00 0.00000000e+00 0.00000000e+00 0.00000000e+00]
   [0.00000000e+00 0.00000000e+00 0.00000000e+00 0.00000000e+00
    0.00000000e+00 0.00000000e+00 6.25000000e-02 0.00000000e+00
    0.00000000e+00 0.00000000e+00 0.00000000e+00 0.00000000e+00
    0.00000000e+00 0.00000000e+00 0.00000000e+00 0.00000000e+00]
   [2.31933594e-02 0.00000000e+00 4.63867188e-03 1.39160156e-02
    4.63867188e-03 4.63867188e-03 3.93066406e-02 0.00000000e+00
    9.27734375e-03 4.63867188e-03 0.00000000e+00 0.00000000e+00
    0.00000000e+00 9.27734375e-03 0.00000000e+00 0.00000000e+00]
   [2.84667969e-01 0.00000000e+00 7.25097656e-02 1.21337891e-01
    5.88378906e-02 3.58886719e-02 0.00000000e+00 0.00000000e+00
    1.35986328e-01 9.10644531e-02 0.00000000e+00 0.00000000e+00
    0.00000000e+00 7.32421875e-03 0.00000000e+00 0.00000000e+00]
   [2.99804688e-01 0.00000000e+00 4.29687500e-02 1.18164062e-01
    1.33544922e-01 9.93652344e-02 0.00000000e+00 0.00000000e+00
    2.81005859e-01 1.12304688e-01 2.09228516e-01 0.00000000e+00
    1.40625000e-01 0.00000000e+00 0.00000000e+00 1.51123047e-01]
   [0.00000000e+00 0.00000000e+00 0.00000000e+00 0.00000000e+00
    1.76269531e-01 1.67724609e-01 0.00000000e+00 0.00000000e+00
    3.11523438e-01 7.71484375e-02 3.84521484e-01 0.00000000e+00
    8.37402344e-02 0.00000000e+00 1.80664062e-01 3.43994141e-01]
   [0.00000000e+00 2.96875000e-01 0.00000000e+00 0.00000000e+00
    1.81152344e-01 6.83593750e-02 0.00000000e+00 0.00000000e+00
    0.00000000e+00 2.75878906e-02 3.40820312e-01 0.00000000e+00
    0.00000000e+00 2.32421875e-01 4.83886719e-01 0.00000000e+00]
   [0.00000000e+00 4.89746094e-01 0.00000000e+00 3.41796875e-03
    1.47949219e-01 0.00000000e+00 1.34765625e-01 2.75146484e-01
    0.00000000e+00 8.30078125e-02 1.91650391e-01 0.00000000e+00
    0.00000000e+00 2.45849609e-01 2.16064453e-01 0.00000000e+00]
   [1.08642578e-01 1.45019531e-01 4.19921875e-02 4.19921875e-02
    5.85937500e-02 0.00000000e+00 1.82373047e-01 2.67578125e-01
    0.00000000e+00 4.71191406e-02 7.51953125e-02 0.00000000e+00
    0.00000000e+00 2.78320312e-02 0.00000000e+00 0.00000000e+00]
   [0.00000000e+00 0.00000000e+00 0.00000000e+00 0.00000000e+00
    0.00000000e+00 0.00000000e+00 6.25000000e-02 0.00000000e+00
    0.00000000e+00 0.00000000e+00 0.00000000e+00 0.00000000e+00
    0.00000000e+00 0.00000000e+00 0.00000000e+00 0.00000000e+00]
   [0.00000000e+00 0.00000000e+00 0.00000000e+00 0.00000000e+00
    0.00000000e+00 0.00000000e+00 6.25000000e-02 0.00000000e+00
    0.00000000e+00 0.00000000e+00 0.00000000e+00 0.00000000e+00
    0.00000000e+00 0.00000000e+00 0.00000000e+00 0.00000000e+00]
   [0.00000000e+00 0.00000000e+00 0.00000000e+00 0.00000000e+00
    0.00000000e+00 0.00000000e+00 6.25000000e-02 0.00000000e+00
    0.00000000e+00 0.00000000e+00 0.00000000e+00 0.00000000e+00
    0.00000000e+00 0.00000000e+00 0.00000000e+00 0.00000000e+00]
   [0.00000000e+00 0.00000000e+00 0.00000000e+00 0.00000000e+00
    0.00000000e+00 0.00000000e+00 6.25000000e-02 0.00000000e+00
    0.00000000e+00 0.00000000e+00 0.00000000e+00 0.00000000e+00
    0.00000000e+00 0.00000000e+00 0.00000000e+00 0.00000000e+00]
   [0.00000000e+00 0.00000000e+00 0.00000000e+00 0.00000000e+00
    0.00000000e+00 0.00000000e+00 6.25000000e-02 0.00000000e+00
    0.00000000e+00 0.00000000e+00 0.00000000e+00 0.00000000e+00
    0.00000000e+00 0.00000000e+00 0.00000000e+00 0.00000000e+00]
   [0.00000000e+00 0.00000000e+00 0.00000000e+00 0.00000000e+00
    0.00000000e+00 0.00000000e+00 6.25000000e-02 0.00000000e+00
    0.00000000e+00 0.00000000e+00 0.00000000e+00 0.00000000e+00
    0.00000000e+00 0.00000000e+00 0.00000000e+00 0.00000000e+00]
   [0.00000000e+00 0.00000000e+00 0.00000000e+00 0.00000000e+00
    0.00000000e+00 0.00000000e+00 6.25000000e-02 0.00000000e+00
    0.00000000e+00 0.00000000e+00 0.00000000e+00 0.00000000e+00
    0.00000000e+00 0.00000000e+00 0.00000000e+00 0.00000000e+00]
   [0.00000000e+00 0.00000000e+00 0.00000000e+00 0.00000000e+00
    0.00000000e+00 0.00000000e+00 6.25000000e-02 0.00000000e+00
    0.00000000e+00 0.00000000e+00 0.00000000e+00 0.00000000e+00
    0.00000000e+00 0.00000000e+00 0.00000000e+00 0.00000000e+00]]

  [[0.00000000e+00 0.00000000e+00 0.00000000e+00 0.00000000e+00
    0.00000000e+00 0.00000000e+00 6.25000000e-02 0.00000000e+00
    0.00000000e+00 0.00000000e+00 0.00000000e+00 0.00000000e+00
    0.00000000e+00 0.00000000e+00 0.00000000e+00 0.00000000e+00]
   [0.00000000e+00 0.00000000e+00 0.00000000e+00 0.00000000e+00
    0.00000000e+00 0.00000000e+00 6.25000000e-02 0.00000000e+00
    0.00000000e+00 0.00000000e+00 0.00000000e+00 0.00000000e+00
    0.00000000e+00 0.00000000e+00 0.00000000e+00 0.00000000e+00]
   [0.00000000e+00 0.00000000e+00 0.00000000e+00 0.00000000e+00
    0.00000000e+00 0.00000000e+00 6.25000000e-02 0.00000000e+00
    0.00000000e+00 0.00000000e+00 0.00000000e+00 0.00000000e+00
    0.00000000e+00 0.00000000e+00 0.00000000e+00 0.00000000e+00]
   [0.00000000e+00 0.00000000e+00 0.00000000e+00 0.00000000e+00
    0.00000000e+00 0.00000000e+00 6.25000000e-02 0.00000000e+00
    0.00000000e+00 0.00000000e+00 0.00000000e+00 0.00000000e+00
    0.00000000e+00 0.00000000e+00 0.00000000e+00 0.00000000e+00]
   [0.00000000e+00 0.00000000e+00 0.00000000e+00 0.00000000e+00
    0.00000000e+00 0.00000000e+00 6.25000000e-02 0.00000000e+00
    0.00000000e+00 0.00000000e+00 0.00000000e+00 0.00000000e+00
    0.00000000e+00 0.00000000e+00 0.00000000e+00 0.00000000e+00]
   [0.00000000e+00 0.00000000e+00 0.00000000e+00 0.00000000e+00
    0.00000000e+00 0.00000000e+00 6.25000000e-02 0.00000000e+00
    0.00000000e+00 0.00000000e+00 0.00000000e+00 0.00000000e+00
    0.00000000e+00 0.00000000e+00 0.00000000e+00 0.00000000e+00]
   [0.00000000e+00 0.00000000e+00 0.00000000e+00 0.00000000e+00
    0.00000000e+00 0.00000000e+00 6.25000000e-02 0.00000000e+00
    0.00000000e+00 0.00000000e+00 0.00000000e+00 0.00000000e+00
    0.00000000e+00 0.00000000e+00 0.00000000e+00 0.00000000e+00]
   [0.00000000e+00 0.00000000e+00 0.00000000e+00 0.00000000e+00
    0.00000000e+00 0.00000000e+00 6.25000000e-02 0.00000000e+00
    0.00000000e+00 0.00000000e+00 0.00000000e+00 0.00000000e+00
    0.00000000e+00 0.00000000e+00 0.00000000e+00 0.00000000e+00]
   [0.00000000e+00 0.00000000e+00 0.00000000e+00 0.00000000e+00
    0.00000000e+00 0.00000000e+00 6.25000000e-02 0.00000000e+00
    0.00000000e+00 0.00000000e+00 0.00000000e+00 0.00000000e+00
    0.00000000e+00 0.00000000e+00 0.00000000e+00 0.00000000e+00]
   [0.00000000e+00 0.00000000e+00 0.00000000e+00 0.00000000e+00
    0.00000000e+00 0.00000000e+00 6.25000000e-02 0.00000000e+00
    0.00000000e+00 0.00000000e+00 0.00000000e+00 0.00000000e+00
    0.00000000e+00 0.00000000e+00 0.00000000e+00 0.00000000e+00]
   [3.66210938e-03 0.00000000e+00 7.32421875e-04 2.19726562e-03
    7.32421875e-04 7.32421875e-04 5.88378906e-02 0.00000000e+00
    1.46484375e-03 7.32421875e-04 0.00000000e+00 0.00000000e+00
    0.00000000e+00 1.46484375e-03 0.00000000e+00 0.00000000e+00]
   [2.50976562e-01 0.00000000e+00 5.61523438e-02 1.37451172e-01
    5.05371094e-02 4.51660156e-02 0.00000000e+00 1.70898438e-03
    1.07421875e-01 5.90820312e-02 0.00000000e+00 0.00000000e+00
    0.00000000e+00 7.32421875e-02 0.00000000e+00 0.00000000e+00]
   [3.73779297e-01 0.00000000e+00 2.22167969e-02 1.30615234e-01
    1.26464844e-01 5.41992188e-02 0.00000000e+00 0.00000000e+00
    2.11425781e-01 1.10351562e-01 1.65527344e-01 0.00000000e+00
    1.46972656e-01 0.00000000e+00 0.00000000e+00 7.78808594e-02]
   [1.78222656e-02 0.00000000e+00 0.00000000e+00 0.00000000e+00
    1.77734375e-01 1.86035156e-01 0.00000000e+00 0.00000000e+00
    3.89160156e-01 8.61816406e-02 3.70117188e-01 0.00000000e+00
    8.83789062e-02 0.00000000e+00 4.66308594e-02 3.91357422e-01]
   [0.00000000e+00 6.34765625e-02 0.00000000e+00 0.00000000e+00
    1.93603516e-01 8.69140625e-02 0.00000000e+00 0.00000000e+00
    0.00000000e+00 3.78417969e-02 4.07714844e-01 0.00000000e+00
    4.10156250e-02 6.27441406e-02 4.39453125e-01 7.98339844e-02]
   [0.00000000e+00 4.90722656e-01 0.00000000e+00 8.54492188e-03
    1.59179688e-01 0.00000000e+00 1.18652344e-01 9.64355469e-02
    0.00000000e+00 1.25244141e-01 2.58056641e-01 0.00000000e+00
    0.00000000e+00 2.91015625e-01 3.63281250e-01 0.00000000e+00]
   [0.00000000e+00 3.16894531e-01 6.61621094e-02 6.29882812e-02
    1.08154297e-01 0.00000000e+00 1.97265625e-01 3.22753906e-01
    0.00000000e+00 2.90527344e-02 1.07910156e-01 0.00000000e+00
    0.00000000e+00 9.64355469e-02 3.00292969e-02 0.00000000e+00]
   [5.59082031e-02 2.78320312e-02 0.00000000e+00 0.00000000e+00
    1.39160156e-02 0.00000000e+00 1.04492188e-01 8.37402344e-02
    0.00000000e+00 2.78320312e-02 2.78320312e-02 0.00000000e+00
    0.00000000e+00 0.00000000e+00 0.00000000e+00 0.00000000e+00]
   [0.00000000e+00 0.00000000e+00 0.00000000e+00 0.00000000e+00
    0.00000000e+00 0.00000000e+00 6.25000000e-02 0.00000000e+00
    0.00000000e+00 0.00000000e+00 0.00000000e+00 0.00000000e+00
    0.00000000e+00 0.00000000e+00 0.00000000e+00 0.00000000e+00]
   [0.00000000e+00 0.00000000e+00 0.00000000e+00 0.00000000e+00
    0.00000000e+00 0.00000000e+00 6.25000000e-02 0.00000000e+00
    0.00000000e+00 0.00000000e+00 0.00000000e+00 0.00000000e+00
    0.00000000e+00 0.00000000e+00 0.00000000e+00 0.00000000e+00]
   [0.00000000e+00 0.00000000e+00 0.00000000e+00 0.00000000e+00
    0.00000000e+00 0.00000000e+00 6.25000000e-02 0.00000000e+00
    0.00000000e+00 0.00000000e+00 0.00000000e+00 0.00000000e+00
    0.00000000e+00 0.00000000e+00 0.00000000e+00 0.00000000e+00]
   [0.00000000e+00 0.00000000e+00 0.00000000e+00 0.00000000e+00
    0.00000000e+00 0.00000000e+00 6.25000000e-02 0.00000000e+00
    0.00000000e+00 0.00000000e+00 0.00000000e+00 0.00000000e+00
    0.00000000e+00 0.00000000e+00 0.00000000e+00 0.00000000e+00]
   [0.00000000e+00 0.00000000e+00 0.00000000e+00 0.00000000e+00
    0.00000000e+00 0.00000000e+00 6.25000000e-02 0.00000000e+00
    0.00000000e+00 0.00000000e+00 0.00000000e+00 0.00000000e+00
    0.00000000e+00 0.00000000e+00 0.00000000e+00 0.00000000e+00]
   [0.00000000e+00 0.00000000e+00 0.00000000e+00 0.00000000e+00
    0.00000000e+00 0.00000000e+00 6.25000000e-02 0.00000000e+00
    0.00000000e+00 0.00000000e+00 0.00000000e+00 0.00000000e+00
    0.00000000e+00 0.00000000e+00 0.00000000e+00 0.00000000e+00]
   [0.00000000e+00 0.00000000e+00 0.00000000e+00 0.00000000e+00
    0.00000000e+00 0.00000000e+00 6.25000000e-02 0.00000000e+00
    0.00000000e+00 0.00000000e+00 0.00000000e+00 0.00000000e+00
    0.00000000e+00 0.00000000e+00 0.00000000e+00 0.00000000e+00]
   [0.00000000e+00 0.00000000e+00 0.00000000e+00 0.00000000e+00
    0.00000000e+00 0.00000000e+00 6.25000000e-02 0.00000000e+00
    0.00000000e+00 0.00000000e+00 0.00000000e+00 0.00000000e+00
    0.00000000e+00 0.00000000e+00 0.00000000e+00 0.00000000e+00]]

  [[0.00000000e+00 0.00000000e+00 0.00000000e+00 0.00000000e+00
    0.00000000e+00 0.00000000e+00 6.25000000e-02 0.00000000e+00
    0.00000000e+00 0.00000000e+00 0.00000000e+00 0.00000000e+00
    0.00000000e+00 0.00000000e+00 0.00000000e+00 0.00000000e+00]
   [0.00000000e+00 0.00000000e+00 0.00000000e+00 0.00000000e+00
    0.00000000e+00 0.00000000e+00 6.25000000e-02 0.00000000e+00
    0.00000000e+00 0.00000000e+00 0.00000000e+00 0.00000000e+00
    0.00000000e+00 0.00000000e+00 0.00000000e+00 0.00000000e+00]
   [0.00000000e+00 0.00000000e+00 0.00000000e+00 0.00000000e+00
    0.00000000e+00 0.00000000e+00 6.25000000e-02 0.00000000e+00
    0.00000000e+00 0.00000000e+00 0.00000000e+00 0.00000000e+00
    0.00000000e+00 0.00000000e+00 0.00000000e+00 0.00000000e+00]
   [0.00000000e+00 0.00000000e+00 0.00000000e+00 0.00000000e+00
    0.00000000e+00 0.00000000e+00 6.25000000e-02 0.00000000e+00
    0.00000000e+00 0.00000000e+00 0.00000000e+00 0.00000000e+00
    0.00000000e+00 0.00000000e+00 0.00000000e+00 0.00000000e+00]
   [0.00000000e+00 0.00000000e+00 0.00000000e+00 0.00000000e+00
    0.00000000e+00 0.00000000e+00 6.25000000e-02 0.00000000e+00
    0.00000000e+00 0.00000000e+00 0.00000000e+00 0.00000000e+00
    0.00000000e+00 0.00000000e+00 0.00000000e+00 0.00000000e+00]
   [0.00000000e+00 0.00000000e+00 0.00000000e+00 0.00000000e+00
    0.00000000e+00 0.00000000e+00 6.25000000e-02 0.00000000e+00
    0.00000000e+00 0.00000000e+00 0.00000000e+00 0.00000000e+00
    0.00000000e+00 0.00000000e+00 0.00000000e+00 0.00000000e+00]
   [0.00000000e+00 0.00000000e+00 0.00000000e+00 0.00000000e+00
    0.00000000e+00 0.00000000e+00 6.25000000e-02 0.00000000e+00
    0.00000000e+00 0.00000000e+00 0.00000000e+00 0.00000000e+00
    0.00000000e+00 0.00000000e+00 0.00000000e+00 0.00000000e+00]
   [0.00000000e+00 0.00000000e+00 0.00000000e+00 0.00000000e+00
    0.00000000e+00 0.00000000e+00 6.25000000e-02 0.00000000e+00
    0.00000000e+00 0.00000000e+00 0.00000000e+00 0.00000000e+00
    0.00000000e+00 0.00000000e+00 0.00000000e+00 0.00000000e+00]
   [0.00000000e+00 0.00000000e+00 0.00000000e+00 0.00000000e+00
    0.00000000e+00 0.00000000e+00 6.25000000e-02 0.00000000e+00
    0.00000000e+00 0.00000000e+00 0.00000000e+00 0.00000000e+00
    0.00000000e+00 0.00000000e+00 0.00000000e+00 0.00000000e+00]
   [0.00000000e+00 0.00000000e+00 0.00000000e+00 0.00000000e+00
    0.00000000e+00 0.00000000e+00 6.25000000e-02 0.00000000e+00
    0.00000000e+00 0.00000000e+00 0.00000000e+00 0.00000000e+00
    0.00000000e+00 0.00000000e+00 0.00000000e+00 0.00000000e+00]
   [4.66308594e-02 0.00000000e+00 1.07421875e-02 2.56347656e-02
    9.27734375e-03 8.54492188e-03 1.87988281e-02 7.32421875e-04
    2.00195312e-02 1.07421875e-02 0.00000000e+00 0.00000000e+00
    0.00000000e+00 1.41601562e-02 0.00000000e+00 0.00000000e+00]
   [3.18359375e-01 0.00000000e+00 1.37695312e-01 5.37109375e-02
    7.54394531e-02 2.31933594e-02 0.00000000e+00 0.00000000e+00
    2.24853516e-01 1.45507812e-01 6.05468750e-02 0.00000000e+00
    8.22753906e-02 0.00000000e+00 0.00000000e+00 0.00000000e+00]
   [1.24023438e-01 0.00000000e+00 3.41796875e-02 1.43066406e-01
    1.38916016e-01 1.98730469e-01 0.00000000e+00 0.00000000e+00
    3.87939453e-01 1.21826172e-01 2.63427734e-01 0.00000000e+00
    4.71191406e-02 0.00000000e+00 0.00000000e+00 2.45361328e-01]
   [0.00000000e+00 0.00000000e+00 0.00000000e+00 0.00000000e+00
    1.97753906e-01 1.05712891e-01 0.00000000e+00 0.00000000e+00
    1.09863281e-01 2.44140625e-02 4.13574219e-01 0.00000000e+00
    1.09130859e-01 1.83105469e-02 3.84277344e-01 1.98242188e-01]
   [0.00000000e+00 3.44238281e-01 0.00000000e+00 0.00000000e+00
    1.84570312e-01 5.56640625e-02 1.13281250e-01 0.00000000e+00
    0.00000000e+00 6.15234375e-02 3.28613281e-01 0.00000000e+00
    0.00000000e+00 2.29248047e-01 4.83154297e-01 0.00000000e+00]
   [0.00000000e+00 4.39208984e-01 0.00000000e+00 2.68554688e-02
    1.26220703e-01 0.00000000e+00 2.31689453e-01 2.41699219e-01
    0.00000000e+00 9.22851562e-02 1.49414062e-01 0.00000000e+00
    0.00000000e+00 1.29150391e-01 1.18896484e-01 0.00000000e+00]
   [1.19873047e-01 1.15722656e-01 2.56347656e-02 2.56347656e-02
    4.93164062e-02 0.00000000e+00 1.76025391e-01 2.44140625e-01
    0.00000000e+00 5.56640625e-02 7.27539062e-02 0.00000000e+00
    0.00000000e+00 1.70898438e-02 0.00000000e+00 0.00000000e+00]
   [0.00000000e+00 0.00000000e+00 0.00000000e+00 0.00000000e+00
    0.00000000e+00 0.00000000e+00 6.25000000e-02 0.00000000e+00
    0.00000000e+00 0.00000000e+00 0.00000000e+00 0.00000000e+00
    0.00000000e+00 0.00000000e+00 0.00000000e+00 0.00000000e+00]
   [0.00000000e+00 0.00000000e+00 0.00000000e+00 0.00000000e+00
    0.00000000e+00 0.00000000e+00 6.25000000e-02 0.00000000e+00
    0.00000000e+00 0.00000000e+00 0.00000000e+00 0.00000000e+00
    0.00000000e+00 0.00000000e+00 0.00000000e+00 0.00000000e+00]
   [0.00000000e+00 0.00000000e+00 0.00000000e+00 0.00000000e+00
    0.00000000e+00 0.00000000e+00 6.25000000e-02 0.00000000e+00
    0.00000000e+00 0.00000000e+00 0.00000000e+00 0.00000000e+00
    0.00000000e+00 0.00000000e+00 0.00000000e+00 0.00000000e+00]
   [0.00000000e+00 0.00000000e+00 0.00000000e+00 0.00000000e+00
    0.00000000e+00 0.00000000e+00 6.25000000e-02 0.00000000e+00
    0.00000000e+00 0.00000000e+00 0.00000000e+00 0.00000000e+00
    0.00000000e+00 0.00000000e+00 0.00000000e+00 0.00000000e+00]
   [0.00000000e+00 0.00000000e+00 0.00000000e+00 0.00000000e+00
    0.00000000e+00 0.00000000e+00 6.25000000e-02 0.00000000e+00
    0.00000000e+00 0.00000000e+00 0.00000000e+00 0.00000000e+00
    0.00000000e+00 0.00000000e+00 0.00000000e+00 0.00000000e+00]
   [0.00000000e+00 0.00000000e+00 0.00000000e+00 0.00000000e+00
    0.00000000e+00 0.00000000e+00 6.25000000e-02 0.00000000e+00
    0.00000000e+00 0.00000000e+00 0.00000000e+00 0.00000000e+00
    0.00000000e+00 0.00000000e+00 0.00000000e+00 0.00000000e+00]
   [0.00000000e+00 0.00000000e+00 0.00000000e+00 0.00000000e+00
    0.00000000e+00 0.00000000e+00 6.25000000e-02 0.00000000e+00
    0.00000000e+00 0.00000000e+00 0.00000000e+00 0.00000000e+00
    0.00000000e+00 0.00000000e+00 0.00000000e+00 0.00000000e+00]
   [0.00000000e+00 0.00000000e+00 0.00000000e+00 0.00000000e+00
    0.00000000e+00 0.00000000e+00 6.25000000e-02 0.00000000e+00
    0.00000000e+00 0.00000000e+00 0.00000000e+00 0.00000000e+00
    0.00000000e+00 0.00000000e+00 0.00000000e+00 0.00000000e+00]
   [0.00000000e+00 0.00000000e+00 0.00000000e+00 0.00000000e+00
    0.00000000e+00 0.00000000e+00 6.25000000e-02 0.00000000e+00
    0.00000000e+00 0.00000000e+00 0.00000000e+00 0.00000000e+00
    0.00000000e+00 0.00000000e+00 0.00000000e+00 0.00000000e+00]]

  [[0.00000000e+00 0.00000000e+00 0.00000000e+00 0.00000000e+00
    0.00000000e+00 0.00000000e+00 6.25000000e-02 0.00000000e+00
    0.00000000e+00 0.00000000e+00 0.00000000e+00 0.00000000e+00
    0.00000000e+00 0.00000000e+00 0.00000000e+00 0.00000000e+00]
   [0.00000000e+00 0.00000000e+00 0.00000000e+00 0.00000000e+00
    0.00000000e+00 0.00000000e+00 6.25000000e-02 0.00000000e+00
    0.00000000e+00 0.00000000e+00 0.00000000e+00 0.00000000e+00
    0.00000000e+00 0.00000000e+00 0.00000000e+00 0.00000000e+00]
   [0.00000000e+00 0.00000000e+00 0.00000000e+00 0.00000000e+00
    0.00000000e+00 0.00000000e+00 6.25000000e-02 0.00000000e+00
    0.00000000e+00 0.00000000e+00 0.00000000e+00 0.00000000e+00
    0.00000000e+00 0.00000000e+00 0.00000000e+00 0.00000000e+00]
   [0.00000000e+00 0.00000000e+00 0.00000000e+00 0.00000000e+00
    0.00000000e+00 0.00000000e+00 6.25000000e-02 0.00000000e+00
    0.00000000e+00 0.00000000e+00 0.00000000e+00 0.00000000e+00
    0.00000000e+00 0.00000000e+00 0.00000000e+00 0.00000000e+00]
   [0.00000000e+00 0.00000000e+00 0.00000000e+00 0.00000000e+00
    0.00000000e+00 0.00000000e+00 6.25000000e-02 0.00000000e+00
    0.00000000e+00 0.00000000e+00 0.00000000e+00 0.00000000e+00
    0.00000000e+00 0.00000000e+00 0.00000000e+00 0.00000000e+00]
   [0.00000000e+00 0.00000000e+00 0.00000000e+00 0.00000000e+00
    0.00000000e+00 0.00000000e+00 6.25000000e-02 0.00000000e+00
    0.00000000e+00 0.00000000e+00 0.00000000e+00 0.00000000e+00
    0.00000000e+00 0.00000000e+00 0.00000000e+00 0.00000000e+00]
   [0.00000000e+00 0.00000000e+00 0.00000000e+00 0.00000000e+00
    0.00000000e+00 0.00000000e+00 6.25000000e-02 0.00000000e+00
    0.00000000e+00 0.00000000e+00 0.00000000e+00 0.00000000e+00
    0.00000000e+00 0.00000000e+00 0.00000000e+00 0.00000000e+00]
   [0.00000000e+00 0.00000000e+00 0.00000000e+00 0.00000000e+00
    0.00000000e+00 0.00000000e+00 6.25000000e-02 0.00000000e+00
    0.00000000e+00 0.00000000e+00 0.00000000e+00 0.00000000e+00
    0.00000000e+00 0.00000000e+00 0.00000000e+00 0.00000000e+00]
   [0.00000000e+00 0.00000000e+00 0.00000000e+00 0.00000000e+00
    0.00000000e+00 0.00000000e+00 6.25000000e-02 0.00000000e+00
    0.00000000e+00 0.00000000e+00 0.00000000e+00 0.00000000e+00
    0.00000000e+00 0.00000000e+00 0.00000000e+00 0.00000000e+00]
   [3.80859375e-02 0.00000000e+00 7.56835938e-03 2.27050781e-02
    7.56835938e-03 7.56835938e-03 2.44140625e-02 0.00000000e+00
    1.51367188e-02 7.56835938e-03 0.00000000e+00 0.00000000e+00
    0.00000000e+00 1.51367188e-02 0.00000000e+00 0.00000000e+00]
   [2.94189453e-01 0.00000000e+00 4.54101562e-02 1.57470703e-01
    6.32324219e-02 4.71191406e-02 0.00000000e+00 0.00000000e+00
    1.16210938e-01 7.05566406e-02 0.00000000e+00 0.00000000e+00
    0.00000000e+00 6.68945312e-02 0.00000000e+00 0.00000000e+00]
   [2.54638672e-01 0.00000000e+00 1.04003906e-01 2.61230469e-02
    1.65283203e-01 1.16699219e-01 0.00000000e+00 0.00000000e+00
    3.47412109e-01 1.02539062e-02 2.37792969e-01 0.00000000e+00
    1.29150391e-01 0.00000000e+00 0.00000000e+00 1.92382812e-01]
   [0.00000000e+00 0.00000000e+00 0.00000000e+00 0.00000000e+00
    1.55273438e-01 1.15234375e-01 0.00000000e+00 0.00000000e+00
    3.26660156e-01 1.58203125e-01 4.35058594e-01 0.00000000e+00
    4.66308594e-02 0.00000000e+00 2.02880859e-01 3.62792969e-01]
   [0.00000000e+00 2.47314453e-01 0.00000000e+00 0.00000000e+00
    1.94091797e-01 8.88671875e-02 1.27929688e-01 0.00000000e+00
    0.00000000e+00 4.76074219e-02 3.71826172e-01 0.00000000e+00
    0.00000000e+00 1.56005859e-01 5.00000000e-01 0.00000000e+00]
   [0.00000000e+00 4.66552734e-01 0.00000000e+00 9.76562500e-04
    1.42578125e-01 0.00000000e+00 2.41943359e-01 1.60156250e-01
    0.00000000e+00 9.30175781e-02 1.81396484e-01 0.00000000e+00
    0.00000000e+00 1.51611328e-01 2.28271484e-01 0.00000000e+00]
   [9.47265625e-02 2.00195312e-01 2.22167969e-02 3.05175781e-02
    7.27539062e-02 0.00000000e+00 2.29248047e-01 2.88330078e-01
    0.00000000e+00 7.61718750e-02 9.76562500e-02 5.37109375e-03
    0.00000000e+00 2.19726562e-02 0.00000000e+00 0.00000000e+00]
   [3.44238281e-02 1.70898438e-02 0.00000000e+00 0.00000000e+00
    8.54492188e-03 0.00000000e+00 8.81347656e-02 5.15136719e-02
    0.00000000e+00 1.70898438e-02 1.70898438e-02 0.00000000e+00
    0.00000000e+00 0.00000000e+00 0.00000000e+00 0.00000000e+00]
   [0.00000000e+00 0.00000000e+00 0.00000000e+00 0.00000000e+00
    0.00000000e+00 0.00000000e+00 6.25000000e-02 0.00000000e+00
    0.00000000e+00 0.00000000e+00 0.00000000e+00 0.00000000e+00
    0.00000000e+00 0.00000000e+00 0.00000000e+00 0.00000000e+00]
   [0.00000000e+00 0.00000000e+00 0.00000000e+00 0.00000000e+00
    0.00000000e+00 0.00000000e+00 6.25000000e-02 0.00000000e+00
    0.00000000e+00 0.00000000e+00 0.00000000e+00 0.00000000e+00
    0.00000000e+00 0.00000000e+00 0.00000000e+00 0.00000000e+00]
   [0.00000000e+00 0.00000000e+00 0.00000000e+00 0.00000000e+00
    0.00000000e+00 0.00000000e+00 6.25000000e-02 0.00000000e+00
    0.00000000e+00 0.00000000e+00 0.00000000e+00 0.00000000e+00
    0.00000000e+00 0.00000000e+00 0.00000000e+00 0.00000000e+00]
   [0.00000000e+00 0.00000000e+00 0.00000000e+00 0.00000000e+00
    0.00000000e+00 0.00000000e+00 6.25000000e-02 0.00000000e+00
    0.00000000e+00 0.00000000e+00 0.00000000e+00 0.00000000e+00
    0.00000000e+00 0.00000000e+00 0.00000000e+00 0.00000000e+00]
   [0.00000000e+00 0.00000000e+00 0.00000000e+00 0.00000000e+00
    0.00000000e+00 0.00000000e+00 6.25000000e-02 0.00000000e+00
    0.00000000e+00 0.00000000e+00 0.00000000e+00 0.00000000e+00
    0.00000000e+00 0.00000000e+00 0.00000000e+00 0.00000000e+00]
   [0.00000000e+00 0.00000000e+00 0.00000000e+00 0.00000000e+00
    0.00000000e+00 0.00000000e+00 6.25000000e-02 0.00000000e+00
    0.00000000e+00 0.00000000e+00 0.00000000e+00 0.00000000e+00
    0.00000000e+00 0.00000000e+00 0.00000000e+00 0.00000000e+00]
   [0.00000000e+00 0.00000000e+00 0.00000000e+00 0.00000000e+00
    0.00000000e+00 0.00000000e+00 6.25000000e-02 0.00000000e+00
    0.00000000e+00 0.00000000e+00 0.00000000e+00 0.00000000e+00
    0.00000000e+00 0.00000000e+00 0.00000000e+00 0.00000000e+00]
   [0.00000000e+00 0.00000000e+00 0.00000000e+00 0.00000000e+00
    0.00000000e+00 0.00000000e+00 6.25000000e-02 0.00000000e+00
    0.00000000e+00 0.00000000e+00 0.00000000e+00 0.00000000e+00
    0.00000000e+00 0.00000000e+00 0.00000000e+00 0.00000000e+00]
   [0.00000000e+00 0.00000000e+00 0.00000000e+00 0.00000000e+00
    0.00000000e+00 0.00000000e+00 6.25000000e-02 0.00000000e+00
    0.00000000e+00 0.00000000e+00 0.00000000e+00 0.00000000e+00
    0.00000000e+00 0.00000000e+00 0.00000000e+00 0.00000000e+00]]

  [[0.00000000e+00 0.00000000e+00 0.00000000e+00 0.00000000e+00
    0.00000000e+00 0.00000000e+00 6.25000000e-02 0.00000000e+00
    0.00000000e+00 0.00000000e+00 0.00000000e+00 0.00000000e+00
    0.00000000e+00 0.00000000e+00 0.00000000e+00 0.00000000e+00]
   [0.00000000e+00 0.00000000e+00 0.00000000e+00 0.00000000e+00
    0.00000000e+00 0.00000000e+00 6.25000000e-02 0.00000000e+00
    0.00000000e+00 0.00000000e+00 0.00000000e+00 0.00000000e+00
    0.00000000e+00 0.00000000e+00 0.00000000e+00 0.00000000e+00]
   [0.00000000e+00 0.00000000e+00 0.00000000e+00 0.00000000e+00
    0.00000000e+00 0.00000000e+00 6.25000000e-02 0.00000000e+00
    0.00000000e+00 0.00000000e+00 0.00000000e+00 0.00000000e+00
    0.00000000e+00 0.00000000e+00 0.00000000e+00 0.00000000e+00]
   [0.00000000e+00 0.00000000e+00 0.00000000e+00 0.00000000e+00
    0.00000000e+00 0.00000000e+00 6.25000000e-02 0.00000000e+00
    0.00000000e+00 0.00000000e+00 0.00000000e+00 0.00000000e+00
    0.00000000e+00 0.00000000e+00 0.00000000e+00 0.00000000e+00]
   [0.00000000e+00 0.00000000e+00 0.00000000e+00 0.00000000e+00
    0.00000000e+00 0.00000000e+00 6.25000000e-02 0.00000000e+00
    0.00000000e+00 0.00000000e+00 0.00000000e+00 0.00000000e+00
    0.00000000e+00 0.00000000e+00 0.00000000e+00 0.00000000e+00]
   [0.00000000e+00 0.00000000e+00 0.00000000e+00 0.00000000e+00
    0.00000000e+00 0.00000000e+00 6.25000000e-02 0.00000000e+00
    0.00000000e+00 0.00000000e+00 0.00000000e+00 0.00000000e+00
    0.00000000e+00 0.00000000e+00 0.00000000e+00 0.00000000e+00]
   [0.00000000e+00 0.00000000e+00 0.00000000e+00 0.00000000e+00
    0.00000000e+00 0.00000000e+00 6.25000000e-02 0.00000000e+00
    0.00000000e+00 0.00000000e+00 0.00000000e+00 0.00000000e+00
    0.00000000e+00 0.00000000e+00 0.00000000e+00 0.00000000e+00]
   [0.00000000e+00 0.00000000e+00 0.00000000e+00 0.00000000e+00
    0.00000000e+00 0.00000000e+00 6.25000000e-02 0.00000000e+00
    0.00000000e+00 0.00000000e+00 0.00000000e+00 0.00000000e+00
    0.00000000e+00 0.00000000e+00 0.00000000e+00 0.00000000e+00]
   [0.00000000e+00 0.00000000e+00 0.00000000e+00 0.00000000e+00
    0.00000000e+00 0.00000000e+00 6.25000000e-02 0.00000000e+00
    0.00000000e+00 0.00000000e+00 0.00000000e+00 0.00000000e+00
    0.00000000e+00 0.00000000e+00 0.00000000e+00 0.00000000e+00]
   [1.63085938e-01 0.00000000e+00 4.78515625e-02 7.51953125e-02
    3.27148438e-02 2.51464844e-02 0.00000000e+00 7.56835938e-03
    8.03222656e-02 4.78515625e-02 0.00000000e+00 0.00000000e+00
    0.00000000e+00 1.95312500e-02 0.00000000e+00 0.00000000e+00]
   [3.49121094e-01 0.00000000e+00 6.20117188e-02 1.14746094e-01
    9.66796875e-02 4.10156250e-02 0.00000000e+00 0.00000000e+00
    2.14111328e-01 1.57470703e-01 1.22070312e-01 0.00000000e+00
    1.26708984e-01 0.00000000e+00 0.00000000e+00 4.39453125e-02]
   [5.10253906e-02 0.00000000e+00 5.49316406e-02 9.44824219e-02
    1.72119141e-01 2.15820312e-01 0.00000000e+00 0.00000000e+00
    3.98193359e-01 7.49511719e-02 3.15917969e-01 0.00000000e+00
    6.71386719e-02 0.00000000e+00 0.00000000e+00 3.22998047e-01]
   [0.00000000e+00 8.71582031e-02 0.00000000e+00 0.00000000e+00
    2.01416016e-01 1.09130859e-01 0.00000000e+00 0.00000000e+00
    2.19726562e-03 0.00000000e+00 3.80859375e-01 0.00000000e+00
    1.22070312e-03 1.52832031e-01 4.40673828e-01 9.76562500e-02]
   [0.00000000e+00 4.90234375e-01 0.00000000e+00 0.00000000e+00
    1.90185547e-01 0.00000000e+00 6.56738281e-02 1.19384766e-01
    0.00000000e+00 7.17773438e-02 2.93701172e-01 0.00000000e+00
    0.00000000e+00 3.06640625e-01 3.51562500e-01 0.00000000e+00]
   [6.34765625e-02 2.87841797e-01 8.78906250e-03 3.17382812e-03
    1.02783203e-01 0.00000000e+00 2.14355469e-01 3.35693359e-01
    0.00000000e+00 8.47167969e-02 1.40625000e-01 0.00000000e+00
    0.00000000e+00 8.25195312e-02 0.00000000e+00 0.00000000e+00]
   [7.42187500e-02 3.88183594e-02 7.32421875e-04 7.32421875e-04
    1.90429688e-02 0.00000000e+00 1.18896484e-01 1.13281250e-01
    0.00000000e+00 3.71093750e-02 3.75976562e-02 0.00000000e+00
    0.00000000e+00 4.88281250e-04 0.00000000e+00 0.00000000e+00]
   [0.00000000e+00 0.00000000e+00 0.00000000e+00 0.00000000e+00
    0.00000000e+00 0.00000000e+00 6.25000000e-02 0.00000000e+00
    0.00000000e+00 0.00000000e+00 0.00000000e+00 0.00000000e+00
    0.00000000e+00 0.00000000e+00 0.00000000e+00 0.00000000e+00]
   [0.00000000e+00 0.00000000e+00 0.00000000e+00 0.00000000e+00
    0.00000000e+00 0.00000000e+00 6.25000000e-02 0.00000000e+00
    0.00000000e+00 0.00000000e+00 0.00000000e+00 0.00000000e+00
    0.00000000e+00 0.00000000e+00 0.00000000e+00 0.00000000e+00]
   [0.00000000e+00 0.00000000e+00 0.00000000e+00 0.00000000e+00
    0.00000000e+00 0.00000000e+00 6.25000000e-02 0.00000000e+00
    0.00000000e+00 0.00000000e+00 0.00000000e+00 0.00000000e+00
    0.00000000e+00 0.00000000e+00 0.00000000e+00 0.00000000e+00]
   [0.00000000e+00 0.00000000e+00 0.00000000e+00 0.00000000e+00
    0.00000000e+00 0.00000000e+00 6.25000000e-02 0.00000000e+00
    0.00000000e+00 0.00000000e+00 0.00000000e+00 0.00000000e+00
    0.00000000e+00 0.00000000e+00 0.00000000e+00 0.00000000e+00]
   [0.00000000e+00 0.00000000e+00 0.00000000e+00 0.00000000e+00
    0.00000000e+00 0.00000000e+00 6.25000000e-02 0.00000000e+00
    0.00000000e+00 0.00000000e+00 0.00000000e+00 0.00000000e+00
    0.00000000e+00 0.00000000e+00 0.00000000e+00 0.00000000e+00]
   [0.00000000e+00 0.00000000e+00 0.00000000e+00 0.00000000e+00
    0.00000000e+00 0.00000000e+00 6.25000000e-02 0.00000000e+00
    0.00000000e+00 0.00000000e+00 0.00000000e+00 0.00000000e+00
    0.00000000e+00 0.00000000e+00 0.00000000e+00 0.00000000e+00]
   [0.00000000e+00 0.00000000e+00 0.00000000e+00 0.00000000e+00
    0.00000000e+00 0.00000000e+00 6.25000000e-02 0.00000000e+00
    0.00000000e+00 0.00000000e+00 0.00000000e+00 0.00000000e+00
    0.00000000e+00 0.00000000e+00 0.00000000e+00 0.00000000e+00]
   [0.00000000e+00 0.00000000e+00 0.00000000e+00 0.00000000e+00
    0.00000000e+00 0.00000000e+00 6.25000000e-02 0.00000000e+00
    0.00000000e+00 0.00000000e+00 0.00000000e+00 0.00000000e+00
    0.00000000e+00 0.00000000e+00 0.00000000e+00 0.00000000e+00]
   [0.00000000e+00 0.00000000e+00 0.00000000e+00 0.00000000e+00
    0.00000000e+00 0.00000000e+00 6.25000000e-02 0.00000000e+00
    0.00000000e+00 0.00000000e+00 0.00000000e+00 0.00000000e+00
    0.00000000e+00 0.00000000e+00 0.00000000e+00 0.00000000e+00]
   [0.00000000e+00 0.00000000e+00 0.00000000e+00 0.00000000e+00
    0.00000000e+00 0.00000000e+00 6.25000000e-02 0.00000000e+00
    0.00000000e+00 0.00000000e+00 0.00000000e+00 0.00000000e+00
    0.00000000e+00 0.00000000e+00 0.00000000e+00 0.00000000e+00]]

  [[0.00000000e+00 0.00000000e+00 0.00000000e+00 0.00000000e+00
    0.00000000e+00 0.00000000e+00 6.25000000e-02 0.00000000e+00
    0.00000000e+00 0.00000000e+00 0.00000000e+00 0.00000000e+00
    0.00000000e+00 0.00000000e+00 0.00000000e+00 0.00000000e+00]
   [0.00000000e+00 0.00000000e+00 0.00000000e+00 0.00000000e+00
    0.00000000e+00 0.00000000e+00 6.25000000e-02 0.00000000e+00
    0.00000000e+00 0.00000000e+00 0.00000000e+00 0.00000000e+00
    0.00000000e+00 0.00000000e+00 0.00000000e+00 0.00000000e+00]
   [0.00000000e+00 0.00000000e+00 0.00000000e+00 0.00000000e+00
    0.00000000e+00 0.00000000e+00 6.25000000e-02 0.00000000e+00
    0.00000000e+00 0.00000000e+00 0.00000000e+00 0.00000000e+00
    0.00000000e+00 0.00000000e+00 0.00000000e+00 0.00000000e+00]
   [0.00000000e+00 0.00000000e+00 0.00000000e+00 0.00000000e+00
    0.00000000e+00 0.00000000e+00 6.25000000e-02 0.00000000e+00
    0.00000000e+00 0.00000000e+00 0.00000000e+00 0.00000000e+00
    0.00000000e+00 0.00000000e+00 0.00000000e+00 0.00000000e+00]
   [0.00000000e+00 0.00000000e+00 0.00000000e+00 0.00000000e+00
    0.00000000e+00 0.00000000e+00 6.25000000e-02 0.00000000e+00
    0.00000000e+00 0.00000000e+00 0.00000000e+00 0.00000000e+00
    0.00000000e+00 0.00000000e+00 0.00000000e+00 0.00000000e+00]
   [0.00000000e+00 0.00000000e+00 0.00000000e+00 0.00000000e+00
    0.00000000e+00 0.00000000e+00 6.25000000e-02 0.00000000e+00
    0.00000000e+00 0.00000000e+00 0.00000000e+00 0.00000000e+00
    0.00000000e+00 0.00000000e+00 0.00000000e+00 0.00000000e+00]
   [0.00000000e+00 0.00000000e+00 0.00000000e+00 0.00000000e+00
    0.00000000e+00 0.00000000e+00 6.25000000e-02 0.00000000e+00
    0.00000000e+00 0.00000000e+00 0.00000000e+00 0.00000000e+00
    0.00000000e+00 0.00000000e+00 0.00000000e+00 0.00000000e+00]
   [0.00000000e+00 0.00000000e+00 0.00000000e+00 0.00000000e+00
    0.00000000e+00 0.00000000e+00 6.25000000e-02 0.00000000e+00
    0.00000000e+00 0.00000000e+00 0.00000000e+00 0.00000000e+00
    0.00000000e+00 0.00000000e+00 0.00000000e+00 0.00000000e+00]
   [7.47070312e-02 0.00000000e+00 1.48925781e-02 4.49218750e-02
    1.48925781e-02 1.48925781e-02 0.00000000e+00 0.00000000e+00
    2.97851562e-02 1.48925781e-02 0.00000000e+00 0.00000000e+00
    0.00000000e+00 2.97851562e-02 0.00000000e+00 0.00000000e+00]
   [3.11279297e-01 0.00000000e+00 8.74023438e-02 1.02294922e-01
    8.17871094e-02 4.17480469e-02 0.00000000e+00 0.00000000e+00
    1.84326172e-01 9.42382812e-02 4.32128906e-02 0.00000000e+00
    2.63671875e-02 0.00000000e+00 0.00000000e+00 0.00000000e+00]
   [1.63818359e-01 0.00000000e+00 5.12695312e-02 5.85937500e-02
    1.58691406e-01 1.59912109e-01 0.00000000e+00 0.00000000e+00
    3.82812500e-01 7.27539062e-02 2.73193359e-01 0.00000000e+00
    7.51953125e-02 0.00000000e+00 0.00000000e+00 2.46337891e-01]
   [0.00000000e+00 0.00000000e+00 0.00000000e+00 1.22070312e-03
    2.24121094e-01 1.39160156e-01 0.00000000e+00 0.00000000e+00
    2.67333984e-01 1.47216797e-01 4.05029297e-01 0.00000000e+00
    1.14746094e-02 2.92968750e-03 1.36230469e-01 2.15576172e-01]
   [0.00000000e+00 4.39941406e-01 0.00000000e+00 1.64550781e-01
    2.20214844e-01 5.63964844e-02 0.00000000e+00 0.00000000e+00
    0.00000000e+00 1.59667969e-01 3.99658203e-01 0.00000000e+00
    0.00000000e+00 3.62548828e-01 2.84423828e-01 0.00000000e+00]
   [0.00000000e+00 5.00000000e-01 1.09863281e-02 5.37109375e-02
    1.87011719e-01 0.00000000e+00 0.00000000e+00 3.57421875e-01
    0.00000000e+00 0.00000000e+00 2.40478516e-01 0.00000000e+00
    1.01806641e-01 4.16748047e-01 2.49755859e-01 0.00000000e+00]
   [6.10351562e-02 1.20605469e-01 3.73535156e-02 1.22070312e-02
    5.34667969e-02 0.00000000e+00 7.12890625e-02 2.06542969e-01
    0.00000000e+00 6.10351562e-03 6.93359375e-02 0.00000000e+00
    2.19726562e-02 8.86230469e-02 2.02636719e-02 0.00000000e+00]
   [9.76562500e-04 4.88281250e-04 0.00000000e+00 0.00000000e+00
    2.44140625e-04 0.00000000e+00 6.32324219e-02 1.46484375e-03
    0.00000000e+00 4.88281250e-04 4.88281250e-04 0.00000000e+00
    0.00000000e+00 0.00000000e+00 0.00000000e+00 0.00000000e+00]
   [0.00000000e+00 0.00000000e+00 0.00000000e+00 0.00000000e+00
    0.00000000e+00 0.00000000e+00 6.25000000e-02 0.00000000e+00
    0.00000000e+00 0.00000000e+00 0.00000000e+00 0.00000000e+00
    0.00000000e+00 0.00000000e+00 0.00000000e+00 0.00000000e+00]
   [0.00000000e+00 0.00000000e+00 0.00000000e+00 0.00000000e+00
    0.00000000e+00 0.00000000e+00 6.25000000e-02 0.00000000e+00
    0.00000000e+00 0.00000000e+00 0.00000000e+00 0.00000000e+00
    0.00000000e+00 0.00000000e+00 0.00000000e+00 0.00000000e+00]
   [0.00000000e+00 0.00000000e+00 0.00000000e+00 0.00000000e+00
    0.00000000e+00 0.00000000e+00 6.25000000e-02 0.00000000e+00
    0.00000000e+00 0.00000000e+00 0.00000000e+00 0.00000000e+00
    0.00000000e+00 0.00000000e+00 0.00000000e+00 0.00000000e+00]
   [0.00000000e+00 0.00000000e+00 0.00000000e+00 0.00000000e+00
    0.00000000e+00 0.00000000e+00 6.25000000e-02 0.00000000e+00
    0.00000000e+00 0.00000000e+00 0.00000000e+00 0.00000000e+00
    0.00000000e+00 0.00000000e+00 0.00000000e+00 0.00000000e+00]
   [0.00000000e+00 0.00000000e+00 0.00000000e+00 0.00000000e+00
    0.00000000e+00 0.00000000e+00 6.25000000e-02 0.00000000e+00
    0.00000000e+00 0.00000000e+00 0.00000000e+00 0.00000000e+00
    0.00000000e+00 0.00000000e+00 0.00000000e+00 0.00000000e+00]
   [0.00000000e+00 0.00000000e+00 0.00000000e+00 0.00000000e+00
    0.00000000e+00 0.00000000e+00 6.25000000e-02 0.00000000e+00
    0.00000000e+00 0.00000000e+00 0.00000000e+00 0.00000000e+00
    0.00000000e+00 0.00000000e+00 0.00000000e+00 0.00000000e+00]
   [0.00000000e+00 0.00000000e+00 0.00000000e+00 0.00000000e+00
    0.00000000e+00 0.00000000e+00 6.25000000e-02 0.00000000e+00
    0.00000000e+00 0.00000000e+00 0.00000000e+00 0.00000000e+00
    0.00000000e+00 0.00000000e+00 0.00000000e+00 0.00000000e+00]
   [0.00000000e+00 0.00000000e+00 0.00000000e+00 0.00000000e+00
    0.00000000e+00 0.00000000e+00 6.25000000e-02 0.00000000e+00
    0.00000000e+00 0.00000000e+00 0.00000000e+00 0.00000000e+00
    0.00000000e+00 0.00000000e+00 0.00000000e+00 0.00000000e+00]
   [0.00000000e+00 0.00000000e+00 0.00000000e+00 0.00000000e+00
    0.00000000e+00 0.00000000e+00 6.25000000e-02 0.00000000e+00
    0.00000000e+00 0.00000000e+00 0.00000000e+00 0.00000000e+00
    0.00000000e+00 0.00000000e+00 0.00000000e+00 0.00000000e+00]
   [0.00000000e+00 0.00000000e+00 0.00000000e+00 0.00000000e+00
    0.00000000e+00 0.00000000e+00 6.25000000e-02 0.00000000e+00
    0.00000000e+00 0.00000000e+00 0.00000000e+00 0.00000000e+00
    0.00000000e+00 0.00000000e+00 0.00000000e+00 0.00000000e+00]]

  [[0.00000000e+00 0.00000000e+00 0.00000000e+00 0.00000000e+00
    0.00000000e+00 0.00000000e+00 6.25000000e-02 0.00000000e+00
    0.00000000e+00 0.00000000e+00 0.00000000e+00 0.00000000e+00
    0.00000000e+00 0.00000000e+00 0.00000000e+00 0.00000000e+00]
   [0.00000000e+00 0.00000000e+00 0.00000000e+00 0.00000000e+00
    0.00000000e+00 0.00000000e+00 6.25000000e-02 0.00000000e+00
    0.00000000e+00 0.00000000e+00 0.00000000e+00 0.00000000e+00
    0.00000000e+00 0.00000000e+00 0.00000000e+00 0.00000000e+00]
   [0.00000000e+00 0.00000000e+00 0.00000000e+00 0.00000000e+00
    0.00000000e+00 0.00000000e+00 6.25000000e-02 0.00000000e+00
    0.00000000e+00 0.00000000e+00 0.00000000e+00 0.00000000e+00
    0.00000000e+00 0.00000000e+00 0.00000000e+00 0.00000000e+00]
   [0.00000000e+00 0.00000000e+00 0.00000000e+00 0.00000000e+00
    0.00000000e+00 0.00000000e+00 6.25000000e-02 0.00000000e+00
    0.00000000e+00 0.00000000e+00 0.00000000e+00 0.00000000e+00
    0.00000000e+00 0.00000000e+00 0.00000000e+00 0.00000000e+00]
   [0.00000000e+00 0.00000000e+00 0.00000000e+00 0.00000000e+00
    0.00000000e+00 0.00000000e+00 6.25000000e-02 0.00000000e+00
    0.00000000e+00 0.00000000e+00 0.00000000e+00 0.00000000e+00
    0.00000000e+00 0.00000000e+00 0.00000000e+00 0.00000000e+00]
   [0.00000000e+00 0.00000000e+00 0.00000000e+00 0.00000000e+00
    0.00000000e+00 0.00000000e+00 6.25000000e-02 0.00000000e+00
    0.00000000e+00 0.00000000e+00 0.00000000e+00 0.00000000e+00
    0.00000000e+00 0.00000000e+00 0.00000000e+00 0.00000000e+00]
   [0.00000000e+00 0.00000000e+00 0.00000000e+00 0.00000000e+00
    0.00000000e+00 0.00000000e+00 6.25000000e-02 0.00000000e+00
    0.00000000e+00 0.00000000e+00 0.00000000e+00 0.00000000e+00
    0.00000000e+00 0.00000000e+00 0.00000000e+00 0.00000000e+00]
   [0.00000000e+00 0.00000000e+00 0.00000000e+00 0.00000000e+00
    0.00000000e+00 0.00000000e+00 6.25000000e-02 0.00000000e+00
    0.00000000e+00 0.00000000e+00 0.00000000e+00 0.00000000e+00
    0.00000000e+00 0.00000000e+00 0.00000000e+00 0.00000000e+00]
   [1.48193359e-01 0.00000000e+00 5.93261719e-02 4.39453125e-02
    2.95410156e-02 1.46484375e-02 0.00000000e+00 1.48925781e-02
    8.91113281e-02 5.93261719e-02 2.44140625e-04 0.00000000e+00
    4.88281250e-04 0.00000000e+00 0.00000000e+00 0.00000000e+00]
   [2.24853516e-01 0.00000000e+00 1.45263672e-01 4.46777344e-02
    1.09619141e-01 9.79003906e-02 0.00000000e+00 0.00000000e+00
    3.29101562e-01 9.54589844e-02 1.48437500e-01 0.00000000e+00
    7.71484375e-02 0.00000000e+00 0.00000000e+00 1.03515625e-01]
   [0.00000000e+00 0.00000000e+00 0.00000000e+00 6.56738281e-02
    1.71875000e-01 1.77978516e-01 0.00000000e+00 0.00000000e+00
    3.73046875e-01 1.39160156e-01 3.26171875e-01 0.00000000e+00
    0.00000000e+00 0.00000000e+00 4.88281250e-04 2.39501953e-01]
   [0.00000000e+00 0.00000000e+00 0.00000000e+00 2.78320312e-02
    2.70263672e-01 1.15966797e-01 0.00000000e+00 0.00000000e+00
    1.83105469e-02 1.27685547e-01 4.50195312e-01 0.00000000e+00
    4.07714844e-02 3.93066406e-02 2.09472656e-01 1.41601562e-02]
   [0.00000000e+00 5.00000000e-01 0.00000000e+00 1.76025391e-01
    2.00683594e-01 2.24609375e-02 0.00000000e+00 0.00000000e+00
    0.00000000e+00 2.33154297e-01 3.84765625e-01 0.00000000e+00
    0.00000000e+00 3.85742188e-01 2.60986328e-01 0.00000000e+00]
   [0.00000000e+00 4.72167969e-01 8.37402344e-02 1.08642578e-01
    1.75292969e-01 0.00000000e+00 0.00000000e+00 4.06005859e-01
    0.00000000e+00 0.00000000e+00 2.01904297e-01 0.00000000e+00
    1.25488281e-01 3.99658203e-01 2.32421875e-01 0.00000000e+00]
   [0.00000000e+00 8.61816406e-02 3.83300781e-02 1.87988281e-02
    3.51562500e-02 0.00000000e+00 3.90625000e-02 1.05712891e-01
    0.00000000e+00 0.00000000e+00 3.22265625e-02 0.00000000e+00
    3.22265625e-02 7.44628906e-02 4.22363281e-02 0.00000000e+00]
   [0.00000000e+00 0.00000000e+00 0.00000000e+00 0.00000000e+00
    0.00000000e+00 0.00000000e+00 6.25000000e-02 0.00000000e+00
    0.00000000e+00 0.00000000e+00 0.00000000e+00 0.00000000e+00
    0.00000000e+00 0.00000000e+00 0.00000000e+00 0.00000000e+00]
   [0.00000000e+00 0.00000000e+00 0.00000000e+00 0.00000000e+00
    0.00000000e+00 0.00000000e+00 6.25000000e-02 0.00000000e+00
    0.00000000e+00 0.00000000e+00 0.00000000e+00 0.00000000e+00
    0.00000000e+00 0.00000000e+00 0.00000000e+00 0.00000000e+00]
   [0.00000000e+00 0.00000000e+00 0.00000000e+00 0.00000000e+00
    0.00000000e+00 0.00000000e+00 6.25000000e-02 0.00000000e+00
    0.00000000e+00 0.00000000e+00 0.00000000e+00 0.00000000e+00
    0.00000000e+00 0.00000000e+00 0.00000000e+00 0.00000000e+00]
   [0.00000000e+00 0.00000000e+00 0.00000000e+00 0.00000000e+00
    0.00000000e+00 0.00000000e+00 6.25000000e-02 0.00000000e+00
    0.00000000e+00 0.00000000e+00 0.00000000e+00 0.00000000e+00
    0.00000000e+00 0.00000000e+00 0.00000000e+00 0.00000000e+00]
   [0.00000000e+00 0.00000000e+00 0.00000000e+00 0.00000000e+00
    0.00000000e+00 0.00000000e+00 6.25000000e-02 0.00000000e+00
    0.00000000e+00 0.00000000e+00 0.00000000e+00 0.00000000e+00
    0.00000000e+00 0.00000000e+00 0.00000000e+00 0.00000000e+00]
   [0.00000000e+00 0.00000000e+00 0.00000000e+00 0.00000000e+00
    0.00000000e+00 0.00000000e+00 6.25000000e-02 0.00000000e+00
    0.00000000e+00 0.00000000e+00 0.00000000e+00 0.00000000e+00
    0.00000000e+00 0.00000000e+00 0.00000000e+00 0.00000000e+00]
   [0.00000000e+00 0.00000000e+00 0.00000000e+00 0.00000000e+00
    0.00000000e+00 0.00000000e+00 6.25000000e-02 0.00000000e+00
    0.00000000e+00 0.00000000e+00 0.00000000e+00 0.00000000e+00
    0.00000000e+00 0.00000000e+00 0.00000000e+00 0.00000000e+00]
   [0.00000000e+00 0.00000000e+00 0.00000000e+00 0.00000000e+00
    0.00000000e+00 0.00000000e+00 6.25000000e-02 0.00000000e+00
    0.00000000e+00 0.00000000e+00 0.00000000e+00 0.00000000e+00
    0.00000000e+00 0.00000000e+00 0.00000000e+00 0.00000000e+00]
   [0.00000000e+00 0.00000000e+00 0.00000000e+00 0.00000000e+00
    0.00000000e+00 0.00000000e+00 6.25000000e-02 0.00000000e+00
    0.00000000e+00 0.00000000e+00 0.00000000e+00 0.00000000e+00
    0.00000000e+00 0.00000000e+00 0.00000000e+00 0.00000000e+00]
   [0.00000000e+00 0.00000000e+00 0.00000000e+00 0.00000000e+00
    0.00000000e+00 0.00000000e+00 6.25000000e-02 0.00000000e+00
    0.00000000e+00 0.00000000e+00 0.00000000e+00 0.00000000e+00
    0.00000000e+00 0.00000000e+00 0.00000000e+00 0.00000000e+00]
   [0.00000000e+00 0.00000000e+00 0.00000000e+00 0.00000000e+00
    0.00000000e+00 0.00000000e+00 6.25000000e-02 0.00000000e+00
    0.00000000e+00 0.00000000e+00 0.00000000e+00 0.00000000e+00
    0.00000000e+00 0.00000000e+00 0.00000000e+00 0.00000000e+00]]

  [[0.00000000e+00 0.00000000e+00 0.00000000e+00 0.00000000e+00
    0.00000000e+00 0.00000000e+00 6.25000000e-02 0.00000000e+00
    0.00000000e+00 0.00000000e+00 0.00000000e+00 0.00000000e+00
    0.00000000e+00 0.00000000e+00 0.00000000e+00 0.00000000e+00]
   [0.00000000e+00 0.00000000e+00 0.00000000e+00 0.00000000e+00
    0.00000000e+00 0.00000000e+00 6.25000000e-02 0.00000000e+00
    0.00000000e+00 0.00000000e+00 0.00000000e+00 0.00000000e+00
    0.00000000e+00 0.00000000e+00 0.00000000e+00 0.00000000e+00]
   [0.00000000e+00 0.00000000e+00 0.00000000e+00 0.00000000e+00
    0.00000000e+00 0.00000000e+00 6.25000000e-02 0.00000000e+00
    0.00000000e+00 0.00000000e+00 0.00000000e+00 0.00000000e+00
    0.00000000e+00 0.00000000e+00 0.00000000e+00 0.00000000e+00]
   [0.00000000e+00 0.00000000e+00 0.00000000e+00 0.00000000e+00
    0.00000000e+00 0.00000000e+00 6.25000000e-02 0.00000000e+00
    0.00000000e+00 0.00000000e+00 0.00000000e+00 0.00000000e+00
    0.00000000e+00 0.00000000e+00 0.00000000e+00 0.00000000e+00]
   [0.00000000e+00 0.00000000e+00 0.00000000e+00 0.00000000e+00
    0.00000000e+00 0.00000000e+00 6.25000000e-02 0.00000000e+00
    0.00000000e+00 0.00000000e+00 0.00000000e+00 0.00000000e+00
    0.00000000e+00 0.00000000e+00 0.00000000e+00 0.00000000e+00]
   [0.00000000e+00 0.00000000e+00 0.00000000e+00 0.00000000e+00
    0.00000000e+00 0.00000000e+00 6.25000000e-02 0.00000000e+00
    0.00000000e+00 0.00000000e+00 0.00000000e+00 0.00000000e+00
    0.00000000e+00 0.00000000e+00 0.00000000e+00 0.00000000e+00]
   [0.00000000e+00 0.00000000e+00 0.00000000e+00 0.00000000e+00
    0.00000000e+00 0.00000000e+00 6.25000000e-02 0.00000000e+00
    0.00000000e+00 0.00000000e+00 0.00000000e+00 0.00000000e+00
    0.00000000e+00 0.00000000e+00 0.00000000e+00 0.00000000e+00]
   [0.00000000e+00 0.00000000e+00 0.00000000e+00 0.00000000e+00
    0.00000000e+00 0.00000000e+00 6.25000000e-02 0.00000000e+00
    0.00000000e+00 0.00000000e+00 0.00000000e+00 0.00000000e+00
    0.00000000e+00 0.00000000e+00 0.00000000e+00 0.00000000e+00]
   [8.83789062e-02 0.00000000e+00 1.33789062e-01 0.00000000e+00
    4.44335938e-02 2.97851562e-02 6.27441406e-02 0.00000000e+00
    1.78466797e-01 2.90527344e-02 4.46777344e-02 0.00000000e+00
    2.95410156e-02 0.00000000e+00 0.00000000e+00 0.00000000e+00]
   [2.90527344e-02 0.00000000e+00 1.56738281e-01 0.00000000e+00
    1.21582031e-01 1.48193359e-01 4.51660156e-02 0.00000000e+00
    4.56542969e-01 8.32519531e-02 1.95800781e-01 0.00000000e+00
    0.00000000e+00 0.00000000e+00 0.00000000e+00 1.47705078e-01]
   [0.00000000e+00 0.00000000e+00 0.00000000e+00 3.66210938e-03
    1.87011719e-01 1.18896484e-01 0.00000000e+00 0.00000000e+00
    2.19482422e-01 2.02392578e-01 3.79394531e-01 0.00000000e+00
    0.00000000e+00 0.00000000e+00 6.95800781e-02 8.17871094e-02]
   [0.00000000e+00 1.16943359e-01 0.00000000e+00 0.00000000e+00
    2.39013672e-01 7.51953125e-02 1.79443359e-01 0.00000000e+00
    0.00000000e+00 1.05957031e-01 5.00000000e-01 0.00000000e+00
    6.12792969e-02 0.00000000e+00 4.05029297e-01 0.00000000e+00]
   [0.00000000e+00 4.54589844e-01 0.00000000e+00 5.12695312e-03
    1.38671875e-01 0.00000000e+00 2.16552734e-01 6.93359375e-02
    0.00000000e+00 2.03369141e-01 2.67089844e-01 0.00000000e+00
    0.00000000e+00 2.18994141e-01 3.90869141e-01 0.00000000e+00]
   [0.00000000e+00 3.68896484e-01 1.00341797e-01 1.43310547e-01
    1.10595703e-01 0.00000000e+00 2.21679688e-01 3.06396484e-01
    0.00000000e+00 2.66113281e-02 9.22851562e-02 0.00000000e+00
    0.00000000e+00 1.13769531e-01 7.91015625e-02 0.00000000e+00]
   [1.95312500e-03 6.46972656e-02 2.92968750e-02 2.92968750e-02
    2.24609375e-02 0.00000000e+00 9.10644531e-02 7.64160156e-02
    0.00000000e+00 0.00000000e+00 1.56250000e-02 0.00000000e+00
    6.83593750e-03 1.95312500e-02 3.90625000e-03 0.00000000e+00]
   [0.00000000e+00 0.00000000e+00 0.00000000e+00 0.00000000e+00
    0.00000000e+00 0.00000000e+00 6.25000000e-02 0.00000000e+00
    0.00000000e+00 0.00000000e+00 0.00000000e+00 0.00000000e+00
    0.00000000e+00 0.00000000e+00 0.00000000e+00 0.00000000e+00]
   [0.00000000e+00 0.00000000e+00 0.00000000e+00 0.00000000e+00
    0.00000000e+00 0.00000000e+00 6.25000000e-02 0.00000000e+00
    0.00000000e+00 0.00000000e+00 0.00000000e+00 0.00000000e+00
    0.00000000e+00 0.00000000e+00 0.00000000e+00 0.00000000e+00]
   [0.00000000e+00 0.00000000e+00 0.00000000e+00 0.00000000e+00
    0.00000000e+00 0.00000000e+00 6.25000000e-02 0.00000000e+00
    0.00000000e+00 0.00000000e+00 0.00000000e+00 0.00000000e+00
    0.00000000e+00 0.00000000e+00 0.00000000e+00 0.00000000e+00]
   [0.00000000e+00 0.00000000e+00 0.00000000e+00 0.00000000e+00
    0.00000000e+00 0.00000000e+00 6.25000000e-02 0.00000000e+00
    0.00000000e+00 0.00000000e+00 0.00000000e+00 0.00000000e+00
    0.00000000e+00 0.00000000e+00 0.00000000e+00 0.00000000e+00]
   [0.00000000e+00 0.00000000e+00 0.00000000e+00 0.00000000e+00
    0.00000000e+00 0.00000000e+00 6.25000000e-02 0.00000000e+00
    0.00000000e+00 0.00000000e+00 0.00000000e+00 0.00000000e+00
    0.00000000e+00 0.00000000e+00 0.00000000e+00 0.00000000e+00]
   [0.00000000e+00 0.00000000e+00 0.00000000e+00 0.00000000e+00
    0.00000000e+00 0.00000000e+00 6.25000000e-02 0.00000000e+00
    0.00000000e+00 0.00000000e+00 0.00000000e+00 0.00000000e+00
    0.00000000e+00 0.00000000e+00 0.00000000e+00 0.00000000e+00]
   [0.00000000e+00 0.00000000e+00 0.00000000e+00 0.00000000e+00
    0.00000000e+00 0.00000000e+00 6.25000000e-02 0.00000000e+00
    0.00000000e+00 0.00000000e+00 0.00000000e+00 0.00000000e+00
    0.00000000e+00 0.00000000e+00 0.00000000e+00 0.00000000e+00]
   [0.00000000e+00 0.00000000e+00 0.00000000e+00 0.00000000e+00
    0.00000000e+00 0.00000000e+00 6.25000000e-02 0.00000000e+00
    0.00000000e+00 0.00000000e+00 0.00000000e+00 0.00000000e+00
    0.00000000e+00 0.00000000e+00 0.00000000e+00 0.00000000e+00]
   [0.00000000e+00 0.00000000e+00 0.00000000e+00 0.00000000e+00
    0.00000000e+00 0.00000000e+00 6.25000000e-02 0.00000000e+00
    0.00000000e+00 0.00000000e+00 0.00000000e+00 0.00000000e+00
    0.00000000e+00 0.00000000e+00 0.00000000e+00 0.00000000e+00]
   [0.00000000e+00 0.00000000e+00 0.00000000e+00 0.00000000e+00
    0.00000000e+00 0.00000000e+00 6.25000000e-02 0.00000000e+00
    0.00000000e+00 0.00000000e+00 0.00000000e+00 0.00000000e+00
    0.00000000e+00 0.00000000e+00 0.00000000e+00 0.00000000e+00]
   [0.00000000e+00 0.00000000e+00 0.00000000e+00 0.00000000e+00
    0.00000000e+00 0.00000000e+00 6.25000000e-02 0.00000000e+00
    0.00000000e+00 0.00000000e+00 0.00000000e+00 0.00000000e+00
    0.00000000e+00 0.00000000e+00 0.00000000e+00 0.00000000e+00]]

  [[0.00000000e+00 0.00000000e+00 0.00000000e+00 0.00000000e+00
    0.00000000e+00 0.00000000e+00 6.25000000e-02 0.00000000e+00
    0.00000000e+00 0.00000000e+00 0.00000000e+00 0.00000000e+00
    0.00000000e+00 0.00000000e+00 0.00000000e+00 0.00000000e+00]
   [0.00000000e+00 0.00000000e+00 0.00000000e+00 0.00000000e+00
    0.00000000e+00 0.00000000e+00 6.25000000e-02 0.00000000e+00
    0.00000000e+00 0.00000000e+00 0.00000000e+00 0.00000000e+00
    0.00000000e+00 0.00000000e+00 0.00000000e+00 0.00000000e+00]
   [0.00000000e+00 0.00000000e+00 0.00000000e+00 0.00000000e+00
    0.00000000e+00 0.00000000e+00 6.25000000e-02 0.00000000e+00
    0.00000000e+00 0.00000000e+00 0.00000000e+00 0.00000000e+00
    0.00000000e+00 0.00000000e+00 0.00000000e+00 0.00000000e+00]
   [0.00000000e+00 0.00000000e+00 0.00000000e+00 0.00000000e+00
    0.00000000e+00 0.00000000e+00 6.25000000e-02 0.00000000e+00
    0.00000000e+00 0.00000000e+00 0.00000000e+00 0.00000000e+00
    0.00000000e+00 0.00000000e+00 0.00000000e+00 0.00000000e+00]
   [0.00000000e+00 0.00000000e+00 0.00000000e+00 0.00000000e+00
    0.00000000e+00 0.00000000e+00 6.25000000e-02 0.00000000e+00
    0.00000000e+00 0.00000000e+00 0.00000000e+00 0.00000000e+00
    0.00000000e+00 0.00000000e+00 0.00000000e+00 0.00000000e+00]
   [0.00000000e+00 0.00000000e+00 0.00000000e+00 0.00000000e+00
    0.00000000e+00 0.00000000e+00 6.25000000e-02 0.00000000e+00
    0.00000000e+00 0.00000000e+00 0.00000000e+00 0.00000000e+00
    0.00000000e+00 0.00000000e+00 0.00000000e+00 0.00000000e+00]
   [0.00000000e+00 0.00000000e+00 0.00000000e+00 0.00000000e+00
    0.00000000e+00 0.00000000e+00 6.25000000e-02 0.00000000e+00
    0.00000000e+00 0.00000000e+00 0.00000000e+00 0.00000000e+00
    0.00000000e+00 0.00000000e+00 0.00000000e+00 0.00000000e+00]
   [0.00000000e+00 0.00000000e+00 0.00000000e+00 0.00000000e+00
    0.00000000e+00 0.00000000e+00 6.25000000e-02 0.00000000e+00
    0.00000000e+00 0.00000000e+00 0.00000000e+00 0.00000000e+00
    0.00000000e+00 0.00000000e+00 0.00000000e+00 0.00000000e+00]
   [0.00000000e+00 0.00000000e+00 1.48193359e-01 0.00000000e+00
    2.95410156e-02 2.97851562e-02 2.40478516e-01 0.00000000e+00
    1.77978516e-01 0.00000000e+00 8.88671875e-02 0.00000000e+00
    5.93261719e-02 0.00000000e+00 5.93261719e-02 5.61523438e-02]
   [0.00000000e+00 0.00000000e+00 1.63085938e-01 0.00000000e+00
    3.27148438e-02 6.22558594e-02 5.00000000e-01 0.00000000e+00
    4.03076172e-01 5.32226562e-02 2.16308594e-01 0.00000000e+00
    0.00000000e+00 0.00000000e+00 2.13378906e-01 1.56738281e-01]
   [0.00000000e+00 0.00000000e+00 6.59179688e-02 0.00000000e+00
    5.90820312e-02 7.37304688e-02 5.00000000e-01 0.00000000e+00
    1.45996094e-01 1.96533203e-01 2.55859375e-01 1.01806641e-01
    0.00000000e+00 0.00000000e+00 3.52294922e-01 0.00000000e+00]
   [0.00000000e+00 2.12158203e-01 5.68847656e-02 0.00000000e+00
    1.27441406e-01 8.00781250e-02 5.00000000e-01 0.00000000e+00
    0.00000000e+00 7.08007812e-02 1.87011719e-01 3.15673828e-01
    0.00000000e+00 0.00000000e+00 3.71093750e-01 0.00000000e+00]
   [0.00000000e+00 3.85742188e-01 0.00000000e+00 0.00000000e+00
    1.18408203e-01 0.00000000e+00 3.83544922e-01 1.16455078e-01
    0.00000000e+00 1.07421875e-01 1.37207031e-01 1.55029297e-01
    0.00000000e+00 0.00000000e+00 7.00683594e-02 0.00000000e+00]
   [1.63330078e-01 1.44531250e-01 0.00000000e+00 0.00000000e+00
    5.81054688e-02 0.00000000e+00 2.48535156e-01 2.82714844e-01
    0.00000000e+00 1.23535156e-01 1.12792969e-01 2.49023438e-02
    0.00000000e+00 0.00000000e+00 0.00000000e+00 0.00000000e+00]
   [3.93066406e-02 1.95312500e-02 0.00000000e+00 0.00000000e+00
    9.76562500e-03 0.00000000e+00 9.17968750e-02 5.88378906e-02
    0.00000000e+00 1.95312500e-02 1.95312500e-02 0.00000000e+00
    0.00000000e+00 0.00000000e+00 0.00000000e+00 0.00000000e+00]
   [0.00000000e+00 0.00000000e+00 0.00000000e+00 0.00000000e+00
    0.00000000e+00 0.00000000e+00 6.25000000e-02 0.00000000e+00
    0.00000000e+00 0.00000000e+00 0.00000000e+00 0.00000000e+00
    0.00000000e+00 0.00000000e+00 0.00000000e+00 0.00000000e+00]
   [0.00000000e+00 0.00000000e+00 0.00000000e+00 0.00000000e+00
    0.00000000e+00 0.00000000e+00 6.25000000e-02 0.00000000e+00
    0.00000000e+00 0.00000000e+00 0.00000000e+00 0.00000000e+00
    0.00000000e+00 0.00000000e+00 0.00000000e+00 0.00000000e+00]
   [0.00000000e+00 0.00000000e+00 0.00000000e+00 0.00000000e+00
    0.00000000e+00 0.00000000e+00 6.25000000e-02 0.00000000e+00
    0.00000000e+00 0.00000000e+00 0.00000000e+00 0.00000000e+00
    0.00000000e+00 0.00000000e+00 0.00000000e+00 0.00000000e+00]
   [0.00000000e+00 0.00000000e+00 0.00000000e+00 0.00000000e+00
    0.00000000e+00 0.00000000e+00 6.25000000e-02 0.00000000e+00
    0.00000000e+00 0.00000000e+00 0.00000000e+00 0.00000000e+00
    0.00000000e+00 0.00000000e+00 0.00000000e+00 0.00000000e+00]
   [0.00000000e+00 0.00000000e+00 0.00000000e+00 0.00000000e+00
    0.00000000e+00 0.00000000e+00 6.25000000e-02 0.00000000e+00
    0.00000000e+00 0.00000000e+00 0.00000000e+00 0.00000000e+00
    0.00000000e+00 0.00000000e+00 0.00000000e+00 0.00000000e+00]
   [0.00000000e+00 0.00000000e+00 0.00000000e+00 0.00000000e+00
    0.00000000e+00 0.00000000e+00 6.25000000e-02 0.00000000e+00
    0.00000000e+00 0.00000000e+00 0.00000000e+00 0.00000000e+00
    0.00000000e+00 0.00000000e+00 0.00000000e+00 0.00000000e+00]
   [0.00000000e+00 0.00000000e+00 0.00000000e+00 0.00000000e+00
    0.00000000e+00 0.00000000e+00 6.25000000e-02 0.00000000e+00
    0.00000000e+00 0.00000000e+00 0.00000000e+00 0.00000000e+00
    0.00000000e+00 0.00000000e+00 0.00000000e+00 0.00000000e+00]
   [0.00000000e+00 0.00000000e+00 0.00000000e+00 0.00000000e+00
    0.00000000e+00 0.00000000e+00 6.25000000e-02 0.00000000e+00
    0.00000000e+00 0.00000000e+00 0.00000000e+00 0.00000000e+00
    0.00000000e+00 0.00000000e+00 0.00000000e+00 0.00000000e+00]
   [0.00000000e+00 0.00000000e+00 0.00000000e+00 0.00000000e+00
    0.00000000e+00 0.00000000e+00 6.25000000e-02 0.00000000e+00
    0.00000000e+00 0.00000000e+00 0.00000000e+00 0.00000000e+00
    0.00000000e+00 0.00000000e+00 0.00000000e+00 0.00000000e+00]
   [0.00000000e+00 0.00000000e+00 0.00000000e+00 0.00000000e+00
    0.00000000e+00 0.00000000e+00 6.25000000e-02 0.00000000e+00
    0.00000000e+00 0.00000000e+00 0.00000000e+00 0.00000000e+00
    0.00000000e+00 0.00000000e+00 0.00000000e+00 0.00000000e+00]
   [0.00000000e+00 0.00000000e+00 0.00000000e+00 0.00000000e+00
    0.00000000e+00 0.00000000e+00 6.25000000e-02 0.00000000e+00
    0.00000000e+00 0.00000000e+00 0.00000000e+00 0.00000000e+00
    0.00000000e+00 0.00000000e+00 0.00000000e+00 0.00000000e+00]]]], shape=(1, 26, 26, 16), dtype=float32)

--- Layer: max_pooling2d (Non-compute Layer - SKIPPED Quantization) ---
[[[[0.00000000e+00 0.00000000e+00 0.00000000e+00 0.00000000e+00
    0.00000000e+00 0.00000000e+00 6.25000000e-02 0.00000000e+00
    0.00000000e+00 0.00000000e+00 0.00000000e+00 0.00000000e+00
    0.00000000e+00 0.00000000e+00 0.00000000e+00 0.00000000e+00]
   [0.00000000e+00 0.00000000e+00 0.00000000e+00 0.00000000e+00
    0.00000000e+00 0.00000000e+00 6.25000000e-02 0.00000000e+00
    0.00000000e+00 0.00000000e+00 0.00000000e+00 0.00000000e+00
    0.00000000e+00 0.00000000e+00 0.00000000e+00 0.00000000e+00]
   [0.00000000e+00 0.00000000e+00 0.00000000e+00 0.00000000e+00
    0.00000000e+00 0.00000000e+00 6.25000000e-02 0.00000000e+00
    0.00000000e+00 0.00000000e+00 0.00000000e+00 0.00000000e+00
    0.00000000e+00 0.00000000e+00 0.00000000e+00 0.00000000e+00]
   [0.00000000e+00 0.00000000e+00 0.00000000e+00 0.00000000e+00
    0.00000000e+00 0.00000000e+00 6.25000000e-02 0.00000000e+00
    0.00000000e+00 0.00000000e+00 0.00000000e+00 0.00000000e+00
    0.00000000e+00 0.00000000e+00 0.00000000e+00 0.00000000e+00]
   [0.00000000e+00 0.00000000e+00 0.00000000e+00 0.00000000e+00
    0.00000000e+00 0.00000000e+00 6.25000000e-02 0.00000000e+00
    0.00000000e+00 0.00000000e+00 0.00000000e+00 0.00000000e+00
    0.00000000e+00 0.00000000e+00 0.00000000e+00 0.00000000e+00]
   [0.00000000e+00 0.00000000e+00 0.00000000e+00 0.00000000e+00
    0.00000000e+00 0.00000000e+00 6.25000000e-02 0.00000000e+00
    0.00000000e+00 0.00000000e+00 0.00000000e+00 0.00000000e+00
    0.00000000e+00 0.00000000e+00 0.00000000e+00 0.00000000e+00]
   [0.00000000e+00 0.00000000e+00 0.00000000e+00 0.00000000e+00
    0.00000000e+00 0.00000000e+00 6.25000000e-02 0.00000000e+00
    0.00000000e+00 0.00000000e+00 0.00000000e+00 0.00000000e+00
    0.00000000e+00 0.00000000e+00 0.00000000e+00 0.00000000e+00]
   [0.00000000e+00 0.00000000e+00 0.00000000e+00 0.00000000e+00
    0.00000000e+00 0.00000000e+00 6.25000000e-02 0.00000000e+00
    0.00000000e+00 0.00000000e+00 0.00000000e+00 0.00000000e+00
    0.00000000e+00 0.00000000e+00 0.00000000e+00 0.00000000e+00]
   [0.00000000e+00 0.00000000e+00 0.00000000e+00 0.00000000e+00
    0.00000000e+00 0.00000000e+00 6.25000000e-02 0.00000000e+00
    0.00000000e+00 0.00000000e+00 0.00000000e+00 0.00000000e+00
    0.00000000e+00 0.00000000e+00 0.00000000e+00 0.00000000e+00]
   [0.00000000e+00 0.00000000e+00 0.00000000e+00 0.00000000e+00
    0.00000000e+00 0.00000000e+00 6.25000000e-02 0.00000000e+00
    0.00000000e+00 0.00000000e+00 0.00000000e+00 0.00000000e+00
    0.00000000e+00 0.00000000e+00 0.00000000e+00 0.00000000e+00]
   [0.00000000e+00 0.00000000e+00 0.00000000e+00 0.00000000e+00
    0.00000000e+00 0.00000000e+00 6.25000000e-02 0.00000000e+00
    0.00000000e+00 0.00000000e+00 0.00000000e+00 0.00000000e+00
    0.00000000e+00 0.00000000e+00 0.00000000e+00 0.00000000e+00]
   [0.00000000e+00 0.00000000e+00 0.00000000e+00 0.00000000e+00
    0.00000000e+00 0.00000000e+00 6.25000000e-02 0.00000000e+00
    0.00000000e+00 0.00000000e+00 0.00000000e+00 0.00000000e+00
    0.00000000e+00 0.00000000e+00 0.00000000e+00 0.00000000e+00]
   [0.00000000e+00 0.00000000e+00 0.00000000e+00 0.00000000e+00
    0.00000000e+00 0.00000000e+00 6.25000000e-02 0.00000000e+00
    0.00000000e+00 0.00000000e+00 0.00000000e+00 0.00000000e+00
    0.00000000e+00 0.00000000e+00 0.00000000e+00 0.00000000e+00]]

  [[0.00000000e+00 0.00000000e+00 0.00000000e+00 0.00000000e+00
    0.00000000e+00 0.00000000e+00 6.25000000e-02 0.00000000e+00
    0.00000000e+00 0.00000000e+00 0.00000000e+00 0.00000000e+00
    0.00000000e+00 0.00000000e+00 0.00000000e+00 0.00000000e+00]
   [0.00000000e+00 0.00000000e+00 0.00000000e+00 0.00000000e+00
    0.00000000e+00 0.00000000e+00 6.25000000e-02 0.00000000e+00
    0.00000000e+00 0.00000000e+00 0.00000000e+00 0.00000000e+00
    0.00000000e+00 0.00000000e+00 0.00000000e+00 0.00000000e+00]
   [0.00000000e+00 0.00000000e+00 0.00000000e+00 0.00000000e+00
    0.00000000e+00 0.00000000e+00 6.25000000e-02 0.00000000e+00
    0.00000000e+00 0.00000000e+00 0.00000000e+00 0.00000000e+00
    0.00000000e+00 0.00000000e+00 0.00000000e+00 0.00000000e+00]
   [0.00000000e+00 0.00000000e+00 0.00000000e+00 0.00000000e+00
    0.00000000e+00 0.00000000e+00 6.25000000e-02 0.00000000e+00
    0.00000000e+00 0.00000000e+00 0.00000000e+00 0.00000000e+00
    0.00000000e+00 0.00000000e+00 0.00000000e+00 0.00000000e+00]
   [0.00000000e+00 0.00000000e+00 0.00000000e+00 0.00000000e+00
    0.00000000e+00 0.00000000e+00 6.25000000e-02 0.00000000e+00
    0.00000000e+00 0.00000000e+00 0.00000000e+00 0.00000000e+00
    0.00000000e+00 0.00000000e+00 0.00000000e+00 0.00000000e+00]
   [0.00000000e+00 0.00000000e+00 0.00000000e+00 0.00000000e+00
    0.00000000e+00 0.00000000e+00 6.25000000e-02 0.00000000e+00
    0.00000000e+00 0.00000000e+00 0.00000000e+00 0.00000000e+00
    0.00000000e+00 0.00000000e+00 0.00000000e+00 0.00000000e+00]
   [0.00000000e+00 0.00000000e+00 0.00000000e+00 0.00000000e+00
    0.00000000e+00 0.00000000e+00 6.25000000e-02 0.00000000e+00
    0.00000000e+00 0.00000000e+00 0.00000000e+00 0.00000000e+00
    0.00000000e+00 0.00000000e+00 0.00000000e+00 0.00000000e+00]
   [0.00000000e+00 0.00000000e+00 0.00000000e+00 0.00000000e+00
    0.00000000e+00 0.00000000e+00 6.25000000e-02 0.00000000e+00
    0.00000000e+00 0.00000000e+00 0.00000000e+00 0.00000000e+00
    0.00000000e+00 0.00000000e+00 0.00000000e+00 0.00000000e+00]
   [0.00000000e+00 0.00000000e+00 0.00000000e+00 0.00000000e+00
    0.00000000e+00 0.00000000e+00 6.25000000e-02 0.00000000e+00
    0.00000000e+00 0.00000000e+00 0.00000000e+00 0.00000000e+00
    0.00000000e+00 0.00000000e+00 0.00000000e+00 0.00000000e+00]
   [0.00000000e+00 0.00000000e+00 0.00000000e+00 0.00000000e+00
    0.00000000e+00 0.00000000e+00 6.25000000e-02 0.00000000e+00
    0.00000000e+00 0.00000000e+00 0.00000000e+00 0.00000000e+00
    0.00000000e+00 0.00000000e+00 0.00000000e+00 0.00000000e+00]
   [0.00000000e+00 0.00000000e+00 0.00000000e+00 0.00000000e+00
    0.00000000e+00 0.00000000e+00 6.25000000e-02 0.00000000e+00
    0.00000000e+00 0.00000000e+00 0.00000000e+00 0.00000000e+00
    0.00000000e+00 0.00000000e+00 0.00000000e+00 0.00000000e+00]
   [0.00000000e+00 0.00000000e+00 0.00000000e+00 0.00000000e+00
    0.00000000e+00 0.00000000e+00 6.25000000e-02 0.00000000e+00
    0.00000000e+00 0.00000000e+00 0.00000000e+00 0.00000000e+00
    0.00000000e+00 0.00000000e+00 0.00000000e+00 0.00000000e+00]
   [0.00000000e+00 0.00000000e+00 0.00000000e+00 0.00000000e+00
    0.00000000e+00 0.00000000e+00 6.25000000e-02 0.00000000e+00
    0.00000000e+00 0.00000000e+00 0.00000000e+00 0.00000000e+00
    0.00000000e+00 0.00000000e+00 0.00000000e+00 0.00000000e+00]]

  [[0.00000000e+00 0.00000000e+00 0.00000000e+00 0.00000000e+00
    0.00000000e+00 0.00000000e+00 6.25000000e-02 0.00000000e+00
    0.00000000e+00 0.00000000e+00 0.00000000e+00 0.00000000e+00
    0.00000000e+00 0.00000000e+00 0.00000000e+00 0.00000000e+00]
   [0.00000000e+00 0.00000000e+00 0.00000000e+00 0.00000000e+00
    0.00000000e+00 0.00000000e+00 6.25000000e-02 0.00000000e+00
    0.00000000e+00 0.00000000e+00 0.00000000e+00 0.00000000e+00
    0.00000000e+00 0.00000000e+00 0.00000000e+00 0.00000000e+00]
   [2.88574219e-01 0.00000000e+00 2.05078125e-02 1.97753906e-01
    6.59179688e-02 4.54101562e-02 6.25000000e-02 0.00000000e+00
    4.93164062e-02 4.54101562e-02 0.00000000e+00 0.00000000e+00
    0.00000000e+00 1.31835938e-01 0.00000000e+00 0.00000000e+00]
   [3.51318359e-01 1.22070312e-02 0.00000000e+00 2.11669922e-01
    1.21582031e-01 3.90625000e-02 6.25000000e-02 0.00000000e+00
    0.00000000e+00 1.85546875e-02 1.31347656e-01 0.00000000e+00
    9.44824219e-02 3.78662109e-01 0.00000000e+00 1.20849609e-01]
   [2.23632812e-01 6.88476562e-02 0.00000000e+00 7.73925781e-02
    9.08203125e-02 1.46484375e-02 6.25000000e-02 5.22460938e-02
    0.00000000e+00 0.00000000e+00 1.37207031e-01 0.00000000e+00
    1.22558594e-01 2.98095703e-01 3.14941406e-02 1.15722656e-01]
   [4.10156250e-02 3.22265625e-02 0.00000000e+00 0.00000000e+00
    2.34375000e-02 0.00000000e+00 6.25000000e-02 2.63671875e-02
    0.00000000e+00 0.00000000e+00 4.68750000e-02 0.00000000e+00
    4.68750000e-02 9.10644531e-02 2.63671875e-02 5.12695312e-03]
   [0.00000000e+00 0.00000000e+00 0.00000000e+00 0.00000000e+00
    0.00000000e+00 0.00000000e+00 6.25000000e-02 0.00000000e+00
    0.00000000e+00 0.00000000e+00 0.00000000e+00 0.00000000e+00
    0.00000000e+00 0.00000000e+00 0.00000000e+00 0.00000000e+00]
   [0.00000000e+00 0.00000000e+00 0.00000000e+00 0.00000000e+00
    0.00000000e+00 0.00000000e+00 6.25000000e-02 0.00000000e+00
    0.00000000e+00 0.00000000e+00 0.00000000e+00 0.00000000e+00
    0.00000000e+00 0.00000000e+00 0.00000000e+00 0.00000000e+00]
   [0.00000000e+00 0.00000000e+00 0.00000000e+00 0.00000000e+00
    0.00000000e+00 0.00000000e+00 6.25000000e-02 0.00000000e+00
    0.00000000e+00 0.00000000e+00 0.00000000e+00 0.00000000e+00
    0.00000000e+00 0.00000000e+00 0.00000000e+00 0.00000000e+00]
   [0.00000000e+00 0.00000000e+00 0.00000000e+00 0.00000000e+00
    0.00000000e+00 0.00000000e+00 6.25000000e-02 0.00000000e+00
    0.00000000e+00 0.00000000e+00 0.00000000e+00 0.00000000e+00
    0.00000000e+00 0.00000000e+00 0.00000000e+00 0.00000000e+00]
   [0.00000000e+00 0.00000000e+00 0.00000000e+00 0.00000000e+00
    0.00000000e+00 0.00000000e+00 6.25000000e-02 0.00000000e+00
    0.00000000e+00 0.00000000e+00 0.00000000e+00 0.00000000e+00
    0.00000000e+00 0.00000000e+00 0.00000000e+00 0.00000000e+00]
   [0.00000000e+00 0.00000000e+00 0.00000000e+00 0.00000000e+00
    0.00000000e+00 0.00000000e+00 6.25000000e-02 0.00000000e+00
    0.00000000e+00 0.00000000e+00 0.00000000e+00 0.00000000e+00
    0.00000000e+00 0.00000000e+00 0.00000000e+00 0.00000000e+00]
   [0.00000000e+00 0.00000000e+00 0.00000000e+00 0.00000000e+00
    0.00000000e+00 0.00000000e+00 6.25000000e-02 0.00000000e+00
    0.00000000e+00 0.00000000e+00 0.00000000e+00 0.00000000e+00
    0.00000000e+00 0.00000000e+00 0.00000000e+00 0.00000000e+00]]

  [[0.00000000e+00 0.00000000e+00 0.00000000e+00 0.00000000e+00
    0.00000000e+00 0.00000000e+00 6.25000000e-02 0.00000000e+00
    0.00000000e+00 0.00000000e+00 0.00000000e+00 0.00000000e+00
    0.00000000e+00 0.00000000e+00 0.00000000e+00 0.00000000e+00]
   [0.00000000e+00 0.00000000e+00 0.00000000e+00 0.00000000e+00
    0.00000000e+00 0.00000000e+00 6.25000000e-02 0.00000000e+00
    0.00000000e+00 0.00000000e+00 0.00000000e+00 0.00000000e+00
    0.00000000e+00 0.00000000e+00 0.00000000e+00 0.00000000e+00]
   [4.12841797e-01 0.00000000e+00 1.87011719e-01 2.75878906e-01
    9.61914062e-02 1.23779297e-01 2.96630859e-01 2.05078125e-02
    3.83300781e-01 2.14599609e-01 1.95556641e-01 0.00000000e+00
    1.43310547e-01 0.00000000e+00 7.59277344e-02 1.54296875e-01]
   [3.13476562e-01 3.34472656e-02 1.61621094e-01 3.90869141e-01
    1.93115234e-01 1.13769531e-01 2.85156250e-01 0.00000000e+00
    4.10156250e-02 1.84082031e-01 2.92480469e-01 0.00000000e+00
    2.85156250e-01 4.67773438e-01 2.58544922e-01 1.96044922e-01]
   [3.15185547e-01 1.22070312e-01 1.05957031e-01 4.32861328e-01
    2.06054688e-01 1.21582031e-01 1.41357422e-01 0.00000000e+00
    0.00000000e+00 2.77099609e-01 2.43164062e-01 0.00000000e+00
    2.10937500e-01 5.89599609e-01 8.69140625e-02 9.71679688e-02]
   [4.03076172e-01 9.37500000e-02 3.19824219e-02 4.66064453e-01
    1.92382812e-01 1.14257812e-01 0.00000000e+00 0.00000000e+00
    0.00000000e+00 1.65527344e-01 2.36328125e-01 0.00000000e+00
    3.31787109e-01 5.64697266e-01 1.61132812e-02 1.46972656e-01]
   [4.36767578e-01 2.44140625e-04 3.56445312e-02 4.08691406e-01
    1.79687500e-01 1.10839844e-01 0.00000000e+00 0.00000000e+00
    0.00000000e+00 1.04248047e-01 2.21191406e-01 0.00000000e+00
    3.04443359e-01 4.37011719e-01 1.46484375e-02 1.31591797e-01]
   [4.36767578e-01 2.92968750e-03 7.32421875e-03 3.94531250e-01
    1.86767578e-01 1.10839844e-01 0.00000000e+00 0.00000000e+00
    0.00000000e+00 9.71679688e-02 2.36328125e-01 0.00000000e+00
    3.20556641e-01 4.37011719e-01 0.00000000e+00 1.39160156e-01]
   [4.36767578e-01 1.63574219e-02 3.17382812e-02 3.78173828e-01
    1.79687500e-01 1.10839844e-01 0.00000000e+00 0.00000000e+00
    0.00000000e+00 9.81445312e-02 2.39501953e-01 0.00000000e+00
    3.28857422e-01 4.37011719e-01 2.07519531e-02 1.43310547e-01]
   [4.02343750e-01 2.26806641e-01 0.00000000e+00 4.27246094e-01
    1.80664062e-01 1.17675781e-01 0.00000000e+00 0.00000000e+00
    0.00000000e+00 8.93554688e-02 2.09228516e-01 0.00000000e+00
    2.79052734e-01 5.66894531e-01 1.20605469e-01 1.60644531e-01]
   [8.00781250e-02 2.97607422e-01 3.83300781e-02 1.41845703e-01
    1.25732422e-01 2.53906250e-02 0.00000000e+00 1.03027344e-01
    0.00000000e+00 0.00000000e+00 1.51367188e-01 0.00000000e+00
    2.50976562e-01 4.75830078e-01 2.47070312e-01 1.16943359e-01]
   [0.00000000e+00 0.00000000e+00 0.00000000e+00 0.00000000e+00
    0.00000000e+00 0.00000000e+00 6.25000000e-02 0.00000000e+00
    0.00000000e+00 0.00000000e+00 0.00000000e+00 0.00000000e+00
    0.00000000e+00 0.00000000e+00 0.00000000e+00 0.00000000e+00]
   [0.00000000e+00 0.00000000e+00 0.00000000e+00 0.00000000e+00
    0.00000000e+00 0.00000000e+00 6.25000000e-02 0.00000000e+00
    0.00000000e+00 0.00000000e+00 0.00000000e+00 0.00000000e+00
    0.00000000e+00 0.00000000e+00 0.00000000e+00 0.00000000e+00]]

  [[0.00000000e+00 0.00000000e+00 0.00000000e+00 0.00000000e+00
    0.00000000e+00 0.00000000e+00 6.25000000e-02 0.00000000e+00
    0.00000000e+00 0.00000000e+00 0.00000000e+00 0.00000000e+00
    0.00000000e+00 0.00000000e+00 0.00000000e+00 0.00000000e+00]
   [0.00000000e+00 0.00000000e+00 0.00000000e+00 0.00000000e+00
    0.00000000e+00 0.00000000e+00 6.25000000e-02 0.00000000e+00
    0.00000000e+00 0.00000000e+00 0.00000000e+00 0.00000000e+00
    0.00000000e+00 0.00000000e+00 0.00000000e+00 0.00000000e+00]
   [0.00000000e+00 0.00000000e+00 1.96289062e-01 0.00000000e+00
    5.44433594e-02 9.25292969e-02 4.78515625e-01 0.00000000e+00
    3.21289062e-01 1.95312500e-02 1.72607422e-01 2.90527344e-01
    0.00000000e+00 0.00000000e+00 2.08251953e-01 7.93457031e-02]
   [0.00000000e+00 7.32421875e-04 5.98144531e-02 0.00000000e+00
    1.34765625e-01 3.83300781e-02 6.62109375e-01 1.34277344e-02
    0.00000000e+00 1.16455078e-01 2.77099609e-01 3.47900391e-01
    0.00000000e+00 0.00000000e+00 1.93359375e-01 0.00000000e+00]
   [0.00000000e+00 0.00000000e+00 8.74023438e-02 0.00000000e+00
    1.14257812e-01 2.73437500e-02 7.68310547e-01 0.00000000e+00
    9.13085938e-02 2.26562500e-01 3.25195312e-01 3.73046875e-01
    0.00000000e+00 0.00000000e+00 1.84082031e-01 0.00000000e+00]
   [0.00000000e+00 9.76562500e-04 1.05224609e-01 0.00000000e+00
    1.24755859e-01 7.27539062e-02 6.86767578e-01 0.00000000e+00
    8.59375000e-02 2.95410156e-01 3.08837891e-01 4.21630859e-01
    0.00000000e+00 0.00000000e+00 2.76123047e-01 0.00000000e+00]
   [0.00000000e+00 0.00000000e+00 2.10205078e-01 0.00000000e+00
    1.40136719e-01 7.86132812e-02 6.17919922e-01 0.00000000e+00
    9.03320312e-03 2.07275391e-01 2.87109375e-01 3.79638672e-01
    0.00000000e+00 0.00000000e+00 3.11035156e-01 0.00000000e+00]
   [0.00000000e+00 0.00000000e+00 1.51123047e-01 0.00000000e+00
    1.46240234e-01 7.86132812e-02 6.26220703e-01 0.00000000e+00
    0.00000000e+00 1.73095703e-01 3.06152344e-01 3.73779297e-01
    0.00000000e+00 0.00000000e+00 3.02734375e-01 0.00000000e+00]
   [1.11083984e-01 5.85937500e-03 2.40966797e-01 3.46679688e-02
    2.15087891e-01 1.07910156e-01 4.94384766e-01 0.00000000e+00
    8.88671875e-02 2.01171875e-01 3.21044922e-01 4.02832031e-01
    0.00000000e+00 0.00000000e+00 3.48144531e-01 0.00000000e+00]
   [5.20019531e-02 3.56201172e-01 0.00000000e+00 2.56103516e-01
    2.09960938e-01 1.10595703e-01 1.76025391e-01 0.00000000e+00
    1.08886719e-01 3.63769531e-01 4.69726562e-01 0.00000000e+00
    1.26464844e-01 3.25195312e-01 3.27880859e-01 0.00000000e+00]
   [1.17187500e-02 5.02197266e-01 1.03027344e-01 2.04833984e-01
    1.57714844e-01 4.32128906e-02 1.17675781e-01 2.94433594e-01
    0.00000000e+00 6.73828125e-02 2.10205078e-01 0.00000000e+00
    1.52343750e-01 4.96826172e-01 3.15429688e-01 0.00000000e+00]
   [0.00000000e+00 0.00000000e+00 0.00000000e+00 0.00000000e+00
    0.00000000e+00 0.00000000e+00 6.25000000e-02 0.00000000e+00
    0.00000000e+00 0.00000000e+00 0.00000000e+00 0.00000000e+00
    0.00000000e+00 0.00000000e+00 0.00000000e+00 0.00000000e+00]
   [0.00000000e+00 0.00000000e+00 0.00000000e+00 0.00000000e+00
    0.00000000e+00 0.00000000e+00 6.25000000e-02 0.00000000e+00
    0.00000000e+00 0.00000000e+00 0.00000000e+00 0.00000000e+00
    0.00000000e+00 0.00000000e+00 0.00000000e+00 0.00000000e+00]]

  [[0.00000000e+00 0.00000000e+00 0.00000000e+00 0.00000000e+00
    0.00000000e+00 0.00000000e+00 6.25000000e-02 0.00000000e+00
    0.00000000e+00 0.00000000e+00 0.00000000e+00 0.00000000e+00
    0.00000000e+00 0.00000000e+00 0.00000000e+00 0.00000000e+00]
   [0.00000000e+00 0.00000000e+00 0.00000000e+00 0.00000000e+00
    0.00000000e+00 0.00000000e+00 6.25000000e-02 0.00000000e+00
    0.00000000e+00 0.00000000e+00 0.00000000e+00 0.00000000e+00
    0.00000000e+00 0.00000000e+00 0.00000000e+00 0.00000000e+00]
   [0.00000000e+00 0.00000000e+00 0.00000000e+00 0.00000000e+00
    0.00000000e+00 0.00000000e+00 6.25000000e-02 0.00000000e+00
    0.00000000e+00 0.00000000e+00 0.00000000e+00 0.00000000e+00
    0.00000000e+00 0.00000000e+00 0.00000000e+00 0.00000000e+00]
   [0.00000000e+00 0.00000000e+00 0.00000000e+00 0.00000000e+00
    0.00000000e+00 0.00000000e+00 6.25000000e-02 0.00000000e+00
    0.00000000e+00 0.00000000e+00 0.00000000e+00 0.00000000e+00
    0.00000000e+00 0.00000000e+00 0.00000000e+00 0.00000000e+00]
   [0.00000000e+00 0.00000000e+00 1.24511719e-02 0.00000000e+00
    4.15039062e-03 8.30078125e-03 7.08007812e-02 0.00000000e+00
    1.66015625e-02 0.00000000e+00 4.15039062e-03 2.07519531e-02
    0.00000000e+00 0.00000000e+00 1.24511719e-02 0.00000000e+00]
   [0.00000000e+00 2.36816406e-02 3.19824219e-02 0.00000000e+00
    1.61132812e-02 2.41699219e-02 1.30371094e-01 0.00000000e+00
    6.46972656e-02 4.32128906e-02 2.78320312e-02 9.32617188e-02
    0.00000000e+00 0.00000000e+00 4.85839844e-02 0.00000000e+00]
   [0.00000000e+00 0.00000000e+00 3.56445312e-02 0.00000000e+00
    3.24707031e-02 2.61230469e-02 1.55029297e-01 3.41796875e-02
    4.85839844e-02 0.00000000e+00 5.22460938e-02 1.31347656e-01
    0.00000000e+00 0.00000000e+00 4.24804688e-02 0.00000000e+00]
   [1.58203125e-01 0.00000000e+00 4.24804688e-02 7.88574219e-02
    3.61328125e-02 2.63671875e-02 1.94091797e-01 5.37109375e-03
    7.39746094e-02 4.24804688e-02 6.56738281e-02 1.31347656e-01
    0.00000000e+00 3.07617188e-02 1.63574219e-02 0.00000000e+00]
   [3.08837891e-01 0.00000000e+00 1.05712891e-01 6.76269531e-02
    1.77001953e-01 1.93359375e-01 0.00000000e+00 2.41699219e-02
    4.00878906e-01 1.53808594e-01 3.31298828e-01 0.00000000e+00
    1.15722656e-01 0.00000000e+00 0.00000000e+00 3.11767578e-01]
   [0.00000000e+00 5.34423828e-01 0.00000000e+00 4.12597656e-02
    1.97509766e-01 1.01806641e-01 6.73828125e-02 2.24853516e-01
    2.22412109e-01 1.25488281e-01 4.31640625e-01 0.00000000e+00
    1.68457031e-02 3.42773438e-01 4.23828125e-01 2.79785156e-01]
   [1.00585938e-01 4.01611328e-01 4.51660156e-02 4.80957031e-02
    1.29394531e-01 0.00000000e+00 1.78466797e-01 3.22265625e-01
    0.00000000e+00 4.39453125e-02 1.39892578e-01 0.00000000e+00
    0.00000000e+00 1.56738281e-01 1.03271484e-01 0.00000000e+00]
   [0.00000000e+00 0.00000000e+00 0.00000000e+00 0.00000000e+00
    0.00000000e+00 0.00000000e+00 6.25000000e-02 0.00000000e+00
    0.00000000e+00 0.00000000e+00 0.00000000e+00 0.00000000e+00
    0.00000000e+00 0.00000000e+00 0.00000000e+00 0.00000000e+00]
   [0.00000000e+00 0.00000000e+00 0.00000000e+00 0.00000000e+00
    0.00000000e+00 0.00000000e+00 6.25000000e-02 0.00000000e+00
    0.00000000e+00 0.00000000e+00 0.00000000e+00 0.00000000e+00
    0.00000000e+00 0.00000000e+00 0.00000000e+00 0.00000000e+00]]

  [[0.00000000e+00 0.00000000e+00 0.00000000e+00 0.00000000e+00
    0.00000000e+00 0.00000000e+00 6.25000000e-02 0.00000000e+00
    0.00000000e+00 0.00000000e+00 0.00000000e+00 0.00000000e+00
    0.00000000e+00 0.00000000e+00 0.00000000e+00 0.00000000e+00]
   [0.00000000e+00 0.00000000e+00 0.00000000e+00 0.00000000e+00
    0.00000000e+00 0.00000000e+00 6.25000000e-02 0.00000000e+00
    0.00000000e+00 0.00000000e+00 0.00000000e+00 0.00000000e+00
    0.00000000e+00 0.00000000e+00 0.00000000e+00 0.00000000e+00]
   [0.00000000e+00 0.00000000e+00 0.00000000e+00 0.00000000e+00
    0.00000000e+00 0.00000000e+00 6.25000000e-02 0.00000000e+00
    0.00000000e+00 0.00000000e+00 0.00000000e+00 0.00000000e+00
    0.00000000e+00 0.00000000e+00 0.00000000e+00 0.00000000e+00]
   [0.00000000e+00 0.00000000e+00 0.00000000e+00 0.00000000e+00
    0.00000000e+00 0.00000000e+00 6.25000000e-02 0.00000000e+00
    0.00000000e+00 0.00000000e+00 0.00000000e+00 0.00000000e+00
    0.00000000e+00 0.00000000e+00 0.00000000e+00 0.00000000e+00]
   [0.00000000e+00 0.00000000e+00 0.00000000e+00 0.00000000e+00
    0.00000000e+00 0.00000000e+00 6.25000000e-02 0.00000000e+00
    0.00000000e+00 0.00000000e+00 0.00000000e+00 0.00000000e+00
    0.00000000e+00 0.00000000e+00 0.00000000e+00 0.00000000e+00]
   [0.00000000e+00 0.00000000e+00 0.00000000e+00 0.00000000e+00
    0.00000000e+00 0.00000000e+00 6.25000000e-02 0.00000000e+00
    0.00000000e+00 0.00000000e+00 0.00000000e+00 0.00000000e+00
    0.00000000e+00 0.00000000e+00 0.00000000e+00 0.00000000e+00]
   [0.00000000e+00 0.00000000e+00 0.00000000e+00 0.00000000e+00
    0.00000000e+00 0.00000000e+00 6.25000000e-02 0.00000000e+00
    0.00000000e+00 0.00000000e+00 0.00000000e+00 0.00000000e+00
    0.00000000e+00 0.00000000e+00 0.00000000e+00 0.00000000e+00]
   [3.27148438e-01 0.00000000e+00 1.34521484e-01 1.15478516e-01
    1.12304688e-01 9.32617188e-02 0.00000000e+00 1.44042969e-02
    3.22265625e-01 1.02783203e-01 1.56738281e-01 0.00000000e+00
    9.27734375e-02 2.88085938e-02 0.00000000e+00 1.07666016e-01]
   [1.69189453e-01 2.29492188e-01 6.07910156e-02 6.17675781e-02
    1.98242188e-01 1.66992188e-01 0.00000000e+00 0.00000000e+00
    3.87207031e-01 1.23291016e-01 4.46777344e-01 0.00000000e+00
    8.66699219e-02 1.98974609e-01 5.10986328e-01 2.73193359e-01]
   [1.26220703e-01 4.84619141e-01 8.30078125e-02 1.16210938e-01
    1.67236328e-01 2.17285156e-02 2.48779297e-01 3.10546875e-01
    0.00000000e+00 1.67968750e-01 3.11035156e-01 1.00097656e-02
    1.95312500e-03 2.73681641e-01 4.38964844e-01 0.00000000e+00]
   [4.32128906e-02 8.39843750e-02 3.24707031e-02 3.24707031e-02
    3.10058594e-02 0.00000000e+00 1.12792969e-01 1.22070312e-01
    0.00000000e+00 2.14843750e-02 3.00292969e-02 0.00000000e+00
    1.22070312e-03 2.14843750e-02 0.00000000e+00 0.00000000e+00]
   [0.00000000e+00 0.00000000e+00 0.00000000e+00 0.00000000e+00
    0.00000000e+00 0.00000000e+00 6.25000000e-02 0.00000000e+00
    0.00000000e+00 0.00000000e+00 0.00000000e+00 0.00000000e+00
    0.00000000e+00 0.00000000e+00 0.00000000e+00 0.00000000e+00]
   [0.00000000e+00 0.00000000e+00 0.00000000e+00 0.00000000e+00
    0.00000000e+00 0.00000000e+00 6.25000000e-02 0.00000000e+00
    0.00000000e+00 0.00000000e+00 0.00000000e+00 0.00000000e+00
    0.00000000e+00 0.00000000e+00 0.00000000e+00 0.00000000e+00]]

  [[0.00000000e+00 0.00000000e+00 0.00000000e+00 0.00000000e+00
    0.00000000e+00 0.00000000e+00 6.25000000e-02 0.00000000e+00
    0.00000000e+00 0.00000000e+00 0.00000000e+00 0.00000000e+00
    0.00000000e+00 0.00000000e+00 0.00000000e+00 0.00000000e+00]
   [0.00000000e+00 0.00000000e+00 0.00000000e+00 0.00000000e+00
    0.00000000e+00 0.00000000e+00 6.25000000e-02 0.00000000e+00
    0.00000000e+00 0.00000000e+00 0.00000000e+00 0.00000000e+00
    0.00000000e+00 0.00000000e+00 0.00000000e+00 0.00000000e+00]
   [0.00000000e+00 0.00000000e+00 0.00000000e+00 0.00000000e+00
    0.00000000e+00 0.00000000e+00 6.25000000e-02 0.00000000e+00
    0.00000000e+00 0.00000000e+00 0.00000000e+00 0.00000000e+00
    0.00000000e+00 0.00000000e+00 0.00000000e+00 0.00000000e+00]
   [0.00000000e+00 0.00000000e+00 0.00000000e+00 0.00000000e+00
    0.00000000e+00 0.00000000e+00 6.25000000e-02 0.00000000e+00
    0.00000000e+00 0.00000000e+00 0.00000000e+00 0.00000000e+00
    0.00000000e+00 0.00000000e+00 0.00000000e+00 0.00000000e+00]
   [0.00000000e+00 0.00000000e+00 0.00000000e+00 0.00000000e+00
    0.00000000e+00 0.00000000e+00 6.25000000e-02 0.00000000e+00
    0.00000000e+00 0.00000000e+00 0.00000000e+00 0.00000000e+00
    0.00000000e+00 0.00000000e+00 0.00000000e+00 0.00000000e+00]
   [0.00000000e+00 0.00000000e+00 0.00000000e+00 0.00000000e+00
    0.00000000e+00 0.00000000e+00 6.25000000e-02 0.00000000e+00
    0.00000000e+00 0.00000000e+00 0.00000000e+00 0.00000000e+00
    0.00000000e+00 0.00000000e+00 0.00000000e+00 0.00000000e+00]
   [1.54296875e-01 0.00000000e+00 3.51562500e-02 8.59375000e-02
    3.07617188e-02 2.85644531e-02 6.25000000e-02 2.19726562e-03
    6.61621094e-02 3.51562500e-02 0.00000000e+00 0.00000000e+00
    0.00000000e+00 4.85839844e-02 0.00000000e+00 0.00000000e+00]
   [2.66845703e-01 0.00000000e+00 1.50146484e-01 3.73535156e-02
    1.51855469e-01 1.56982422e-01 0.00000000e+00 0.00000000e+00
    4.22363281e-01 1.28417969e-01 3.55957031e-01 0.00000000e+00
    6.86035156e-02 0.00000000e+00 1.04980469e-02 3.01025391e-01]
   [0.00000000e+00 5.03906250e-01 0.00000000e+00 9.27734375e-03
    1.75048828e-01 9.52148438e-02 1.19384766e-01 2.77587891e-01
    1.06933594e-01 1.40380859e-01 4.18945312e-01 0.00000000e+00
    0.00000000e+00 3.25195312e-01 4.44091797e-01 1.53076172e-01]
   [1.08642578e-01 3.52294922e-01 7.54394531e-02 6.71386719e-02
    1.21093750e-01 0.00000000e+00 1.89453125e-01 3.51806641e-01
    0.00000000e+00 5.24902344e-02 1.22070312e-01 0.00000000e+00
    9.52148438e-03 1.33544922e-01 5.93261719e-02 0.00000000e+00]
   [0.00000000e+00 0.00000000e+00 0.00000000e+00 0.00000000e+00
    0.00000000e+00 0.00000000e+00 6.25000000e-02 0.00000000e+00
    0.00000000e+00 0.00000000e+00 0.00000000e+00 0.00000000e+00
    0.00000000e+00 0.00000000e+00 0.00000000e+00 0.00000000e+00]
   [0.00000000e+00 0.00000000e+00 0.00000000e+00 0.00000000e+00
    0.00000000e+00 0.00000000e+00 6.25000000e-02 0.00000000e+00
    0.00000000e+00 0.00000000e+00 0.00000000e+00 0.00000000e+00
    0.00000000e+00 0.00000000e+00 0.00000000e+00 0.00000000e+00]
   [0.00000000e+00 0.00000000e+00 0.00000000e+00 0.00000000e+00
    0.00000000e+00 0.00000000e+00 6.25000000e-02 0.00000000e+00
    0.00000000e+00 0.00000000e+00 0.00000000e+00 0.00000000e+00
    0.00000000e+00 0.00000000e+00 0.00000000e+00 0.00000000e+00]]

  [[0.00000000e+00 0.00000000e+00 0.00000000e+00 0.00000000e+00
    0.00000000e+00 0.00000000e+00 6.25000000e-02 0.00000000e+00
    0.00000000e+00 0.00000000e+00 0.00000000e+00 0.00000000e+00
    0.00000000e+00 0.00000000e+00 0.00000000e+00 0.00000000e+00]
   [0.00000000e+00 0.00000000e+00 0.00000000e+00 0.00000000e+00
    0.00000000e+00 0.00000000e+00 6.25000000e-02 0.00000000e+00
    0.00000000e+00 0.00000000e+00 0.00000000e+00 0.00000000e+00
    0.00000000e+00 0.00000000e+00 0.00000000e+00 0.00000000e+00]
   [0.00000000e+00 0.00000000e+00 0.00000000e+00 0.00000000e+00
    0.00000000e+00 0.00000000e+00 6.25000000e-02 0.00000000e+00
    0.00000000e+00 0.00000000e+00 0.00000000e+00 0.00000000e+00
    0.00000000e+00 0.00000000e+00 0.00000000e+00 0.00000000e+00]
   [0.00000000e+00 0.00000000e+00 0.00000000e+00 0.00000000e+00
    0.00000000e+00 0.00000000e+00 6.25000000e-02 0.00000000e+00
    0.00000000e+00 0.00000000e+00 0.00000000e+00 0.00000000e+00
    0.00000000e+00 0.00000000e+00 0.00000000e+00 0.00000000e+00]
   [0.00000000e+00 0.00000000e+00 0.00000000e+00 0.00000000e+00
    0.00000000e+00 0.00000000e+00 6.25000000e-02 0.00000000e+00
    0.00000000e+00 0.00000000e+00 0.00000000e+00 0.00000000e+00
    0.00000000e+00 0.00000000e+00 0.00000000e+00 0.00000000e+00]
   [2.31933594e-02 0.00000000e+00 4.63867188e-03 1.39160156e-02
    4.63867188e-03 4.63867188e-03 6.25000000e-02 0.00000000e+00
    9.27734375e-03 4.63867188e-03 0.00000000e+00 0.00000000e+00
    0.00000000e+00 9.27734375e-03 0.00000000e+00 0.00000000e+00]
   [3.54003906e-01 0.00000000e+00 7.25097656e-02 1.40625000e-01
    1.33544922e-01 9.93652344e-02 0.00000000e+00 0.00000000e+00
    2.81005859e-01 1.14501953e-01 2.09228516e-01 0.00000000e+00
    1.40625000e-01 3.68652344e-02 0.00000000e+00 1.51123047e-01]
   [1.97021484e-01 2.96875000e-01 4.83398438e-02 7.27539062e-02
    1.81152344e-01 1.67724609e-01 0.00000000e+00 0.00000000e+00
    3.50830078e-01 7.71484375e-02 4.00634766e-01 0.00000000e+00
    1.22314453e-01 2.32421875e-01 4.83886719e-01 3.43994141e-01]
   [1.08642578e-01 4.89746094e-01 7.69042969e-02 6.32324219e-02
    1.54785156e-01 0.00000000e+00 1.82373047e-01 3.49853516e-01
    0.00000000e+00 1.14257812e-01 2.58789062e-01 0.00000000e+00
    1.34277344e-02 3.26904297e-01 3.97216797e-01 0.00000000e+00]
   [5.68847656e-02 2.83203125e-02 0.00000000e+00 0.00000000e+00
    1.41601562e-02 0.00000000e+00 1.05224609e-01 8.52050781e-02
    0.00000000e+00 2.83203125e-02 2.83203125e-02 0.00000000e+00
    0.00000000e+00 0.00000000e+00 0.00000000e+00 0.00000000e+00]
   [0.00000000e+00 0.00000000e+00 0.00000000e+00 0.00000000e+00
    0.00000000e+00 0.00000000e+00 6.25000000e-02 0.00000000e+00
    0.00000000e+00 0.00000000e+00 0.00000000e+00 0.00000000e+00
    0.00000000e+00 0.00000000e+00 0.00000000e+00 0.00000000e+00]
   [0.00000000e+00 0.00000000e+00 0.00000000e+00 0.00000000e+00
    0.00000000e+00 0.00000000e+00 6.25000000e-02 0.00000000e+00
    0.00000000e+00 0.00000000e+00 0.00000000e+00 0.00000000e+00
    0.00000000e+00 0.00000000e+00 0.00000000e+00 0.00000000e+00]
   [0.00000000e+00 0.00000000e+00 0.00000000e+00 0.00000000e+00
    0.00000000e+00 0.00000000e+00 6.25000000e-02 0.00000000e+00
    0.00000000e+00 0.00000000e+00 0.00000000e+00 0.00000000e+00
    0.00000000e+00 0.00000000e+00 0.00000000e+00 0.00000000e+00]]

  [[0.00000000e+00 0.00000000e+00 0.00000000e+00 0.00000000e+00
    0.00000000e+00 0.00000000e+00 6.25000000e-02 0.00000000e+00
    0.00000000e+00 0.00000000e+00 0.00000000e+00 0.00000000e+00
    0.00000000e+00 0.00000000e+00 0.00000000e+00 0.00000000e+00]
   [0.00000000e+00 0.00000000e+00 0.00000000e+00 0.00000000e+00
    0.00000000e+00 0.00000000e+00 6.25000000e-02 0.00000000e+00
    0.00000000e+00 0.00000000e+00 0.00000000e+00 0.00000000e+00
    0.00000000e+00 0.00000000e+00 0.00000000e+00 0.00000000e+00]
   [0.00000000e+00 0.00000000e+00 0.00000000e+00 0.00000000e+00
    0.00000000e+00 0.00000000e+00 6.25000000e-02 0.00000000e+00
    0.00000000e+00 0.00000000e+00 0.00000000e+00 0.00000000e+00
    0.00000000e+00 0.00000000e+00 0.00000000e+00 0.00000000e+00]
   [0.00000000e+00 0.00000000e+00 0.00000000e+00 0.00000000e+00
    0.00000000e+00 0.00000000e+00 6.25000000e-02 0.00000000e+00
    0.00000000e+00 0.00000000e+00 0.00000000e+00 0.00000000e+00
    0.00000000e+00 0.00000000e+00 0.00000000e+00 0.00000000e+00]
   [0.00000000e+00 0.00000000e+00 0.00000000e+00 0.00000000e+00
    0.00000000e+00 0.00000000e+00 6.25000000e-02 0.00000000e+00
    0.00000000e+00 0.00000000e+00 0.00000000e+00 0.00000000e+00
    0.00000000e+00 0.00000000e+00 0.00000000e+00 0.00000000e+00]
   [3.18359375e-01 0.00000000e+00 1.37695312e-01 1.37451172e-01
    7.54394531e-02 4.51660156e-02 5.88378906e-02 1.70898438e-03
    2.24853516e-01 1.45507812e-01 6.05468750e-02 0.00000000e+00
    8.22753906e-02 7.32421875e-02 0.00000000e+00 0.00000000e+00]
   [3.73779297e-01 0.00000000e+00 3.41796875e-02 1.43066406e-01
    1.97753906e-01 1.98730469e-01 0.00000000e+00 0.00000000e+00
    3.89160156e-01 1.21826172e-01 4.13574219e-01 0.00000000e+00
    1.46972656e-01 1.83105469e-02 3.84277344e-01 3.91357422e-01]
   [0.00000000e+00 4.90722656e-01 0.00000000e+00 2.68554688e-02
    1.93603516e-01 8.69140625e-02 2.31689453e-01 2.41699219e-01
    0.00000000e+00 1.25244141e-01 4.07714844e-01 0.00000000e+00
    4.10156250e-02 2.91015625e-01 4.83154297e-01 7.98339844e-02]
   [1.19873047e-01 3.16894531e-01 6.61621094e-02 6.29882812e-02
    1.08154297e-01 0.00000000e+00 1.97265625e-01 3.22753906e-01
    0.00000000e+00 5.56640625e-02 1.07910156e-01 0.00000000e+00
    0.00000000e+00 9.64355469e-02 3.00292969e-02 0.00000000e+00]
   [0.00000000e+00 0.00000000e+00 0.00000000e+00 0.00000000e+00
    0.00000000e+00 0.00000000e+00 6.25000000e-02 0.00000000e+00
    0.00000000e+00 0.00000000e+00 0.00000000e+00 0.00000000e+00
    0.00000000e+00 0.00000000e+00 0.00000000e+00 0.00000000e+00]
   [0.00000000e+00 0.00000000e+00 0.00000000e+00 0.00000000e+00
    0.00000000e+00 0.00000000e+00 6.25000000e-02 0.00000000e+00
    0.00000000e+00 0.00000000e+00 0.00000000e+00 0.00000000e+00
    0.00000000e+00 0.00000000e+00 0.00000000e+00 0.00000000e+00]
   [0.00000000e+00 0.00000000e+00 0.00000000e+00 0.00000000e+00
    0.00000000e+00 0.00000000e+00 6.25000000e-02 0.00000000e+00
    0.00000000e+00 0.00000000e+00 0.00000000e+00 0.00000000e+00
    0.00000000e+00 0.00000000e+00 0.00000000e+00 0.00000000e+00]
   [0.00000000e+00 0.00000000e+00 0.00000000e+00 0.00000000e+00
    0.00000000e+00 0.00000000e+00 6.25000000e-02 0.00000000e+00
    0.00000000e+00 0.00000000e+00 0.00000000e+00 0.00000000e+00
    0.00000000e+00 0.00000000e+00 0.00000000e+00 0.00000000e+00]]

  [[0.00000000e+00 0.00000000e+00 0.00000000e+00 0.00000000e+00
    0.00000000e+00 0.00000000e+00 6.25000000e-02 0.00000000e+00
    0.00000000e+00 0.00000000e+00 0.00000000e+00 0.00000000e+00
    0.00000000e+00 0.00000000e+00 0.00000000e+00 0.00000000e+00]
   [0.00000000e+00 0.00000000e+00 0.00000000e+00 0.00000000e+00
    0.00000000e+00 0.00000000e+00 6.25000000e-02 0.00000000e+00
    0.00000000e+00 0.00000000e+00 0.00000000e+00 0.00000000e+00
    0.00000000e+00 0.00000000e+00 0.00000000e+00 0.00000000e+00]
   [0.00000000e+00 0.00000000e+00 0.00000000e+00 0.00000000e+00
    0.00000000e+00 0.00000000e+00 6.25000000e-02 0.00000000e+00
    0.00000000e+00 0.00000000e+00 0.00000000e+00 0.00000000e+00
    0.00000000e+00 0.00000000e+00 0.00000000e+00 0.00000000e+00]
   [0.00000000e+00 0.00000000e+00 0.00000000e+00 0.00000000e+00
    0.00000000e+00 0.00000000e+00 6.25000000e-02 0.00000000e+00
    0.00000000e+00 0.00000000e+00 0.00000000e+00 0.00000000e+00
    0.00000000e+00 0.00000000e+00 0.00000000e+00 0.00000000e+00]
   [1.63085938e-01 0.00000000e+00 4.78515625e-02 7.51953125e-02
    3.27148438e-02 2.51464844e-02 6.25000000e-02 7.56835938e-03
    8.03222656e-02 4.78515625e-02 0.00000000e+00 0.00000000e+00
    0.00000000e+00 1.95312500e-02 0.00000000e+00 0.00000000e+00]
   [3.49121094e-01 0.00000000e+00 1.04003906e-01 1.57470703e-01
    1.72119141e-01 2.15820312e-01 0.00000000e+00 0.00000000e+00
    3.98193359e-01 1.57470703e-01 3.15917969e-01 0.00000000e+00
    1.29150391e-01 6.68945312e-02 0.00000000e+00 3.22998047e-01]
   [0.00000000e+00 4.90234375e-01 0.00000000e+00 0.00000000e+00
    2.01416016e-01 1.15234375e-01 1.27929688e-01 1.19384766e-01
    3.26660156e-01 1.58203125e-01 4.35058594e-01 0.00000000e+00
    4.66308594e-02 3.06640625e-01 5.17578125e-01 3.62792969e-01]
   [9.47265625e-02 4.66552734e-01 2.22167969e-02 3.05175781e-02
    1.42578125e-01 0.00000000e+00 2.41943359e-01 3.35693359e-01
    0.00000000e+00 9.30175781e-02 1.81396484e-01 5.37109375e-03
    0.00000000e+00 1.51611328e-01 2.28271484e-01 0.00000000e+00]
   [3.44238281e-02 1.70898438e-02 0.00000000e+00 0.00000000e+00
    8.54492188e-03 0.00000000e+00 8.81347656e-02 5.15136719e-02
    0.00000000e+00 1.70898438e-02 1.70898438e-02 0.00000000e+00
    0.00000000e+00 0.00000000e+00 0.00000000e+00 0.00000000e+00]
   [0.00000000e+00 0.00000000e+00 0.00000000e+00 0.00000000e+00
    0.00000000e+00 0.00000000e+00 6.25000000e-02 0.00000000e+00
    0.00000000e+00 0.00000000e+00 0.00000000e+00 0.00000000e+00
    0.00000000e+00 0.00000000e+00 0.00000000e+00 0.00000000e+00]
   [0.00000000e+00 0.00000000e+00 0.00000000e+00 0.00000000e+00
    0.00000000e+00 0.00000000e+00 6.25000000e-02 0.00000000e+00
    0.00000000e+00 0.00000000e+00 0.00000000e+00 0.00000000e+00
    0.00000000e+00 0.00000000e+00 0.00000000e+00 0.00000000e+00]
   [0.00000000e+00 0.00000000e+00 0.00000000e+00 0.00000000e+00
    0.00000000e+00 0.00000000e+00 6.25000000e-02 0.00000000e+00
    0.00000000e+00 0.00000000e+00 0.00000000e+00 0.00000000e+00
    0.00000000e+00 0.00000000e+00 0.00000000e+00 0.00000000e+00]
   [0.00000000e+00 0.00000000e+00 0.00000000e+00 0.00000000e+00
    0.00000000e+00 0.00000000e+00 6.25000000e-02 0.00000000e+00
    0.00000000e+00 0.00000000e+00 0.00000000e+00 0.00000000e+00
    0.00000000e+00 0.00000000e+00 0.00000000e+00 0.00000000e+00]]

  [[0.00000000e+00 0.00000000e+00 0.00000000e+00 0.00000000e+00
    0.00000000e+00 0.00000000e+00 6.25000000e-02 0.00000000e+00
    0.00000000e+00 0.00000000e+00 0.00000000e+00 0.00000000e+00
    0.00000000e+00 0.00000000e+00 0.00000000e+00 0.00000000e+00]
   [0.00000000e+00 0.00000000e+00 0.00000000e+00 0.00000000e+00
    0.00000000e+00 0.00000000e+00 6.25000000e-02 0.00000000e+00
    0.00000000e+00 0.00000000e+00 0.00000000e+00 0.00000000e+00
    0.00000000e+00 0.00000000e+00 0.00000000e+00 0.00000000e+00]
   [0.00000000e+00 0.00000000e+00 0.00000000e+00 0.00000000e+00
    0.00000000e+00 0.00000000e+00 6.25000000e-02 0.00000000e+00
    0.00000000e+00 0.00000000e+00 0.00000000e+00 0.00000000e+00
    0.00000000e+00 0.00000000e+00 0.00000000e+00 0.00000000e+00]
   [0.00000000e+00 0.00000000e+00 0.00000000e+00 0.00000000e+00
    0.00000000e+00 0.00000000e+00 6.25000000e-02 0.00000000e+00
    0.00000000e+00 0.00000000e+00 0.00000000e+00 0.00000000e+00
    0.00000000e+00 0.00000000e+00 0.00000000e+00 0.00000000e+00]
   [3.11279297e-01 0.00000000e+00 1.45263672e-01 1.02294922e-01
    1.09619141e-01 9.79003906e-02 0.00000000e+00 1.48925781e-02
    3.29101562e-01 9.54589844e-02 1.48437500e-01 0.00000000e+00
    7.71484375e-02 2.97851562e-02 0.00000000e+00 1.03515625e-01]
   [1.63818359e-01 0.00000000e+00 5.12695312e-02 6.56738281e-02
    2.70263672e-01 1.77978516e-01 0.00000000e+00 0.00000000e+00
    3.82812500e-01 1.47216797e-01 4.50195312e-01 0.00000000e+00
    7.51953125e-02 3.93066406e-02 2.09472656e-01 2.46337891e-01]
   [0.00000000e+00 5.23681641e-01 8.37402344e-02 1.76025391e-01
    2.20214844e-01 5.63964844e-02 0.00000000e+00 4.06005859e-01
    0.00000000e+00 2.33154297e-01 3.99658203e-01 0.00000000e+00
    1.25488281e-01 4.16748047e-01 2.84423828e-01 0.00000000e+00]
   [6.10351562e-02 1.20605469e-01 3.83300781e-02 1.87988281e-02
    5.34667969e-02 0.00000000e+00 7.12890625e-02 2.06542969e-01
    0.00000000e+00 6.10351562e-03 6.93359375e-02 0.00000000e+00
    3.22265625e-02 8.86230469e-02 4.22363281e-02 0.00000000e+00]
   [0.00000000e+00 0.00000000e+00 0.00000000e+00 0.00000000e+00
    0.00000000e+00 0.00000000e+00 6.25000000e-02 0.00000000e+00
    0.00000000e+00 0.00000000e+00 0.00000000e+00 0.00000000e+00
    0.00000000e+00 0.00000000e+00 0.00000000e+00 0.00000000e+00]
   [0.00000000e+00 0.00000000e+00 0.00000000e+00 0.00000000e+00
    0.00000000e+00 0.00000000e+00 6.25000000e-02 0.00000000e+00
    0.00000000e+00 0.00000000e+00 0.00000000e+00 0.00000000e+00
    0.00000000e+00 0.00000000e+00 0.00000000e+00 0.00000000e+00]
   [0.00000000e+00 0.00000000e+00 0.00000000e+00 0.00000000e+00
    0.00000000e+00 0.00000000e+00 6.25000000e-02 0.00000000e+00
    0.00000000e+00 0.00000000e+00 0.00000000e+00 0.00000000e+00
    0.00000000e+00 0.00000000e+00 0.00000000e+00 0.00000000e+00]
   [0.00000000e+00 0.00000000e+00 0.00000000e+00 0.00000000e+00
    0.00000000e+00 0.00000000e+00 6.25000000e-02 0.00000000e+00
    0.00000000e+00 0.00000000e+00 0.00000000e+00 0.00000000e+00
    0.00000000e+00 0.00000000e+00 0.00000000e+00 0.00000000e+00]
   [0.00000000e+00 0.00000000e+00 0.00000000e+00 0.00000000e+00
    0.00000000e+00 0.00000000e+00 6.25000000e-02 0.00000000e+00
    0.00000000e+00 0.00000000e+00 0.00000000e+00 0.00000000e+00
    0.00000000e+00 0.00000000e+00 0.00000000e+00 0.00000000e+00]]

  [[0.00000000e+00 0.00000000e+00 0.00000000e+00 0.00000000e+00
    0.00000000e+00 0.00000000e+00 6.25000000e-02 0.00000000e+00
    0.00000000e+00 0.00000000e+00 0.00000000e+00 0.00000000e+00
    0.00000000e+00 0.00000000e+00 0.00000000e+00 0.00000000e+00]
   [0.00000000e+00 0.00000000e+00 0.00000000e+00 0.00000000e+00
    0.00000000e+00 0.00000000e+00 6.25000000e-02 0.00000000e+00
    0.00000000e+00 0.00000000e+00 0.00000000e+00 0.00000000e+00
    0.00000000e+00 0.00000000e+00 0.00000000e+00 0.00000000e+00]
   [0.00000000e+00 0.00000000e+00 0.00000000e+00 0.00000000e+00
    0.00000000e+00 0.00000000e+00 6.25000000e-02 0.00000000e+00
    0.00000000e+00 0.00000000e+00 0.00000000e+00 0.00000000e+00
    0.00000000e+00 0.00000000e+00 0.00000000e+00 0.00000000e+00]
   [0.00000000e+00 0.00000000e+00 0.00000000e+00 0.00000000e+00
    0.00000000e+00 0.00000000e+00 6.25000000e-02 0.00000000e+00
    0.00000000e+00 0.00000000e+00 0.00000000e+00 0.00000000e+00
    0.00000000e+00 0.00000000e+00 0.00000000e+00 0.00000000e+00]
   [8.83789062e-02 0.00000000e+00 1.63085938e-01 0.00000000e+00
    1.21582031e-01 1.48193359e-01 5.54443359e-01 0.00000000e+00
    4.56542969e-01 8.32519531e-02 2.16308594e-01 0.00000000e+00
    5.93261719e-02 0.00000000e+00 2.13378906e-01 1.56738281e-01]
   [0.00000000e+00 2.12158203e-01 6.59179688e-02 3.66210938e-03
    2.39013672e-01 1.18896484e-01 6.98242188e-01 0.00000000e+00
    2.19482422e-01 2.02392578e-01 5.10009766e-01 3.15673828e-01
    6.12792969e-02 0.00000000e+00 4.05029297e-01 8.17871094e-02]
   [1.63330078e-01 4.54589844e-01 1.00341797e-01 1.43310547e-01
    1.38671875e-01 0.00000000e+00 3.83544922e-01 3.06396484e-01
    0.00000000e+00 2.03369141e-01 2.67089844e-01 1.55029297e-01
    0.00000000e+00 2.18994141e-01 3.90869141e-01 0.00000000e+00]
   [3.93066406e-02 6.46972656e-02 2.92968750e-02 2.92968750e-02
    2.24609375e-02 0.00000000e+00 9.17968750e-02 7.64160156e-02
    0.00000000e+00 1.95312500e-02 1.95312500e-02 0.00000000e+00
    6.83593750e-03 1.95312500e-02 3.90625000e-03 0.00000000e+00]
   [0.00000000e+00 0.00000000e+00 0.00000000e+00 0.00000000e+00
    0.00000000e+00 0.00000000e+00 6.25000000e-02 0.00000000e+00
    0.00000000e+00 0.00000000e+00 0.00000000e+00 0.00000000e+00
    0.00000000e+00 0.00000000e+00 0.00000000e+00 0.00000000e+00]
   [0.00000000e+00 0.00000000e+00 0.00000000e+00 0.00000000e+00
    0.00000000e+00 0.00000000e+00 6.25000000e-02 0.00000000e+00
    0.00000000e+00 0.00000000e+00 0.00000000e+00 0.00000000e+00
    0.00000000e+00 0.00000000e+00 0.00000000e+00 0.00000000e+00]
   [0.00000000e+00 0.00000000e+00 0.00000000e+00 0.00000000e+00
    0.00000000e+00 0.00000000e+00 6.25000000e-02 0.00000000e+00
    0.00000000e+00 0.00000000e+00 0.00000000e+00 0.00000000e+00
    0.00000000e+00 0.00000000e+00 0.00000000e+00 0.00000000e+00]
   [0.00000000e+00 0.00000000e+00 0.00000000e+00 0.00000000e+00
    0.00000000e+00 0.00000000e+00 6.25000000e-02 0.00000000e+00
    0.00000000e+00 0.00000000e+00 0.00000000e+00 0.00000000e+00
    0.00000000e+00 0.00000000e+00 0.00000000e+00 0.00000000e+00]
   [0.00000000e+00 0.00000000e+00 0.00000000e+00 0.00000000e+00
    0.00000000e+00 0.00000000e+00 6.25000000e-02 0.00000000e+00
    0.00000000e+00 0.00000000e+00 0.00000000e+00 0.00000000e+00
    0.00000000e+00 0.00000000e+00 0.00000000e+00 0.00000000e+00]]]]

--- Layer: conv2d_1 (Quantized Output) ---
tf.Tensor(
[[[[-7.81250000e-02 -7.25097656e-02 -2.39257812e-02 -8.32519531e-02
    -3.14941406e-02 -2.97851562e-02 -1.07666016e-01 -7.95898438e-02
     1.14746094e-02 -7.03125000e-02  2.46582031e-02 -7.37304688e-02
     7.20214844e-02  4.07714844e-02 -1.44042969e-02 -6.76269531e-02
    -1.36474609e-01 -6.27441406e-02 -6.73828125e-02  3.00292969e-02
     5.34667969e-02 -1.03515625e-01  3.93066406e-02 -1.49902344e-01
    -1.49902344e-01 -5.34667969e-02 -9.17968750e-02  1.14746094e-02
    -8.54492188e-03  5.12695312e-02 -1.18652344e-01 -1.04492188e-01]
   [-5.27343750e-02 -8.05664062e-03 -5.37109375e-02 -1.63574219e-01
    -2.53906250e-02  5.12695312e-03 -1.28173828e-01 -1.17187500e-01
     6.25000000e-02 -1.65283203e-01  1.14746094e-02 -2.05566406e-01
     1.79199219e-01  1.29394531e-01 -1.23779297e-01 -3.78417969e-02
    -1.27685547e-01 -7.73925781e-02 -1.41601562e-02  1.24267578e-01
    -1.66015625e-02 -9.86328125e-02  1.24755859e-01 -1.06445312e-01
    -8.83789062e-02  7.81250000e-03 -1.30615234e-01  5.56640625e-02
    -5.32226562e-02  1.61376953e-01 -1.56982422e-01 -8.20312500e-02]
   [ 2.92968750e-03 -1.51367188e-02 -1.21826172e-01 -2.53906250e-01
    -5.68847656e-02  7.08007812e-03 -1.72851562e-01 -6.51855469e-02
     1.73339844e-02 -2.11181641e-01 -7.05566406e-02 -2.26318359e-01
     2.48779297e-01  3.05175781e-02 -3.67919922e-01 -1.73339844e-02
    -1.18896484e-01 -3.12500000e-02  4.46777344e-02  2.23144531e-01
    -7.10449219e-02 -1.00097656e-01 -4.41894531e-02 -1.95556641e-01
    -4.56542969e-02  9.03320312e-03 -1.01562500e-01  2.85644531e-02
    -1.05957031e-01  3.17138672e-01 -6.83593750e-02 -6.46972656e-02]
   [ 1.41601562e-02 -5.49316406e-02 -1.52832031e-01 -1.88476562e-01
    -5.15136719e-02 -6.81152344e-02 -2.14355469e-01 -2.58789062e-02
    -8.61816406e-02 -2.00683594e-01 -9.27734375e-02 -1.64062500e-01
     1.96777344e-01 -8.91113281e-02 -3.99169922e-01 -2.19726562e-03
    -1.48437500e-01 -1.39160156e-02  6.49414062e-02  2.18505859e-01
    -7.37304688e-02 -1.25488281e-01 -2.93945312e-01 -2.67578125e-01
    -6.71386719e-02 -1.85546875e-02 -8.52050781e-02 -1.75781250e-02
    -1.33056641e-01  3.86474609e-01  2.17285156e-02 -7.34863281e-02]
   [-1.34277344e-02 -8.74023438e-02 -9.59472656e-02 -7.61718750e-02
    -3.73535156e-02 -1.04980469e-01 -1.90185547e-01 -1.70898438e-02
    -1.07666016e-01 -1.35253906e-01 -5.95703125e-02 -7.66601562e-02
     9.05761719e-02 -8.76464844e-02 -2.26074219e-01 -2.24609375e-02
    -1.57226562e-01 -1.83105469e-02 -5.12695312e-03  1.21337891e-01
    -1.02539062e-02 -9.88769531e-02 -2.70751953e-01 -2.46582031e-01
    -1.23046875e-01 -6.86035156e-02 -8.42285156e-02 -3.22265625e-02
    -8.59375000e-02  2.76367188e-01 -1.85546875e-02 -8.66699219e-02]
   [-3.39355469e-02 -1.04980469e-01 -1.07421875e-02 -4.22363281e-02
    -3.49121094e-02 -9.27734375e-02 -1.79443359e-01 -1.73339844e-02
    -8.69140625e-02 -9.25292969e-02 -7.56835938e-03 -7.32421875e-02
     1.22070312e-02 -1.48925781e-02 -6.90917969e-02 -1.78222656e-02
    -1.63574219e-01 -4.73632812e-02 -5.37109375e-02  5.15136719e-02
     4.19921875e-02 -8.81347656e-02 -1.09863281e-01 -1.75048828e-01
    -1.72851562e-01 -8.66699219e-02 -4.68750000e-02  8.78906250e-03
    -1.68457031e-02  1.46972656e-01 -1.00585938e-01 -7.98339844e-02]
   [-4.68750000e-02 -1.09375000e-01  1.17187500e-02 -5.07812500e-02
    -3.51562500e-02 -7.81250000e-02 -1.83593750e-01 -1.95312500e-02
    -8.20312500e-02 -8.20312500e-02  7.81250000e-03 -7.03125000e-02
     0.00000000e+00  1.17187500e-02 -3.12500000e-02 -7.81250000e-03
    -1.67968750e-01 -5.85937500e-02 -6.64062500e-02  3.51562500e-02
     5.07812500e-02 -8.59375000e-02 -5.07812500e-02 -1.48437500e-01
    -1.87500000e-01 -9.37500000e-02 -3.12500000e-02  3.51562500e-02
     7.81250000e-03  1.05468750e-01 -1.28906250e-01 -7.42187500e-02]
   [-4.68750000e-02 -1.09375000e-01  1.17187500e-02 -5.07812500e-02
    -3.51562500e-02 -7.81250000e-02 -1.83593750e-01 -1.95312500e-02
    -8.20312500e-02 -8.20312500e-02  7.81250000e-03 -7.03125000e-02
     0.00000000e+00  1.17187500e-02 -3.12500000e-02 -7.81250000e-03
    -1.67968750e-01 -5.85937500e-02 -6.64062500e-02  3.51562500e-02
     5.07812500e-02 -8.59375000e-02 -5.07812500e-02 -1.48437500e-01
    -1.87500000e-01 -9.37500000e-02 -3.12500000e-02  3.51562500e-02
     7.81250000e-03  1.05468750e-01 -1.28906250e-01 -7.42187500e-02]
   [-4.68750000e-02 -1.09375000e-01  1.17187500e-02 -5.07812500e-02
    -3.51562500e-02 -7.81250000e-02 -1.83593750e-01 -1.95312500e-02
    -8.20312500e-02 -8.20312500e-02  7.81250000e-03 -7.03125000e-02
     0.00000000e+00  1.17187500e-02 -3.12500000e-02 -7.81250000e-03
    -1.67968750e-01 -5.85937500e-02 -6.64062500e-02  3.51562500e-02
     5.07812500e-02 -8.59375000e-02 -5.07812500e-02 -1.48437500e-01
    -1.87500000e-01 -9.37500000e-02 -3.12500000e-02  3.51562500e-02
     7.81250000e-03  1.05468750e-01 -1.28906250e-01 -7.42187500e-02]
   [-4.68750000e-02 -1.09375000e-01  1.17187500e-02 -5.07812500e-02
    -3.51562500e-02 -7.81250000e-02 -1.83593750e-01 -1.95312500e-02
    -8.20312500e-02 -8.20312500e-02  7.81250000e-03 -7.03125000e-02
     0.00000000e+00  1.17187500e-02 -3.12500000e-02 -7.81250000e-03
    -1.67968750e-01 -5.85937500e-02 -6.64062500e-02  3.51562500e-02
     5.07812500e-02 -8.59375000e-02 -5.07812500e-02 -1.48437500e-01
    -1.87500000e-01 -9.37500000e-02 -3.12500000e-02  3.51562500e-02
     7.81250000e-03  1.05468750e-01 -1.28906250e-01 -7.42187500e-02]
   [-4.68750000e-02 -1.09375000e-01  1.17187500e-02 -5.07812500e-02
    -3.51562500e-02 -7.81250000e-02 -1.83593750e-01 -1.95312500e-02
    -8.20312500e-02 -8.20312500e-02  7.81250000e-03 -7.03125000e-02
     0.00000000e+00  1.17187500e-02 -3.12500000e-02 -7.81250000e-03
    -1.67968750e-01 -5.85937500e-02 -6.64062500e-02  3.51562500e-02
     5.07812500e-02 -8.59375000e-02 -5.07812500e-02 -1.48437500e-01
    -1.87500000e-01 -9.37500000e-02 -3.12500000e-02  3.51562500e-02
     7.81250000e-03  1.05468750e-01 -1.28906250e-01 -7.42187500e-02]]

  [[-8.25195312e-02 -1.15478516e-01 -1.28662109e-01 -1.96777344e-01
    -3.17382812e-03  2.78320312e-02  6.39648438e-02  4.88281250e-03
     1.14501953e-01 -2.19726562e-02 -2.90527344e-02 -7.93457031e-02
     1.52099609e-01 -1.80664062e-02  4.51660156e-02 -1.75292969e-01
    -1.22802734e-01 -3.90625000e-03  4.49218750e-02 -1.00097656e-01
     1.62109375e-01 -4.00390625e-02  3.12744141e-01 -2.07031250e-01
    -1.65527344e-01 -3.66210938e-03 -2.06542969e-01  2.80761719e-02
    -6.56738281e-02 -2.89062500e-01 -8.56933594e-02 -8.03222656e-02]
   [-6.88476562e-02 -3.71093750e-02 -2.61230469e-01 -4.07958984e-01
     1.43798828e-01  1.33300781e-01 -8.20312500e-02 -1.07421875e-02
     1.46484375e-01 -1.88964844e-01 -2.75634766e-01 -4.37500000e-01
     4.62890625e-01  1.36230469e-01 -7.00683594e-02 -1.51123047e-01
    -1.04003906e-01 -7.51953125e-02  2.16552734e-01  4.22363281e-02
     5.39550781e-02 -1.43310547e-01  3.70849609e-01 -1.36474609e-01
    -1.38183594e-01  1.41113281e-01 -1.92871094e-01  1.53808594e-02
    -2.75146484e-01 -1.05957031e-01 -1.85546875e-01 -1.26220703e-01]
   [-1.35986328e-01 -9.13085938e-02 -3.56445312e-01 -4.37500000e-01
     2.46826172e-01  2.05810547e-01 -1.05468750e-01 -2.12402344e-02
     9.22851562e-02 -2.17529297e-01 -4.37500000e-01 -4.37500000e-01
     5.00000000e-01 -1.26464844e-01 -3.69140625e-01 -2.60253906e-01
    -4.93164062e-02  2.70996094e-02  2.38525391e-01  3.40820312e-01
    -1.08886719e-01 -1.36474609e-01 -2.12646484e-01 -3.39843750e-01
    -4.63867188e-03  2.27294922e-01 -1.72119141e-01 -2.33154297e-01
    -4.37500000e-01  2.63671875e-01 -1.29882812e-01 -1.23535156e-01]
   [-9.66796875e-02  5.73730469e-02 -3.40820312e-01 -3.96240234e-01
     1.56738281e-01  8.47167969e-02 -1.54541016e-01 -7.22656250e-02
     1.40136719e-01 -3.42285156e-01 -3.22998047e-01 -4.37500000e-01
     4.24316406e-01 -1.49658203e-01 -4.37500000e-01 -3.17382812e-01
    -1.12304688e-02 -9.52148438e-03  2.45849609e-01  4.14306641e-01
    -2.94677734e-01 -1.79931641e-01 -4.37500000e-01 -3.80615234e-01
     1.39404297e-01  2.74658203e-01 -2.61718750e-01 -3.98193359e-01
    -4.37500000e-01  5.00000000e-01  1.12792969e-01 -8.22753906e-02]
   [-9.76562500e-04  1.60156250e-01 -3.69384766e-01 -3.37890625e-01
     3.75976562e-02  4.98046875e-02 -1.74316406e-01 -1.03027344e-01
     1.94580078e-01 -3.45214844e-01 -2.23632812e-01 -4.37500000e-01
     3.60107422e-01 -7.39746094e-02 -4.37500000e-01 -3.06640625e-01
     2.46582031e-02  4.49218750e-02  2.80761719e-01  4.11865234e-01
    -3.39599609e-01 -1.53076172e-01 -3.76708984e-01 -3.80859375e-01
     1.46728516e-01  2.53173828e-01 -2.08251953e-01 -2.50000000e-01
    -4.37500000e-01  5.00000000e-01  1.53320312e-01 -6.10351562e-02]
   [ 5.59082031e-02  1.61621094e-01 -3.88183594e-01 -3.63769531e-01
     3.46679688e-02  1.01074219e-01 -1.30615234e-01 -8.86230469e-02
     1.31347656e-01 -2.84179688e-01 -1.86279297e-01 -4.23339844e-01
     5.00000000e-01 -3.83300781e-02 -4.37500000e-01 -2.23632812e-01
     2.19726562e-02  3.14941406e-02  2.73681641e-01  4.39941406e-01
    -2.72216797e-01 -1.44531250e-01 -2.93212891e-01 -3.42773438e-01
     1.05712891e-01  2.10449219e-01 -2.28027344e-01 -7.71484375e-02
    -3.62792969e-01  5.00000000e-01  1.45507812e-01 -7.98339844e-02]
   [ 3.46679688e-02  1.38671875e-01 -3.72802734e-01 -3.95507812e-01
     3.02734375e-02  1.47949219e-01 -1.34521484e-01 -8.52050781e-02
     1.32812500e-01 -2.61962891e-01 -1.70410156e-01 -3.78662109e-01
     5.00000000e-01 -4.63867188e-03 -4.37500000e-01 -1.74804688e-01
     1.22070312e-03  2.68554688e-03  2.44628906e-01  4.47265625e-01
    -2.29980469e-01 -1.17431641e-01 -2.07763672e-01 -2.94677734e-01
     9.00878906e-02  1.86523438e-01 -2.18505859e-01 -1.07421875e-02
    -2.98339844e-01  4.92675781e-01  9.74121094e-02 -8.91113281e-02]
   [ 3.56445312e-02  1.21826172e-01 -3.86230469e-01 -3.60351562e-01
     2.31933594e-02  1.42578125e-01 -1.47216797e-01 -1.06933594e-01
     8.78906250e-02 -2.83935547e-01 -2.04101562e-01 -4.27978516e-01
     5.00000000e-01 -3.17382812e-02 -4.37500000e-01 -1.17187500e-01
     6.83593750e-03  4.34570312e-02  2.69775391e-01  4.94140625e-01
    -2.10449219e-01 -1.32812500e-01 -1.92626953e-01 -2.78076172e-01
     9.71679688e-02  1.89208984e-01 -1.97021484e-01 -3.14941406e-02
    -3.27392578e-01  5.00000000e-01  1.22802734e-01 -8.42285156e-02]
   [ 8.12988281e-02  5.15136719e-02 -3.62060547e-01 -2.90527344e-01
    -5.02929688e-02  2.36816406e-02 -2.48291016e-01 -5.51757812e-02
    -1.48925781e-02 -3.37646484e-01 -2.63916016e-01 -4.28466797e-01
     4.09179688e-01 -7.71484375e-02 -4.37500000e-01  4.54101562e-02
    -2.70996094e-02  1.13525391e-01  2.56835938e-01  5.00000000e-01
    -2.18750000e-01 -1.37939453e-01 -2.92480469e-01 -2.39746094e-01
     9.76562500e-02  1.32568359e-01 -1.45507812e-01 -8.17871094e-02
    -3.59375000e-01  5.00000000e-01  1.13769531e-01 -5.07812500e-02]
   [ 7.12890625e-02 -5.34667969e-02 -3.16650391e-01 -1.41113281e-01
    -5.73730469e-02 -1.52099609e-01 -2.42187500e-01  5.12695312e-03
    -6.17675781e-02 -2.39257812e-01 -2.26562500e-01 -1.58935547e-01
     2.23144531e-01 -1.56738281e-01 -4.37500000e-01  2.53906250e-02
    -9.20410156e-02  1.12060547e-01  1.47216797e-01  3.37402344e-01
    -1.64550781e-01 -1.37207031e-01 -4.37500000e-01 -3.84765625e-01
     2.49023438e-02  4.37011719e-02 -1.77978516e-01 -1.15234375e-01
    -2.93701172e-01  5.00000000e-01  1.26953125e-01 -4.93164062e-02]
   [ 4.56542969e-02 -6.73828125e-02 -1.58691406e-01  6.34765625e-03
    -2.92968750e-02 -1.98242188e-01 -1.47705078e-01  4.39453125e-03
    -9.98535156e-02 -1.35498047e-01 -8.61816406e-02 -7.15332031e-02
     7.64160156e-02 -1.40380859e-01 -2.12646484e-01 -3.83300781e-02
    -1.30859375e-01  8.30078125e-03  2.92968750e-03  1.28417969e-01
     4.88281250e-04 -7.86132812e-02 -3.87451172e-01 -3.07373047e-01
    -1.27685547e-01 -5.12695312e-02 -1.66503906e-01 -1.18408203e-01
    -1.70410156e-01  3.23242188e-01  4.63867188e-02 -7.93457031e-02]]

  [[-1.22070312e-03 -1.94335938e-01 -3.71093750e-02 -2.60253906e-01
     1.01074219e-01 -1.78955078e-01  1.43554688e-01  8.91113281e-02
     5.05371094e-02 -3.66210938e-02 -2.10693359e-01 -3.12011719e-01
     4.41894531e-02 -1.62597656e-01 -5.37109375e-03 -5.41992188e-02
    -1.58447266e-01  4.66308594e-02  4.07714844e-02 -2.23388672e-01
     2.06054688e-01 -1.31835938e-02  2.31445312e-01 -2.60009766e-01
    -2.37548828e-01 -8.15429688e-02 -1.99218750e-01  2.32177734e-01
    -2.18505859e-01 -4.37500000e-01 -8.76464844e-02 -1.15234375e-01]
   [ 3.34472656e-02 -2.43408203e-01 -7.32421875e-03 -4.37500000e-01
     3.05908203e-01 -2.90283203e-01  3.00292969e-02  2.92968750e-02
     4.54101562e-02 -1.17187500e-01 -3.44970703e-01 -4.37500000e-01
     2.22656250e-01 -4.76074219e-02 -3.71093750e-02 -6.93359375e-02
    -1.09375000e-01 -1.87500000e-01  1.20117188e-01 -4.37500000e-01
     1.38916016e-01 -1.35498047e-01 -1.35742188e-01 -3.76708984e-01
    -1.37451172e-01  4.41894531e-02 -5.68847656e-02  3.16894531e-01
    -4.37500000e-01 -4.37500000e-01 -1.63330078e-01 -1.97998047e-01]
   [-5.61523438e-03 -3.44726562e-01 -8.05664062e-03 -4.37500000e-01
     5.00000000e-01 -2.64160156e-01 -2.66113281e-02 -7.27539062e-02
     1.46484375e-02 -1.30126953e-01 -2.14111328e-01 -3.62548828e-01
     6.64062500e-02 -4.37500000e-01 -1.64550781e-01 -3.33496094e-01
    -2.26074219e-01 -2.61230469e-01  2.54150391e-01 -4.37500000e-01
     4.07714844e-02 -4.85839844e-02 -4.25781250e-01 -4.34082031e-01
    -1.46484375e-01  1.33056641e-01  3.07617188e-02 -8.56933594e-02
    -4.37500000e-01 -4.37500000e-01 -3.55224609e-01 -9.47265625e-02]
   [-1.46484375e-01 -3.93798828e-01  8.83789062e-02 -3.79394531e-01
     5.00000000e-01 -1.87500000e-01 -1.37207031e-01  4.58984375e-02
    -1.19140625e-01 -1.05957031e-01 -1.58203125e-01 -3.53271484e-01
    -6.66503906e-02 -4.37500000e-01 -2.81494141e-01 -4.37500000e-01
    -2.29492188e-01 -2.42919922e-01  3.85009766e-01 -4.37500000e-01
    -1.19140625e-01 -3.44726562e-01 -2.71728516e-01 -4.37500000e-01
    -2.50244141e-01  2.42431641e-01  1.45751953e-01 -4.37500000e-01
    -4.37500000e-01 -4.22851562e-01 -3.00537109e-01 -6.73828125e-02]
   [-2.37060547e-01 -3.69873047e-01  4.71191406e-02 -2.38037109e-01
     5.00000000e-01 -1.03271484e-01 -1.59179688e-01  8.27636719e-02
    -1.43798828e-01 -1.22070312e-01 -2.07763672e-01 -3.40576172e-01
     9.27734375e-02 -4.37500000e-01 -2.18261719e-01 -4.37500000e-01
    -2.45849609e-01 -9.93652344e-02  4.39941406e-01 -4.37500000e-01
    -1.50878906e-01 -4.22607422e-01 -2.02148438e-01 -4.37500000e-01
    -2.70996094e-01  2.49511719e-01  1.89697266e-01 -4.37500000e-01
    -4.37500000e-01 -2.87841797e-01 -2.67333984e-01 -1.12060547e-01]
   [-3.14697266e-01 -3.22021484e-01 -2.58789062e-02 -2.48046875e-01
     5.00000000e-01 -7.91015625e-02 -1.48925781e-01  5.61523438e-02
    -1.00341797e-01 -1.37451172e-01 -2.37060547e-01 -3.15429688e-01
     2.94433594e-01 -3.56201172e-01 -1.97021484e-01 -4.37500000e-01
    -2.31445312e-01 -9.74121094e-02  4.02343750e-01 -3.78662109e-01
    -1.19873047e-01 -3.25195312e-01 -1.80664062e-01 -4.37500000e-01
    -2.45849609e-01  2.74169922e-01  1.40136719e-01 -4.37500000e-01
    -4.37500000e-01 -2.13867188e-01 -2.05566406e-01 -1.28662109e-01]
   [-3.41308594e-01 -3.08349609e-01 -6.51855469e-02 -3.25195312e-01
     4.43603516e-01 -2.24609375e-02 -8.81347656e-02  6.78710938e-02
    -1.75781250e-02 -1.26708984e-01 -2.54394531e-01 -2.97119141e-01
     3.80859375e-01 -3.27880859e-01 -1.01318359e-01 -4.37500000e-01
    -2.28515625e-01 -1.01074219e-01  3.50585938e-01 -3.44726562e-01
    -1.63574219e-02 -2.58789062e-01 -1.42822266e-01 -4.37500000e-01
    -2.06054688e-01  2.72705078e-01  6.27441406e-02 -4.37500000e-01
    -4.37500000e-01 -2.70019531e-01 -1.62109375e-01 -1.38671875e-01]
   [-4.23339844e-01 -2.98095703e-01 -4.61425781e-02 -3.00537109e-01
     3.30078125e-01  4.15039062e-03 -1.72607422e-01  1.22070312e-01
    -1.42822266e-01 -1.61132812e-01 -2.42431641e-01 -4.31396484e-01
     2.64160156e-01 -3.39355469e-01  1.83105469e-02 -3.98925781e-01
    -1.78955078e-01 -3.90625000e-03  3.75732422e-01 -1.78955078e-01
     2.03125000e-01 -3.08105469e-01 -3.28125000e-01 -3.73291016e-01
    -2.01660156e-01  3.30078125e-01  9.47265625e-02 -4.37500000e-01
    -4.37500000e-01 -9.03320312e-03 -8.95996094e-02 -1.24755859e-01]
   [-4.37500000e-01 -9.88769531e-02 -1.24267578e-01 -2.22412109e-01
     1.14990234e-01 -1.08642578e-01 -3.90380859e-01  2.07519531e-02
    -8.61816406e-02 -3.19091797e-01 -3.71337891e-01 -4.16748047e-01
     2.05078125e-02 -3.98437500e-01 -5.88378906e-02 -1.76269531e-01
    -1.10595703e-01  6.44531250e-02  2.59277344e-01  4.00390625e-02
    -8.88671875e-02 -1.94091797e-01 -4.37500000e-01 -1.79687500e-01
    -1.70898438e-02  2.12158203e-01 -4.88281250e-03 -4.37500000e-01
    -4.37500000e-01  5.00000000e-01 -1.20361328e-01 -5.51757812e-02]
   [-2.64160156e-01 -6.39648438e-02 -1.83837891e-01  1.94824219e-01
    -6.10351562e-03 -3.12011719e-01 -3.98437500e-01 -6.37207031e-02
     2.75878906e-02 -3.67919922e-01 -3.45703125e-01 -1.25244141e-01
    -2.44384766e-01 -1.91894531e-01 -4.37500000e-01 -1.51611328e-01
    -4.71191406e-02  1.01074219e-01  1.50390625e-01  7.03125000e-02
    -4.37500000e-01 -6.32324219e-02 -4.37500000e-01 -3.94531250e-01
     8.10546875e-02  1.71142578e-01 -3.00781250e-01 -4.37500000e-01
    -4.37500000e-01  5.00000000e-01 -8.78906250e-03  8.83789062e-02]
   [-5.07812500e-02 -2.49023438e-02 -9.25292969e-02  1.88964844e-01
    -6.86035156e-02 -2.81982422e-01 -1.82128906e-01  6.34765625e-03
    -3.66210938e-02 -1.74560547e-01 -6.95800781e-02 -8.59375000e-02
    -2.48046875e-01 -1.79931641e-01 -3.35937500e-01 -2.59521484e-01
    -3.17382812e-03  1.03515625e-01  5.98144531e-02 -2.73437500e-02
    -1.64794922e-01 -3.63769531e-02 -4.37500000e-01 -4.25048828e-01
    -8.25195312e-02 -6.59179688e-03 -1.66992188e-01 -4.23583984e-01
    -3.90136719e-01  3.93066406e-01  1.51123047e-01 -5.85937500e-03]]

  [[ 1.70898438e-02 -1.74804688e-01  9.81445312e-02 -2.57568359e-01
     1.48925781e-02 -2.15820312e-01 -6.59179688e-02  5.85937500e-03
    -3.73535156e-02 -2.24609375e-02 -5.73730469e-02 -4.37500000e-01
    -4.37500000e-01  1.86767578e-01 -6.17675781e-02  4.10156250e-02
    -1.69189453e-01  8.98437500e-02 -1.54785156e-01 -1.31591797e-01
     1.43554688e-01 -5.90820312e-02 -1.95556641e-01 -8.91113281e-02
    -2.60498047e-01 -3.39599609e-01 -9.93652344e-02  2.46337891e-01
    -2.93945312e-01 -4.37500000e-01 -2.73925781e-01 -7.76367188e-02]
   [ 2.29980469e-01 -1.16210938e-01  3.39111328e-01 -4.37500000e-01
     6.25000000e-02 -8.91113281e-02 -2.37792969e-01 -1.35742188e-01
    -1.31835938e-02 -1.00585938e-01  1.06201172e-01 -4.37500000e-01
    -4.37500000e-01  4.04052734e-01 -1.95068359e-01 -4.93164062e-02
     3.41796875e-03 -2.41455078e-01 -2.35839844e-01 -1.26953125e-02
    -2.15332031e-01 -2.75878906e-02 -4.37500000e-01 -2.58789062e-02
    -4.19921875e-02 -3.84521484e-01 -5.90820312e-02  5.00000000e-01
    -3.16894531e-01 -4.37500000e-01 -2.04589844e-01 -1.34033203e-01]
   [ 3.12255859e-01 -2.24609375e-01  5.00000000e-01 -4.37500000e-01
     2.43164062e-01  7.71484375e-02 -7.83691406e-02 -2.82226562e-01
     1.01562500e-01 -5.05371094e-02  1.64306641e-01 -4.37500000e-01
    -4.37500000e-01 -8.42285156e-02 -4.36767578e-01 -4.71191406e-02
    -8.95996094e-02 -2.22900391e-01 -1.75292969e-01 -2.34375000e-02
    -1.15722656e-01 -9.25292969e-02 -4.37500000e-01  1.22802734e-01
     1.83349609e-01 -4.37500000e-01  1.66748047e-01  5.00000000e-01
    -2.73193359e-01 -4.37500000e-01 -2.99560547e-01 -5.37109375e-02]
   [ 3.65966797e-01 -3.43261719e-01  5.00000000e-01 -4.37500000e-01
     2.65136719e-01 -3.34472656e-02 -2.08496094e-01 -1.99707031e-01
     4.93164062e-02  2.78320312e-02  1.45751953e-01 -4.37500000e-01
    -4.37500000e-01 -2.96142578e-01 -4.37500000e-01  5.20019531e-02
    -2.05078125e-01 -2.77343750e-01 -9.76562500e-02 -2.10449219e-01
    -4.83398438e-02 -1.69921875e-01 -4.37500000e-01  1.30126953e-01
     1.87500000e-01 -4.37500000e-01  1.27929688e-01  4.89013672e-01
    -1.72363281e-01 -4.37500000e-01 -4.37500000e-01  2.39257812e-02]
   [ 4.09179688e-01 -3.39599609e-01  5.00000000e-01 -4.37500000e-01
     3.45214844e-01 -7.08007812e-02 -2.56591797e-01 -1.38183594e-01
     4.71191406e-02  1.07421875e-02  1.95068359e-01 -4.37500000e-01
    -4.37500000e-01 -3.59375000e-01 -4.37500000e-01  9.13085938e-02
    -2.20947266e-01 -3.67675781e-01 -1.14013672e-01 -2.55126953e-01
    -5.76171875e-02 -1.33544922e-01 -4.37500000e-01  1.94824219e-01
     5.83496094e-02 -4.37500000e-01  5.34667969e-02  4.37255859e-01
    -1.94824219e-01 -4.37500000e-01 -4.37500000e-01  2.75878906e-02]
   [ 3.46191406e-01 -3.24707031e-01  5.00000000e-01 -4.37500000e-01
     3.90136719e-01 -5.22460938e-02 -2.04833984e-01 -1.49414062e-01
     8.52050781e-02  7.47070312e-02  2.70263672e-01 -4.37500000e-01
    -4.37500000e-01 -4.07470703e-01 -4.37500000e-01  3.49121094e-02
    -1.75537109e-01 -3.22998047e-01 -5.39550781e-02 -3.55957031e-01
    -5.17578125e-02 -1.25488281e-01 -4.28222656e-01  1.91650391e-01
     3.46679688e-02 -3.84277344e-01 -8.54492188e-03  2.92724609e-01
    -2.33642578e-01 -4.37500000e-01 -4.37500000e-01  3.66210938e-02]
   [ 2.96142578e-01 -2.89062500e-01  5.00000000e-01 -4.37500000e-01
     2.59521484e-01  1.12792969e-01 -5.22460938e-02  4.63867188e-03
     1.94580078e-01  1.22802734e-01  3.00537109e-01 -4.37500000e-01
    -4.37500000e-01 -3.93798828e-01 -4.25292969e-01 -1.44042969e-02
    -1.58447266e-01 -2.55615234e-01  1.53808594e-02 -4.18945312e-01
     1.54541016e-01 -7.71484375e-02 -2.69531250e-01  2.61230469e-01
     1.22070312e-01 -3.46435547e-01 -2.02148438e-01  2.15820312e-01
    -2.80761719e-01 -4.37500000e-01 -4.00390625e-01  6.49414062e-02]
   [ 2.40234375e-01 -2.60009766e-01  4.93652344e-01 -4.37500000e-01
     2.00439453e-01  1.89941406e-01 -1.27685547e-01  2.44628906e-01
    -9.98535156e-02  4.54101562e-02  6.76269531e-02 -4.37500000e-01
    -4.37500000e-01 -4.37500000e-01 -2.76123047e-01  1.87744141e-01
    -2.44140625e-03 -3.23486328e-01  1.47460938e-01 -3.86474609e-01
     2.89062500e-01 -6.86035156e-02 -4.26269531e-01  3.56445312e-01
     1.76757812e-01 -2.49023438e-01 -1.31591797e-01  1.41845703e-01
    -3.75000000e-01 -4.37500000e-01 -2.68798828e-01  2.09960938e-02]
   [ 2.61230469e-02 -1.66748047e-01  1.13525391e-01 -2.32666016e-01
     1.38183594e-01 -2.59765625e-01 -3.95751953e-01 -1.19140625e-01
    -1.47460938e-01 -1.39160156e-01 -9.13085938e-02  9.39941406e-02
    -4.37500000e-01 -4.37500000e-01 -4.32861328e-01  4.21875000e-01
     4.07714844e-02 -1.80908203e-01  2.01171875e-01 -4.37500000e-01
    -2.39013672e-01 -4.39453125e-02 -4.37500000e-01  7.37304688e-02
     9.13085938e-02 -9.81445312e-02 -1.23046875e-01 -3.25195312e-01
    -4.37500000e-01 -9.79003906e-02 -2.68554688e-01  1.02539062e-01]
   [-9.76562500e-03 -1.80664062e-02 -2.92968750e-02  5.00000000e-01
     7.56835938e-02 -4.37500000e-01 -3.71337891e-01 -1.33056641e-01
    -2.85644531e-02 -2.60253906e-01 -4.88281250e-03  2.76855469e-01
    -4.37500000e-01 -4.37500000e-01 -4.37500000e-01  1.48925781e-02
     2.27050781e-02  2.19726562e-02  1.81396484e-01 -4.37500000e-01
    -4.37500000e-01  5.71289062e-02 -4.37500000e-01 -1.09375000e-01
    -1.37695312e-01  6.95800781e-02 -3.69628906e-01 -4.37500000e-01
    -3.46923828e-01  2.40966797e-01 -1.94091797e-01  2.34130859e-01]
   [-9.00878906e-02 -9.59472656e-02  1.17919922e-01  3.64257812e-01
    -7.12890625e-02 -2.56103516e-01 -2.11669922e-01  3.88183594e-02
    -1.05224609e-01 -7.69042969e-02  3.68652344e-02  1.95312500e-02
    -4.37500000e-01 -2.39013672e-01 -3.87207031e-01 -2.60742188e-01
     5.10253906e-02  1.39160156e-01  1.36230469e-01 -3.53027344e-01
    -2.70019531e-01 -4.22363281e-02 -2.46337891e-01 -2.08740234e-01
    -1.64062500e-01  1.26953125e-02 -5.41992188e-02 -4.37500000e-01
    -7.83691406e-02  2.00683594e-01 -7.17773438e-02  4.02832031e-02]]

  [[ 1.13281250e-01 -1.51367188e-01  2.58789062e-02 -1.64550781e-01
    -1.56250000e-02 -1.73339844e-02 -7.64160156e-02  5.61523438e-02
    -2.14111328e-01 -8.34960938e-02  8.86230469e-02 -3.37890625e-01
    -2.28759766e-01  3.37890625e-01 -5.98144531e-02 -4.12597656e-02
    -1.53564453e-01 -4.10156250e-02 -1.40136719e-01  3.66210938e-02
     2.44140625e-04 -4.61425781e-02  1.73339844e-02 -1.25732422e-01
    -2.71484375e-01 -2.60742188e-01 -1.97753906e-02  1.51855469e-01
     3.58886719e-02 -1.45263672e-01 -3.31054688e-01 -3.58886719e-02]
   [ 2.10449219e-01 -1.65039062e-01  2.24609375e-02 -2.81982422e-01
    -3.41796875e-02  6.29882812e-02  2.68554688e-03  9.47265625e-02
    -2.21191406e-01 -6.59179688e-02  1.40380859e-01 -4.37500000e-01
    -2.12402344e-01  5.00000000e-01 -1.81640625e-01 -3.41796875e-03
    -1.80175781e-01 -3.80859375e-02 -1.80908203e-01  2.14355469e-01
    -2.37792969e-01 -7.78808594e-02 -5.88378906e-02 -9.32617188e-02
    -1.89453125e-01 -3.15673828e-01  7.71484375e-02  1.65039062e-01
     2.11914062e-01 -2.12890625e-01 -3.02001953e-01 -3.14941406e-02]
   [ 2.08496094e-01 -1.53808594e-01  4.41894531e-02 -2.79541016e-01
    -9.17968750e-02  1.61376953e-01  3.75976562e-02  4.73632812e-02
    -2.36816406e-01  4.05273438e-02  9.35058594e-02 -4.37500000e-01
    -1.68212891e-01  5.00000000e-01 -2.09228516e-01  6.44531250e-02
    -1.86767578e-01  9.42382812e-02 -1.72363281e-01  2.72949219e-01
    -2.73681641e-01 -9.39941406e-02 -6.22558594e-02 -8.86230469e-02
     7.08007812e-03 -4.37500000e-01  2.17773438e-01  2.05078125e-01
     3.23486328e-01 -4.37500000e-01 -3.85253906e-01 -4.17480469e-02]
   [ 1.94824219e-01 -2.55126953e-01 -7.81250000e-03 -3.41552734e-01
    -1.32324219e-01  8.34960938e-02  4.58984375e-02  9.76562500e-03
    -2.16796875e-01  2.92968750e-03  1.17187500e-01 -4.37500000e-01
    -2.51464844e-01  5.00000000e-01 -2.51464844e-01  1.28906250e-01
    -2.07519531e-01  9.71679688e-02 -2.10449219e-01  3.10791016e-01
    -3.02001953e-01 -9.52148438e-02 -7.44628906e-02 -4.54101562e-02
     5.41992188e-02 -4.37500000e-01  1.74072266e-01  2.91992188e-01
     3.76220703e-01 -4.37500000e-01 -4.37500000e-01 -1.51367188e-02]
   [ 2.26562500e-01 -2.59521484e-01  3.78417969e-02 -3.84277344e-01
    -1.25732422e-01  1.09130859e-01 -9.03320312e-03 -6.64062500e-02
    -2.29248047e-01  7.32421875e-03  1.38183594e-01 -4.37500000e-01
    -2.82714844e-01  5.00000000e-01 -2.81494141e-01  1.24023438e-01
    -2.14599609e-01  7.25097656e-02 -2.45849609e-01  3.59619141e-01
    -3.51074219e-01 -8.56933594e-02 -8.74023438e-02 -1.07421875e-02
     6.27441406e-02 -4.37500000e-01  2.26806641e-01  3.17382812e-01
     3.79150391e-01 -4.37500000e-01 -4.17968750e-01 -2.19726562e-02]
   [ 1.79443359e-01 -2.70751953e-01  1.95312500e-02 -4.37500000e-01
    -1.42333984e-01  2.12402344e-01  1.68212891e-01 -3.12500000e-02
    -1.51855469e-01  7.71484375e-02  1.56250000e-01 -4.37500000e-01
    -2.17773438e-01  4.80957031e-01 -2.34130859e-01  8.78906250e-03
    -1.31835938e-01  1.03271484e-01 -2.43896484e-01  2.87841797e-01
    -2.48291016e-01 -7.47070312e-02  1.11816406e-01  5.37109375e-03
     1.02294922e-01 -4.37500000e-01  9.83886719e-02  2.40966797e-01
     3.62548828e-01 -4.37500000e-01 -3.57421875e-01 -4.66308594e-02]
   [ 1.58203125e-01 -3.54492188e-01 -1.90429688e-02 -4.37500000e-01
    -1.38671875e-01  4.18457031e-01  3.14453125e-01  2.80273438e-01
    -1.71142578e-01  7.56835938e-02 -2.44140625e-02 -4.37500000e-01
    -1.86767578e-01  3.37646484e-01 -1.38916016e-01  1.67968750e-01
    -1.58935547e-01  9.81445312e-02 -1.41113281e-01  3.20068359e-01
     4.80957031e-02 -1.70898438e-02  3.07617188e-01  1.88476562e-01
     8.32519531e-02 -4.37500000e-01 -1.51123047e-01  1.73339844e-01
     1.91650391e-01 -4.37500000e-01 -2.91503906e-01  1.87988281e-02]
   [-1.44531250e-01 -2.56591797e-01 -2.56835938e-01 -4.37500000e-01
    -7.39746094e-02  1.41601562e-01  1.30859375e-01  1.68701172e-01
    -2.90771484e-01  2.27050781e-02 -1.79199219e-01 -4.37500000e-01
    -1.97753906e-01 -2.92968750e-01 -4.00390625e-02  5.00000000e-01
     2.61230469e-02  1.48925781e-02 -8.93554688e-02  2.44140625e-01
    -1.18896484e-01 -2.53906250e-02 -4.37500000e-01  4.63867188e-02
     3.09570312e-01 -4.37500000e-01 -8.15429688e-02  3.00292969e-02
    -2.77343750e-01 -4.37500000e-01 -9.17968750e-02 -3.95507812e-02]
   [-2.34619141e-01  1.05468750e-01 -3.85498047e-01 -1.07421875e-02
    -9.44824219e-02 -3.86474609e-01 -4.06738281e-01 -4.37500000e-01
     1.24511719e-02 -3.21289062e-01  7.49511719e-02  4.56787109e-01
    -4.37500000e-01 -4.37500000e-01 -3.52539062e-01  3.99169922e-01
     2.34130859e-01 -1.34277344e-02  1.07421875e-02 -1.40869141e-01
    -4.37500000e-01  2.02636719e-01 -4.37500000e-01 -2.31933594e-01
     2.56591797e-01 -1.58447266e-01 -2.08984375e-01 -5.54199219e-02
    -2.80517578e-01 -4.37500000e-01 -2.97851562e-02  8.27636719e-02]
   [-1.22070312e-03  5.71289062e-02 -1.15966797e-01  5.00000000e-01
    -1.73339844e-01 -3.38378906e-01 -2.80029297e-01 -2.54394531e-01
     2.73437500e-02 -2.23632812e-01  1.66992188e-01  3.10302734e-01
    -4.37500000e-01 -4.37500000e-01 -4.37500000e-01 -2.30224609e-01
     2.89306641e-01  1.99462891e-01  4.24804688e-02 -4.37500000e-01
    -4.37500000e-01  8.74023438e-02 -3.98437500e-01 -2.96142578e-01
    -5.85937500e-02 -1.46484375e-02 -6.27441406e-02 -4.37500000e-01
    -2.27050781e-02 -2.40966797e-01  4.85839844e-02  1.23535156e-01]
   [-5.22460938e-02 -1.16699219e-01  1.02539062e-01  2.31689453e-01
    -1.18652344e-01 -1.55517578e-01 -1.80419922e-01 -2.36816406e-02
    -1.13525391e-01 -8.52050781e-02  7.66601562e-02  4.61425781e-02
    -4.37500000e-01 -1.82128906e-01 -2.24121094e-01 -1.39160156e-01
    -1.51367188e-02  1.11816406e-01  8.98437500e-02 -3.25195312e-01
    -2.04589844e-01 -4.27246094e-02 -2.68554688e-02 -4.49218750e-02
    -1.96289062e-01 -2.56347656e-02  1.53808594e-02 -1.70654297e-01
     2.03857422e-01 -9.03320312e-03 -1.69433594e-01 -1.75781250e-02]]

  [[-4.68750000e-02 -1.09375000e-01  1.17187500e-02 -5.07812500e-02
    -3.51562500e-02 -7.81250000e-02 -1.83593750e-01 -1.95312500e-02
    -8.20312500e-02 -8.20312500e-02  7.81250000e-03 -7.03125000e-02
     0.00000000e+00  1.17187500e-02 -3.12500000e-02 -7.81250000e-03
    -1.67968750e-01 -5.85937500e-02 -6.64062500e-02  3.51562500e-02
     5.07812500e-02 -8.59375000e-02 -5.07812500e-02 -1.48437500e-01
    -1.87500000e-01 -9.37500000e-02 -3.12500000e-02  3.51562500e-02
     7.81250000e-03  1.05468750e-01 -1.28906250e-01 -7.42187500e-02]
   [-4.68750000e-02 -1.09375000e-01  1.17187500e-02 -5.07812500e-02
    -3.51562500e-02 -7.81250000e-02 -1.83593750e-01 -1.95312500e-02
    -8.20312500e-02 -8.20312500e-02  7.81250000e-03 -7.03125000e-02
     0.00000000e+00  1.17187500e-02 -3.12500000e-02 -7.81250000e-03
    -1.67968750e-01 -5.85937500e-02 -6.64062500e-02  3.51562500e-02
     5.07812500e-02 -8.59375000e-02 -5.07812500e-02 -1.48437500e-01
    -1.87500000e-01 -9.37500000e-02 -3.12500000e-02  3.51562500e-02
     7.81250000e-03  1.05468750e-01 -1.28906250e-01 -7.42187500e-02]
   [-3.83300781e-02 -1.13525391e-01  1.36718750e-02 -5.71289062e-02
    -3.46679688e-02 -7.47070312e-02 -1.77001953e-01 -1.56250000e-02
    -8.66699219e-02 -8.17871094e-02  1.29394531e-02 -8.12988281e-02
    -1.19628906e-02  2.63671875e-02 -3.14941406e-02 -9.52148438e-03
    -1.66992188e-01 -5.90820312e-02 -7.12890625e-02  3.71093750e-02
     5.00488281e-02 -8.54492188e-02 -4.63867188e-02 -1.44775391e-01
    -1.92138672e-01 -1.02050781e-01 -3.19824219e-02  4.34570312e-02
     1.02539062e-02  9.25292969e-02 -1.38427734e-01 -7.22656250e-02]
   [-7.81250000e-03 -1.26220703e-01  1.29394531e-02 -8.25195312e-02
    -2.83203125e-02 -6.03027344e-02 -1.43066406e-01 -4.15039062e-03
    -1.07666016e-01 -8.22753906e-02  3.73535156e-02 -1.21826172e-01
    -5.90820312e-02  9.64355469e-02 -3.63769531e-02 -2.05078125e-02
    -1.59179688e-01 -6.05468750e-02 -8.78906250e-02  4.88281250e-02
     2.73437500e-02 -8.59375000e-02 -3.90625000e-02 -1.34277344e-01
    -1.99218750e-01 -1.38183594e-01 -2.80761719e-02  6.93359375e-02
     3.10058594e-02  3.63769531e-02 -1.67236328e-01 -6.37207031e-02]
   [-4.15039062e-03 -1.06445312e-01  7.08007812e-03 -1.24511719e-01
    -4.71191406e-02 -1.00097656e-02 -8.52050781e-02 -1.75781250e-02
    -5.73730469e-02 -6.22558594e-02  6.66503906e-02 -1.41357422e-01
    -2.46582031e-02  1.42333984e-01 -3.10058594e-02 -5.05371094e-02
    -1.52343750e-01 -4.46777344e-02 -9.00878906e-02  6.76269531e-02
    -3.17382812e-03 -9.88769531e-02  1.00097656e-02 -1.26708984e-01
    -1.69921875e-01 -1.35009766e-01 -4.54101562e-02  7.37304688e-02
     6.17675781e-02 -4.49218750e-02 -1.67480469e-01 -7.44628906e-02]
   [-2.49023438e-02 -1.59667969e-01 -3.66210938e-03 -3.00537109e-01
    -8.81347656e-02  9.91210938e-02  1.79687500e-01  2.32666016e-01
     4.88281250e-02  4.17480469e-02 -1.80664062e-02 -2.24121094e-01
    -9.76562500e-03  7.76367188e-02  1.46484375e-02 -4.88281250e-02
    -1.33300781e-01  2.92968750e-02 -1.46484375e-03 -8.86230469e-02
     2.21435547e-01 -4.61425781e-02  2.37548828e-01 -5.49316406e-02
    -1.17187500e-01 -1.16699219e-01 -3.13964844e-01  8.27636719e-02
    -2.63671875e-02 -4.37500000e-01 -7.47070312e-02 -8.32519531e-02]
   [-7.17773438e-02 -1.93359375e-01 -5.66406250e-02 -4.37500000e-01
    -9.15527344e-02  9.91210938e-02  7.66601562e-02  4.71435547e-01
    -1.16210938e-01  3.71093750e-02 -1.86767578e-01 -4.37500000e-01
    -2.28515625e-01 -2.19238281e-01  2.36328125e-01  3.76220703e-01
    -5.54199219e-02 -3.22265625e-02 -2.68554688e-03 -1.12548828e-01
     4.58007812e-01 -2.14843750e-02 -1.16699219e-01  1.13037109e-01
    -1.34521484e-01 -2.58300781e-01 -3.47900391e-01 -6.10351562e-03
    -3.96240234e-01 -4.37500000e-01 -1.00097656e-02  1.87988281e-02]
   [-1.08642578e-01 -8.05664062e-03 -2.68798828e-01 -4.37500000e-01
    -7.32421875e-04 -2.25097656e-01 -2.16064453e-01 -8.34960938e-02
    -2.02636719e-01 -3.45214844e-01  2.14843750e-02  2.20458984e-01
    -4.37500000e-01 -4.37500000e-01  7.81250000e-02  4.59472656e-01
     1.74316406e-01 -1.93847656e-01 -6.64062500e-02 -7.05566406e-02
    -4.37500000e-01  2.84179688e-01 -4.37500000e-01 -9.10644531e-02
    -5.59082031e-02 -1.93359375e-01 -2.65869141e-01 -7.39746094e-02
    -4.37500000e-01 -4.18212891e-01 -4.56542969e-02  1.58691406e-01]
   [-6.34765625e-02  1.58203125e-01 -2.80517578e-01  2.01171875e-01
    -7.08007812e-02 -2.94189453e-01 -2.90771484e-01 -4.37500000e-01
     6.76269531e-02 -4.34814453e-01  2.48291016e-01  3.34472656e-01
    -4.37500000e-01 -4.37500000e-01 -3.95507812e-01 -1.00585938e-01
     3.24462891e-01  1.74072266e-01 -6.46972656e-02 -3.56201172e-01
    -4.37500000e-01  1.54052734e-01 -4.37500000e-01 -2.85644531e-01
    -1.46972656e-01  1.37939453e-01 -9.05761719e-02 -4.37500000e-01
    -1.39160156e-01 -4.37500000e-01  2.00195312e-02  3.08593750e-01]
   [-5.56640625e-02 -4.88281250e-03  6.10351562e-02  2.43896484e-01
    -2.40722656e-01 -1.14257812e-01 -1.48193359e-01 -1.20605469e-01
    -1.10839844e-01 -1.25244141e-01  1.95312500e-01  1.07421875e-01
    -4.37500000e-01 -4.37500000e-01 -2.64892578e-01 -3.57177734e-01
     2.52685547e-01  3.28857422e-01  5.37109375e-03 -4.37500000e-01
    -4.37500000e-01 -3.78417969e-02 -9.17968750e-02 -2.09960938e-01
    -1.33056641e-01  8.66699219e-02  5.51757812e-02 -3.56445312e-01
     1.80908203e-01 -2.03857422e-01 -1.24511719e-02  2.90527344e-02]
   [-8.39843750e-02 -1.09375000e-01  4.88281250e-02  2.36816406e-02
    -1.06933594e-01 -6.37207031e-02 -1.31591797e-01 -6.10351562e-02
    -6.05468750e-02 -1.04492188e-01  7.71484375e-02 -1.09863281e-02
    -1.96289062e-01 -5.90820312e-02 -4.19921875e-02 -5.63964844e-02
    -1.00097656e-01  7.66601562e-02 -1.70898438e-02 -1.48193359e-01
    -9.25292969e-02 -8.42285156e-02  3.19824219e-02 -3.12500000e-02
    -1.74560547e-01 -7.81250000e-02 -2.00195312e-02  9.76562500e-04
     1.84326172e-01 -1.83105469e-02 -1.32812500e-01 -6.64062500e-02]]

  [[-4.68750000e-02 -1.09375000e-01  1.17187500e-02 -5.07812500e-02
    -3.51562500e-02 -7.81250000e-02 -1.83593750e-01 -1.95312500e-02
    -8.20312500e-02 -8.20312500e-02  7.81250000e-03 -7.03125000e-02
     0.00000000e+00  1.17187500e-02 -3.12500000e-02 -7.81250000e-03
    -1.67968750e-01 -5.85937500e-02 -6.64062500e-02  3.51562500e-02
     5.07812500e-02 -8.59375000e-02 -5.07812500e-02 -1.48437500e-01
    -1.87500000e-01 -9.37500000e-02 -3.12500000e-02  3.51562500e-02
     7.81250000e-03  1.05468750e-01 -1.28906250e-01 -7.42187500e-02]
   [-4.68750000e-02 -1.09375000e-01  1.17187500e-02 -5.07812500e-02
    -3.51562500e-02 -7.81250000e-02 -1.83593750e-01 -1.95312500e-02
    -8.20312500e-02 -8.20312500e-02  7.81250000e-03 -7.03125000e-02
     0.00000000e+00  1.17187500e-02 -3.12500000e-02 -7.81250000e-03
    -1.67968750e-01 -5.85937500e-02 -6.64062500e-02  3.51562500e-02
     5.07812500e-02 -8.59375000e-02 -5.07812500e-02 -1.48437500e-01
    -1.87500000e-01 -9.37500000e-02 -3.12500000e-02  3.51562500e-02
     7.81250000e-03  1.05468750e-01 -1.28906250e-01 -7.42187500e-02]
   [-4.68750000e-02 -1.09375000e-01  1.17187500e-02 -5.07812500e-02
    -3.51562500e-02 -7.81250000e-02 -1.83593750e-01 -1.95312500e-02
    -8.20312500e-02 -8.20312500e-02  7.81250000e-03 -7.03125000e-02
     0.00000000e+00  1.17187500e-02 -3.12500000e-02 -7.81250000e-03
    -1.67968750e-01 -5.85937500e-02 -6.64062500e-02  3.51562500e-02
     5.07812500e-02 -8.59375000e-02 -5.07812500e-02 -1.48437500e-01
    -1.87500000e-01 -9.37500000e-02 -3.12500000e-02  3.51562500e-02
     7.81250000e-03  1.05468750e-01 -1.28906250e-01 -7.42187500e-02]
   [-4.98046875e-02 -1.06689453e-01  9.03320312e-03 -5.34667969e-02
    -3.58886719e-02 -7.39746094e-02 -1.76269531e-01 -2.31933594e-02
    -7.42187500e-02 -8.05664062e-02  9.03320312e-03 -6.98242188e-02
     5.37109375e-03  1.36718750e-02 -2.90527344e-02 -1.26953125e-02
    -1.65527344e-01 -5.81054688e-02 -6.61621094e-02  3.39355469e-02
     5.27343750e-02 -8.69140625e-02 -4.32128906e-02 -1.48193359e-01
    -1.84082031e-01 -9.10644531e-02 -3.73535156e-02  3.32031250e-02
     6.59179688e-03  9.86328125e-02 -1.27929688e-01 -7.61718750e-02]
   [-9.74121094e-02 -8.03222656e-02 -4.98046875e-02 -1.63330078e-01
    -7.12890625e-02  2.85644531e-02 -1.53808594e-02  2.85644531e-02
     4.37011719e-02 -3.54003906e-02  1.80664062e-02 -5.12695312e-02
     7.66601562e-02  1.85546875e-02  2.51464844e-02 -9.59472656e-02
    -1.29150391e-01 -2.85644531e-02 -1.31835938e-02 -6.42089844e-02
     1.47460938e-01 -5.66406250e-02  1.45507812e-01 -1.33789062e-01
    -1.44042969e-01 -3.63769531e-02 -1.98242188e-01  4.88281250e-04
    -2.17285156e-02 -1.42333984e-01 -7.08007812e-02 -8.61816406e-02]
   [-9.66796875e-02 -1.41601562e-01 -6.93359375e-02 -4.27246094e-01
    -5.22460938e-02  1.57226562e-01  1.22558594e-01  3.38867188e-01
     4.39453125e-02 -3.05175781e-02 -1.88232422e-01 -4.37500000e-01
    -7.10449219e-02 -4.88281250e-02  7.15332031e-02  8.42285156e-02
    -1.27929688e-01  5.68847656e-02  6.59179688e-02 -8.08105469e-02
     4.47021484e-01  9.27734375e-03  2.45605469e-01  6.37207031e-02
    -1.32324219e-01 -7.10449219e-02 -4.37500000e-01  8.78906250e-03
    -3.40332031e-01 -4.37500000e-01 -3.75976562e-02 -2.70996094e-02]
   [-2.02636719e-02 -1.14746094e-01 -1.60156250e-01 -4.37500000e-01
    -3.12500000e-02  5.49316406e-02 -6.15234375e-02  2.81982422e-01
    -2.94921875e-01 -1.36962891e-01 -1.04980469e-01 -2.72216797e-01
    -3.74023438e-01 -2.92968750e-01  1.28417969e-01  4.17236328e-01
     1.50146484e-01 -1.65283203e-01 -8.86230469e-02  7.91015625e-02
    -1.53808594e-02  1.10351562e-01 -4.37500000e-01 -4.17480469e-02
    -8.34960938e-02 -2.92724609e-01 -3.26416016e-01  2.24609375e-02
    -4.37500000e-01 -2.92236328e-01  4.46777344e-02  1.61132812e-02]
   [-6.59179688e-03  1.31103516e-01 -3.27392578e-01 -1.11328125e-01
     6.76269531e-02 -2.83203125e-01 -2.36083984e-01 -3.77441406e-01
    -1.08154297e-01 -4.16992188e-01  2.12402344e-01  3.87695312e-01
    -4.37500000e-01 -4.37500000e-01 -3.74023438e-01  2.25097656e-01
     2.72949219e-01 -5.34667969e-02 -1.33789062e-01 -1.50878906e-01
    -4.37500000e-01  2.92480469e-01 -4.37500000e-01 -1.65039062e-01
    -1.13281250e-01 -7.27539062e-02 -2.42919922e-01 -2.07763672e-01
    -3.01269531e-01 -4.37500000e-01  5.56640625e-02  2.05566406e-01]
   [-1.07421875e-02  1.19873047e-01 -6.71386719e-02  3.42041016e-01
    -2.15820312e-01 -1.83349609e-01 -1.77001953e-01 -2.74902344e-01
    -4.37011719e-02 -1.85546875e-01  2.55126953e-01  1.58935547e-01
    -4.37500000e-01 -4.37500000e-01 -4.37500000e-01 -3.49365234e-01
     4.09667969e-01  3.21044922e-01 -2.14843750e-02 -4.37500000e-01
    -4.37500000e-01  3.10058594e-02 -3.82568359e-01 -2.89062500e-01
    -5.07812500e-02  9.05761719e-02  9.13085938e-02 -4.37500000e-01
     7.29980469e-02 -3.69628906e-01  8.56933594e-02  1.23291016e-01]
   [-9.22851562e-02 -1.01806641e-01  7.56835938e-02  1.25000000e-01
    -1.90673828e-01 -1.08154297e-01 -1.57958984e-01 -8.93554688e-02
    -8.25195312e-02 -8.47167969e-02  1.26220703e-01  5.27343750e-02
    -4.05517578e-01 -2.06787109e-01 -1.79199219e-01 -1.64306641e-01
     3.56445312e-02  1.61865234e-01  2.29492188e-02 -2.98339844e-01
    -2.61474609e-01 -7.86132812e-02  1.12304688e-02 -5.98144531e-02
    -1.10107422e-01 -5.27343750e-02  6.49414062e-02 -9.32617188e-02
     2.38525391e-01 -1.32812500e-01 -1.21826172e-01 -4.73632812e-02]
   [-5.49316406e-02 -1.10595703e-01  1.90429688e-02 -4.22363281e-02
    -4.39453125e-02 -6.54296875e-02 -1.65771484e-01 -3.17382812e-02
    -6.44531250e-02 -8.81347656e-02  2.34375000e-02 -5.51757812e-02
    -4.39453125e-02  4.63867188e-03 -3.02734375e-02 -1.22070312e-02
    -1.56738281e-01 -1.97753906e-02 -5.15136719e-02  2.19726562e-03
     1.90429688e-02 -8.88671875e-02 -2.75878906e-02 -1.14501953e-01
    -1.83349609e-01 -9.76562500e-02 -3.10058594e-02  3.32031250e-02
     5.93261719e-02  6.22558594e-02 -1.24023438e-01 -6.68945312e-02]]

  [[-4.68750000e-02 -1.09375000e-01  1.17187500e-02 -5.07812500e-02
    -3.51562500e-02 -7.81250000e-02 -1.83593750e-01 -1.95312500e-02
    -8.20312500e-02 -8.20312500e-02  7.81250000e-03 -7.03125000e-02
     0.00000000e+00  1.17187500e-02 -3.12500000e-02 -7.81250000e-03
    -1.67968750e-01 -5.85937500e-02 -6.64062500e-02  3.51562500e-02
     5.07812500e-02 -8.59375000e-02 -5.07812500e-02 -1.48437500e-01
    -1.87500000e-01 -9.37500000e-02 -3.12500000e-02  3.51562500e-02
     7.81250000e-03  1.05468750e-01 -1.28906250e-01 -7.42187500e-02]
   [-4.68750000e-02 -1.09375000e-01  1.17187500e-02 -5.07812500e-02
    -3.51562500e-02 -7.81250000e-02 -1.83593750e-01 -1.95312500e-02
    -8.20312500e-02 -8.20312500e-02  7.81250000e-03 -7.03125000e-02
     0.00000000e+00  1.17187500e-02 -3.12500000e-02 -7.81250000e-03
    -1.67968750e-01 -5.85937500e-02 -6.64062500e-02  3.51562500e-02
     5.07812500e-02 -8.59375000e-02 -5.07812500e-02 -1.48437500e-01
    -1.87500000e-01 -9.37500000e-02 -3.12500000e-02  3.51562500e-02
     7.81250000e-03  1.05468750e-01 -1.28906250e-01 -7.42187500e-02]
   [-4.68750000e-02 -1.09375000e-01  1.17187500e-02 -5.07812500e-02
    -3.51562500e-02 -7.81250000e-02 -1.83593750e-01 -1.95312500e-02
    -8.20312500e-02 -8.20312500e-02  7.81250000e-03 -7.03125000e-02
     0.00000000e+00  1.17187500e-02 -3.12500000e-02 -7.81250000e-03
    -1.67968750e-01 -5.85937500e-02 -6.64062500e-02  3.51562500e-02
     5.07812500e-02 -8.59375000e-02 -5.07812500e-02 -1.48437500e-01
    -1.87500000e-01 -9.37500000e-02 -3.12500000e-02  3.51562500e-02
     7.81250000e-03  1.05468750e-01 -1.28906250e-01 -7.42187500e-02]
   [-9.86328125e-02 -7.42187500e-02 -3.85742188e-02 -1.16943359e-01
    -5.29785156e-02 -1.95312500e-03 -6.05468750e-02 -2.90527344e-02
     3.85742188e-02 -3.27148438e-02  7.56835938e-03 -6.27441406e-02
     6.73828125e-02  1.51367188e-02  2.73437500e-02 -8.95996094e-02
    -1.30371094e-01 -4.44335938e-02 -5.81054688e-02 -7.08007812e-03
     1.04736328e-01 -7.22656250e-02  8.12988281e-02 -1.36474609e-01
    -1.45263672e-01 -6.49414062e-02 -1.36230469e-01 -4.88281250e-04
    -1.73339844e-02 -4.93164062e-02 -1.01806641e-01 -7.71484375e-02]
   [-8.25195312e-02 -7.76367188e-02 -7.54394531e-02 -3.24707031e-01
    -3.66210938e-02  1.45263672e-01  1.13037109e-01  2.10937500e-01
     1.32568359e-01 -4.00390625e-02 -5.76171875e-02 -2.49023438e-01
     1.32812500e-01  1.68457031e-02  1.36718750e-02 -4.51660156e-02
    -1.07910156e-01 -6.34765625e-03  8.93554688e-02 -1.52587891e-01
     2.81982422e-01  1.56250000e-02  3.53027344e-01 -6.10351562e-03
    -8.25195312e-02  1.90429688e-02 -4.34570312e-01  5.39550781e-02
    -1.73339844e-01 -3.83544922e-01 -4.63867188e-03 -9.64355469e-02]
   [-6.17675781e-02 -2.14599609e-01 -1.41601562e-01 -4.37500000e-01
     3.02734375e-02  1.75292969e-01  4.61425781e-02  4.39697266e-01
    -1.36474609e-01 -7.29980469e-02 -2.28759766e-01 -4.37500000e-01
    -9.08203125e-02 -2.99072266e-01  4.15039062e-03  3.09082031e-01
    -4.98046875e-02 -8.30078125e-03  9.03320312e-02 -3.93066406e-02
     3.78662109e-01  4.80957031e-02 -2.25585938e-01 -2.83203125e-02
    -1.19140625e-01 -1.63330078e-01 -3.44726562e-01 -5.44433594e-02
    -4.37500000e-01 -3.41796875e-01 -4.07714844e-02  2.68554688e-03]
   [-1.70166016e-01 -3.68652344e-02 -3.42773438e-01 -4.37500000e-01
     4.49218750e-02 -1.74804688e-01 -2.01416016e-01 -1.06933594e-01
    -2.19726562e-01 -3.64990234e-01  5.10253906e-02  3.96240234e-01
    -4.37500000e-01 -4.37500000e-01 -1.02783203e-01  3.84277344e-01
     2.02148438e-01 -2.41455078e-01 -5.51757812e-02 -1.17187500e-02
    -4.37500000e-01  2.96142578e-01 -4.37500000e-01 -1.79931641e-01
    -7.27539062e-02 -1.38671875e-01 -3.60351562e-01 -1.43798828e-01
    -4.37500000e-01 -3.03710938e-01 -1.48925781e-02  1.59423828e-01]
   [-1.19384766e-01  1.40380859e-01 -2.33154297e-01  2.16552734e-01
    -1.20605469e-01 -2.49267578e-01 -3.13232422e-01 -4.29199219e-01
     6.90917969e-02 -4.06005859e-01  2.76123047e-01  2.92968750e-01
    -4.37500000e-01 -4.37500000e-01 -3.90380859e-01 -1.57958984e-01
     3.40332031e-01  1.69189453e-01 -8.12988281e-02 -3.73779297e-01
    -4.37500000e-01  1.21093750e-01 -4.37500000e-01 -3.13232422e-01
    -8.91113281e-02  1.31347656e-01 -7.69042969e-02 -4.37500000e-01
    -1.42822266e-01 -4.37500000e-01  7.00683594e-02  2.48779297e-01]
   [-5.56640625e-02 -2.29492188e-02  6.76269531e-02  2.20214844e-01
    -2.64648438e-01 -1.39404297e-01 -1.52832031e-01 -1.17431641e-01
    -8.78906250e-02 -1.35986328e-01  1.78955078e-01  9.83886719e-02
    -4.37500000e-01 -4.20410156e-01 -2.74902344e-01 -3.37890625e-01
     2.52197266e-01  3.32763672e-01  4.88281250e-03 -4.37500000e-01
    -4.37500000e-01 -5.71289062e-02 -5.10253906e-02 -2.16796875e-01
    -1.16455078e-01  5.15136719e-02  6.27441406e-02 -3.20312500e-01
     1.83593750e-01 -1.88232422e-01 -2.92968750e-03 -2.92968750e-03]
   [-7.61718750e-02 -1.17919922e-01  3.93066406e-02  3.90625000e-03
    -8.81347656e-02 -5.27343750e-02 -1.29150391e-01 -6.37207031e-02
    -4.44335938e-02 -1.01562500e-01  7.47070312e-02 -1.44042969e-02
    -1.69433594e-01 -4.98046875e-02 -3.02734375e-02 -3.46679688e-02
    -1.14746094e-01  6.68945312e-02 -1.70898438e-02 -1.19140625e-01
    -6.95800781e-02 -8.49609375e-02  2.83203125e-02 -3.22265625e-02
    -1.81640625e-01 -8.88671875e-02 -2.78320312e-02  1.22070312e-02
     1.88476562e-01 -2.56347656e-02 -1.35986328e-01 -5.81054688e-02]
   [-4.68750000e-02 -1.09375000e-01  1.17187500e-02 -5.07812500e-02
    -3.51562500e-02 -7.81250000e-02 -1.83593750e-01 -1.95312500e-02
    -8.20312500e-02 -8.20312500e-02  7.81250000e-03 -7.03125000e-02
     0.00000000e+00  1.17187500e-02 -3.12500000e-02 -7.81250000e-03
    -1.67968750e-01 -5.85937500e-02 -6.64062500e-02  3.51562500e-02
     5.07812500e-02 -8.59375000e-02 -5.07812500e-02 -1.48437500e-01
    -1.87500000e-01 -9.37500000e-02 -3.12500000e-02  3.51562500e-02
     7.81250000e-03  1.05468750e-01 -1.28906250e-01 -7.42187500e-02]]

  [[-4.68750000e-02 -1.09375000e-01  1.17187500e-02 -5.07812500e-02
    -3.51562500e-02 -7.81250000e-02 -1.83593750e-01 -1.95312500e-02
    -8.20312500e-02 -8.20312500e-02  7.81250000e-03 -7.03125000e-02
     0.00000000e+00  1.17187500e-02 -3.12500000e-02 -7.81250000e-03
    -1.67968750e-01 -5.85937500e-02 -6.64062500e-02  3.51562500e-02
     5.07812500e-02 -8.59375000e-02 -5.07812500e-02 -1.48437500e-01
    -1.87500000e-01 -9.37500000e-02 -3.12500000e-02  3.51562500e-02
     7.81250000e-03  1.05468750e-01 -1.28906250e-01 -7.42187500e-02]
   [-4.68750000e-02 -1.09375000e-01  1.17187500e-02 -5.07812500e-02
    -3.51562500e-02 -7.81250000e-02 -1.83593750e-01 -1.95312500e-02
    -8.20312500e-02 -8.20312500e-02  7.81250000e-03 -7.03125000e-02
     0.00000000e+00  1.17187500e-02 -3.12500000e-02 -7.81250000e-03
    -1.67968750e-01 -5.85937500e-02 -6.64062500e-02  3.51562500e-02
     5.07812500e-02 -8.59375000e-02 -5.07812500e-02 -1.48437500e-01
    -1.87500000e-01 -9.37500000e-02 -3.12500000e-02  3.51562500e-02
     7.81250000e-03  1.05468750e-01 -1.28906250e-01 -7.42187500e-02]
   [-7.00683594e-02 -9.69238281e-02 -4.88281250e-03 -7.37304688e-02
    -4.51660156e-02 -4.68750000e-02 -1.27685547e-01 -3.19824219e-02
    -2.73437500e-02 -6.49414062e-02  2.02636719e-02 -5.83496094e-02
     2.78320312e-02  1.70898438e-02 -1.48925781e-02 -4.24804688e-02
    -1.51855469e-01 -5.61523438e-02 -6.56738281e-02  1.48925781e-02
     6.76269531e-02 -8.56933594e-02  2.19726562e-03 -1.43310547e-01
    -1.61865234e-01 -8.10546875e-02 -7.83691406e-02  1.80664062e-02
     9.76562500e-04  4.44335938e-02 -1.21337891e-01 -8.34960938e-02]
   [-9.61914062e-02 -9.37500000e-02 -5.66406250e-02 -2.27294922e-01
    -6.54296875e-02  7.49511719e-02  8.78906250e-02  1.07666016e-01
     8.71582031e-02 -3.24707031e-02 -2.44140625e-02 -1.01562500e-01
     1.07177734e-01 -2.34375000e-02  4.07714844e-02 -9.42382812e-02
    -1.29150391e-01 -2.58789062e-02  8.25195312e-02 -1.12060547e-01
     2.32910156e-01 -3.85742188e-02  2.66113281e-01 -1.07421875e-01
    -1.20361328e-01  9.76562500e-03 -3.25683594e-01  5.56640625e-02
    -6.56738281e-02 -3.28857422e-01 -1.36718750e-02 -8.10546875e-02]
   [-4.85839844e-02 -1.99462891e-01 -8.49609375e-02 -4.37500000e-01
    -3.73535156e-02  1.77734375e-01  5.12695312e-02  5.00000000e-01
    -1.31835938e-02 -7.56835938e-03 -3.05908203e-01 -4.37500000e-01
    -4.63867188e-02 -1.39892578e-01  7.66601562e-02  2.78808594e-01
    -1.07421875e-01  7.56835938e-03  8.10546875e-02 -1.06201172e-01
     5.00000000e-01  6.34765625e-03  1.17675781e-01  7.73925781e-02
    -1.46484375e-01 -1.25000000e-01 -4.25537109e-01 -1.87988281e-02
    -4.37500000e-01 -4.37500000e-01  3.12500000e-02 -4.39453125e-02]
   [-6.25000000e-02 -1.10351562e-01 -1.69677734e-01 -4.37500000e-01
     7.37304688e-02 -1.02783203e-01 -1.80175781e-01  1.47705078e-01
    -2.12890625e-01 -2.04101562e-01 -1.62597656e-01 -1.34277344e-01
    -4.11376953e-01 -4.35302734e-01  2.78320312e-02  4.53125000e-01
     1.51367188e-01 -1.66748047e-01 -7.29980469e-02 -8.54492188e-03
    -1.33789062e-01  2.80029297e-01 -4.37500000e-01 -1.21093750e-01
    -2.34375000e-02 -2.29248047e-01 -3.66943359e-01 -1.05468750e-01
    -4.37500000e-01 -2.25097656e-01 -3.54003906e-02  6.03027344e-02]
   [-4.66308594e-02  5.24902344e-02 -2.72216797e-01 -2.66113281e-02
     3.17382812e-02 -3.99414062e-01 -2.89550781e-01 -4.37500000e-01
    -4.56542969e-02 -4.25781250e-01  2.81005859e-01  4.40429688e-01
    -4.37500000e-01 -4.37500000e-01 -3.81835938e-01  6.32324219e-02
     3.04931641e-01 -3.00292969e-02 -1.03759766e-01 -2.40966797e-01
    -4.37500000e-01  3.18603516e-01 -4.37500000e-01 -2.36328125e-01
    -1.69189453e-01 -1.92871094e-02 -2.37304688e-01 -3.74023438e-01
    -3.58398438e-01 -4.37500000e-01 -3.12500000e-02  3.00537109e-01]
   [-2.24609375e-02  3.29589844e-02  5.02929688e-02  2.96875000e-01
    -2.03613281e-01 -1.37939453e-01 -1.72363281e-01 -2.15820312e-01
    -6.81152344e-02 -1.50390625e-01  2.68554688e-01  1.16455078e-01
    -4.37500000e-01 -4.37500000e-01 -4.07470703e-01 -3.49609375e-01
     3.50341797e-01  2.89306641e-01 -3.14941406e-02 -4.37500000e-01
    -4.37500000e-01 -6.34765625e-03 -2.50488281e-01 -2.51464844e-01
    -1.04736328e-01  8.27636719e-02  8.69140625e-02 -4.37500000e-01
     1.25244141e-01 -3.75244141e-01 -5.37109375e-03  1.15722656e-01]
   [-9.42382812e-02 -1.04248047e-01  7.61718750e-02  1.09863281e-01
    -1.76513672e-01 -1.03271484e-01 -1.57226562e-01 -7.69042969e-02
    -9.30175781e-02 -9.61914062e-02  1.27929688e-01  3.24707031e-02
    -3.63281250e-01 -1.70654297e-01 -1.41845703e-01 -1.45751953e-01
     5.12695312e-03  1.39404297e-01  1.90429688e-02 -2.91015625e-01
    -2.32910156e-01 -7.47070312e-02  1.70898438e-02 -3.32031250e-02
    -1.44531250e-01 -3.63769531e-02  4.00390625e-02 -8.66699219e-02
     2.37060547e-01 -8.42285156e-02 -1.35498047e-01 -5.66406250e-02]
   [-5.59082031e-02 -1.11328125e-01  9.03320312e-03 -5.44433594e-02
    -4.12597656e-02 -7.27539062e-02 -1.69189453e-01 -3.10058594e-02
    -6.95800781e-02 -8.54492188e-02  1.92871094e-02 -6.61621094e-02
    -2.83203125e-02  4.88281250e-03 -3.12500000e-02 -1.12304688e-02
    -1.59179688e-01 -2.85644531e-02 -6.10351562e-02  1.36718750e-02
     3.14941406e-02 -9.39941406e-02 -3.68652344e-02 -1.28906250e-01
    -1.79443359e-01 -1.01074219e-01 -2.78320312e-02  3.12500000e-02
     3.24707031e-02  7.42187500e-02 -1.23535156e-01 -7.08007812e-02]
   [-4.68750000e-02 -1.09375000e-01  1.17187500e-02 -5.07812500e-02
    -3.51562500e-02 -7.81250000e-02 -1.83593750e-01 -1.95312500e-02
    -8.20312500e-02 -8.20312500e-02  7.81250000e-03 -7.03125000e-02
     0.00000000e+00  1.17187500e-02 -3.12500000e-02 -7.81250000e-03
    -1.67968750e-01 -5.85937500e-02 -6.64062500e-02  3.51562500e-02
     5.07812500e-02 -8.59375000e-02 -5.07812500e-02 -1.48437500e-01
    -1.87500000e-01 -9.37500000e-02 -3.12500000e-02  3.51562500e-02
     7.81250000e-03  1.05468750e-01 -1.28906250e-01 -7.42187500e-02]]

  [[-4.68750000e-02 -1.09375000e-01  1.17187500e-02 -5.07812500e-02
    -3.51562500e-02 -7.81250000e-02 -1.83593750e-01 -1.95312500e-02
    -8.20312500e-02 -8.20312500e-02  7.81250000e-03 -7.03125000e-02
     0.00000000e+00  1.17187500e-02 -3.12500000e-02 -7.81250000e-03
    -1.67968750e-01 -5.85937500e-02 -6.64062500e-02  3.51562500e-02
     5.07812500e-02 -8.59375000e-02 -5.07812500e-02 -1.48437500e-01
    -1.87500000e-01 -9.37500000e-02 -3.12500000e-02  3.51562500e-02
     7.81250000e-03  1.05468750e-01 -1.28906250e-01 -7.42187500e-02]
   [-4.68750000e-02 -1.09375000e-01  1.17187500e-02 -5.07812500e-02
    -3.51562500e-02 -7.81250000e-02 -1.83593750e-01 -1.95312500e-02
    -8.20312500e-02 -8.20312500e-02  7.81250000e-03 -7.03125000e-02
     0.00000000e+00  1.17187500e-02 -3.12500000e-02 -7.81250000e-03
    -1.67968750e-01 -5.85937500e-02 -6.64062500e-02  3.51562500e-02
     5.07812500e-02 -8.59375000e-02 -5.07812500e-02 -1.48437500e-01
    -1.87500000e-01 -9.37500000e-02 -3.12500000e-02  3.51562500e-02
     7.81250000e-03  1.05468750e-01 -1.28906250e-01 -7.42187500e-02]
   [-9.32617188e-02 -9.54589844e-02 -3.12500000e-02 -1.39648438e-01
    -8.83789062e-02  2.27050781e-02 -8.05664062e-03  4.32128906e-02
     3.58886719e-02 -3.14941406e-02  8.54492188e-03 -3.39355469e-02
     5.12695312e-02 -8.54492188e-03  4.51660156e-02 -8.74023438e-02
    -1.35253906e-01 -1.92871094e-02 -1.61132812e-02 -6.20117188e-02
     1.65527344e-01 -6.34765625e-02  1.33789062e-01 -1.27441406e-01
    -1.47949219e-01 -5.34667969e-02 -1.96044922e-01 -1.34277344e-02
    -6.83593750e-03 -1.67480469e-01 -6.59179688e-02 -7.61718750e-02]
   [-1.25000000e-01 -1.67236328e-01 -5.46875000e-02 -4.26269531e-01
    -2.39257812e-02  1.09375000e-01  1.38427734e-01  3.75732422e-01
     8.66699219e-02  4.85839844e-02 -1.92626953e-01 -4.12597656e-01
    -1.44042969e-02 -1.56250000e-02  1.05468750e-01 -1.29394531e-02
    -1.29638672e-01 -7.56835938e-03  6.27441406e-02 -2.02636719e-01
     4.65087891e-01 -3.17382812e-02  1.94580078e-01  2.90527344e-02
    -1.70410156e-01 -2.24609375e-02 -4.37500000e-01  5.46875000e-02
    -2.91503906e-01 -4.37500000e-01 -2.41699219e-02 -1.01318359e-01]
   [-1.63330078e-01 -7.78808594e-02 -8.88671875e-02 -4.37500000e-01
     2.88085938e-02  8.12988281e-02 -1.51367188e-02  4.33593750e-01
    -1.98242188e-01  6.10351562e-03 -2.54882812e-01 -4.37500000e-01
    -3.41796875e-01 -3.57910156e-01  2.13623047e-01  3.80615234e-01
     1.31835938e-01 -1.21093750e-01 -1.44775391e-01 -2.09960938e-02
     3.28125000e-01  1.45019531e-01 -4.37500000e-01  2.92968750e-02
    -1.78710938e-01 -2.61474609e-01 -3.40820312e-01 -7.44628906e-02
    -4.37500000e-01 -3.33740234e-01  4.54101562e-02  5.85937500e-03]
   [-7.27539062e-02  1.71386719e-01 -3.19824219e-01 -3.73291016e-01
     7.00683594e-02 -2.32177734e-01 -3.45214844e-01 -2.69042969e-01
    -1.02050781e-01 -4.29931641e-01  1.24023438e-01  2.26074219e-01
    -4.37500000e-01 -4.02343750e-01 -3.03955078e-01  3.22509766e-01
     2.80029297e-01 -2.16308594e-01 -9.86328125e-02  2.44140625e-04
    -4.37500000e-01  4.11132812e-01 -4.37500000e-01 -7.49511719e-02
    -4.17480469e-02 -1.00097656e-01 -2.62451172e-01 -2.39501953e-01
    -4.02832031e-01 -2.98828125e-01  4.12597656e-02  2.89062500e-01]
   [ 7.08007812e-03  2.08251953e-01 -2.61962891e-01  3.16162109e-01
    -1.19873047e-01 -2.34863281e-01 -2.11425781e-01 -4.30175781e-01
     4.10156250e-02 -3.21777344e-01  1.76757812e-01  1.09375000e-01
    -4.37500000e-01 -4.37500000e-01 -4.37500000e-01 -3.04443359e-01
     4.42626953e-01  3.58154297e-01  1.00097656e-02 -3.67187500e-01
    -4.37500000e-01  1.44042969e-01 -4.37500000e-01 -3.59619141e-01
    -2.44140625e-02  1.60644531e-01  1.09863281e-01 -4.37500000e-01
    -5.56640625e-02 -4.37500000e-01  1.09375000e-01  2.60742188e-01]
   [-4.10156250e-02 -6.37207031e-02  4.83398438e-02  1.36718750e-01
    -2.60009766e-01 -1.30615234e-01 -1.43066406e-01 -1.17675781e-01
    -9.59472656e-02 -1.34521484e-01  1.70410156e-01  5.20019531e-02
    -4.37500000e-01 -3.53027344e-01 -2.23632812e-01 -2.17773438e-01
     1.66992188e-01  2.43896484e-01 -8.30078125e-03 -3.40332031e-01
    -3.82568359e-01 -4.02832031e-02  2.44140625e-04 -1.65527344e-01
    -1.17187500e-01  3.78417969e-02  6.73828125e-02 -1.86035156e-01
     2.52197266e-01 -1.83593750e-01 -9.39941406e-02 -3.66210938e-02]
   [-7.51953125e-02 -1.16943359e-01  3.41796875e-02 -1.22070312e-02
    -8.17871094e-02 -4.93164062e-02 -1.30859375e-01 -6.07910156e-02
    -4.07714844e-02 -1.01318359e-01  6.59179688e-02 -2.31933594e-02
    -1.47705078e-01 -3.56445312e-02 -2.85644531e-02 -2.97851562e-02
    -1.23535156e-01  5.68847656e-02 -2.53906250e-02 -9.54589844e-02
    -5.32226562e-02 -8.81347656e-02  2.41699219e-02 -4.56542969e-02
    -1.76757812e-01 -9.79003906e-02 -3.05175781e-02  2.17285156e-02
     1.67236328e-01 -1.78222656e-02 -1.29394531e-01 -5.81054688e-02]
   [-4.68750000e-02 -1.09375000e-01  1.17187500e-02 -5.07812500e-02
    -3.51562500e-02 -7.81250000e-02 -1.83593750e-01 -1.95312500e-02
    -8.20312500e-02 -8.20312500e-02  7.81250000e-03 -7.03125000e-02
     0.00000000e+00  1.17187500e-02 -3.12500000e-02 -7.81250000e-03
    -1.67968750e-01 -5.85937500e-02 -6.64062500e-02  3.51562500e-02
     5.07812500e-02 -8.59375000e-02 -5.07812500e-02 -1.48437500e-01
    -1.87500000e-01 -9.37500000e-02 -3.12500000e-02  3.51562500e-02
     7.81250000e-03  1.05468750e-01 -1.28906250e-01 -7.42187500e-02]
   [-4.68750000e-02 -1.09375000e-01  1.17187500e-02 -5.07812500e-02
    -3.51562500e-02 -7.81250000e-02 -1.83593750e-01 -1.95312500e-02
    -8.20312500e-02 -8.20312500e-02  7.81250000e-03 -7.03125000e-02
     0.00000000e+00  1.17187500e-02 -3.12500000e-02 -7.81250000e-03
    -1.67968750e-01 -5.85937500e-02 -6.64062500e-02  3.51562500e-02
     5.07812500e-02 -8.59375000e-02 -5.07812500e-02 -1.48437500e-01
    -1.87500000e-01 -9.37500000e-02 -3.12500000e-02  3.51562500e-02
     7.81250000e-03  1.05468750e-01 -1.28906250e-01 -7.42187500e-02]]

  [[-4.68750000e-02 -1.09375000e-01  1.17187500e-02 -5.07812500e-02
    -3.51562500e-02 -7.81250000e-02 -1.83593750e-01 -1.95312500e-02
    -8.20312500e-02 -8.20312500e-02  7.81250000e-03 -7.03125000e-02
     0.00000000e+00  1.17187500e-02 -3.12500000e-02 -7.81250000e-03
    -1.67968750e-01 -5.85937500e-02 -6.64062500e-02  3.51562500e-02
     5.07812500e-02 -8.59375000e-02 -5.07812500e-02 -1.48437500e-01
    -1.87500000e-01 -9.37500000e-02 -3.12500000e-02  3.51562500e-02
     7.81250000e-03  1.05468750e-01 -1.28906250e-01 -7.42187500e-02]
   [-4.68750000e-02 -1.09375000e-01  1.17187500e-02 -5.07812500e-02
    -3.51562500e-02 -7.81250000e-02 -1.83593750e-01 -1.95312500e-02
    -8.20312500e-02 -8.20312500e-02  7.81250000e-03 -7.03125000e-02
     0.00000000e+00  1.17187500e-02 -3.12500000e-02 -7.81250000e-03
    -1.67968750e-01 -5.85937500e-02 -6.64062500e-02  3.51562500e-02
     5.07812500e-02 -8.59375000e-02 -5.07812500e-02 -1.48437500e-01
    -1.87500000e-01 -9.37500000e-02 -3.12500000e-02  3.51562500e-02
     7.81250000e-03  1.05468750e-01 -1.28906250e-01 -7.42187500e-02]
   [-4.58984375e-02 -1.92138672e-01 -8.00781250e-02 -2.10449219e-01
     3.24707031e-02 -4.17480469e-02  1.60400391e-01  1.26464844e-01
     5.71289062e-02  2.19726562e-02 -1.40869141e-01 -1.70166016e-01
     3.34472656e-02 -1.31835938e-01  9.03320312e-02 -9.47265625e-02
    -1.80908203e-01  1.92871094e-02  2.95410156e-02 -1.31103516e-01
     2.30712891e-01  5.61523438e-03  3.32519531e-01 -1.86279297e-01
    -2.22900391e-01 -1.00097656e-01 -2.69775391e-01  7.27539062e-02
    -1.37451172e-01 -4.37500000e-01 -7.44628906e-02 -3.44238281e-02]
   [-7.91015625e-02 -3.01269531e-01 -1.12304688e-01 -4.37500000e-01
     2.25097656e-01 -1.29394531e-02  1.97998047e-01  3.70117188e-01
     2.34375000e-02  1.26220703e-01 -3.00781250e-01 -4.37500000e-01
    -6.27441406e-02 -1.62841797e-01  3.29345703e-01  1.63574219e-01
    -1.04736328e-01 -1.53320312e-01  3.34472656e-02 -3.56201172e-01
     3.05419922e-01 -1.46484375e-02  1.00830078e-01 -1.59912109e-01
    -2.83447266e-01 -2.38037109e-01 -3.61328125e-01  2.12890625e-01
    -4.37500000e-01 -4.37500000e-01 -1.15478516e-01  4.56542969e-02]
   [-5.88378906e-02 -1.55273438e-01 -1.90917969e-01 -4.37500000e-01
     2.72460938e-01 -2.15820312e-01 -3.36914062e-02  7.08007812e-03
    -3.12500000e-01 -1.28173828e-01  1.69677734e-01  4.54101562e-02
    -4.37500000e-01 -4.37500000e-01  3.54003906e-01  2.03857422e-01
     1.43554688e-01 -2.44140625e-01  9.05761719e-02 -2.70996094e-01
    -2.06298828e-01  4.12597656e-02 -4.37500000e-01 -2.20458984e-01
    -2.14355469e-01 -2.30224609e-01 -2.27050781e-02 -2.61230469e-02
    -4.37500000e-01 -4.37500000e-01  1.24511719e-02  5.83496094e-02]
   [-1.24511719e-01  3.17382812e-03 -1.71386719e-01  6.73828125e-02
     1.13769531e-01 -2.19482422e-01 -4.07714844e-01 -4.01123047e-01
    -7.69042969e-02 -3.57421875e-01  4.68261719e-01  4.21386719e-01
    -4.37500000e-01 -4.37500000e-01 -2.77587891e-01 -2.78320312e-02
     1.86523438e-01  1.15478516e-01  9.22851562e-02 -3.58642578e-01
    -4.37500000e-01 -8.42285156e-02 -4.37500000e-01 -1.59667969e-01
    -1.94091797e-01  1.01806641e-01  1.04248047e-01 -4.37500000e-01
    -1.28906250e-01 -4.37500000e-01 -8.42285156e-02  2.45605469e-01]
   [-1.24755859e-01  1.05712891e-01  6.44531250e-02  3.76220703e-01
    -2.24853516e-01 -1.58447266e-01 -2.25585938e-01 -1.33300781e-01
    -1.14501953e-01 -1.02783203e-01  2.71484375e-01  2.17285156e-01
    -4.37500000e-01 -4.37500000e-01 -4.17236328e-01 -4.36523438e-01
     3.54980469e-01  4.08447266e-01  1.13525391e-01 -4.37500000e-01
    -4.37500000e-01 -8.37402344e-02 -2.85888672e-01 -3.02490234e-01
    -4.24804688e-02  1.38183594e-01  8.34960938e-02 -4.37500000e-01
     6.32324219e-02 -2.01904297e-01  5.66406250e-02  4.68750000e-02]
   [-9.44824219e-02 -9.49707031e-02  4.37011719e-02  4.61425781e-02
    -1.52832031e-01 -9.08203125e-02 -1.33789062e-01 -8.71582031e-02
    -4.00390625e-02 -1.13037109e-01  7.56835938e-02  1.09863281e-02
    -2.49267578e-01 -1.06201172e-01 -9.44824219e-02 -1.08886719e-01
    -2.56347656e-02  1.41601562e-01  4.88281250e-04 -1.97753906e-01
    -1.71142578e-01 -6.73828125e-02  3.90625000e-03 -7.32421875e-02
    -1.34521484e-01 -6.90917969e-02 -1.14746094e-02 -6.68945312e-02
     1.72119141e-01 -4.22363281e-02 -9.47265625e-02 -5.54199219e-02]
   [-5.20019531e-02 -1.10595703e-01  1.00097656e-02 -5.32226562e-02
    -3.90625000e-02 -7.49511719e-02 -1.75292969e-01 -2.61230469e-02
    -7.44628906e-02 -8.42285156e-02  1.46484375e-02 -6.78710938e-02
    -1.68457031e-02  7.32421875e-03 -3.14941406e-02 -9.76562500e-03
    -1.62841797e-01 -4.05273438e-02 -6.32324219e-02  2.24609375e-02
     3.90625000e-02 -9.05761719e-02 -4.24804688e-02 -1.36718750e-01
    -1.82861328e-01 -9.81445312e-02 -2.90527344e-02  3.29589844e-02
     2.31933594e-02  8.69140625e-02 -1.25976562e-01 -7.20214844e-02]
   [-4.68750000e-02 -1.09375000e-01  1.17187500e-02 -5.07812500e-02
    -3.51562500e-02 -7.81250000e-02 -1.83593750e-01 -1.95312500e-02
    -8.20312500e-02 -8.20312500e-02  7.81250000e-03 -7.03125000e-02
     0.00000000e+00  1.17187500e-02 -3.12500000e-02 -7.81250000e-03
    -1.67968750e-01 -5.85937500e-02 -6.64062500e-02  3.51562500e-02
     5.07812500e-02 -8.59375000e-02 -5.07812500e-02 -1.48437500e-01
    -1.87500000e-01 -9.37500000e-02 -3.12500000e-02  3.51562500e-02
     7.81250000e-03  1.05468750e-01 -1.28906250e-01 -7.42187500e-02]
   [-4.68750000e-02 -1.09375000e-01  1.17187500e-02 -5.07812500e-02
    -3.51562500e-02 -7.81250000e-02 -1.83593750e-01 -1.95312500e-02
    -8.20312500e-02 -8.20312500e-02  7.81250000e-03 -7.03125000e-02
     0.00000000e+00  1.17187500e-02 -3.12500000e-02 -7.81250000e-03
    -1.67968750e-01 -5.85937500e-02 -6.64062500e-02  3.51562500e-02
     5.07812500e-02 -8.59375000e-02 -5.07812500e-02 -1.48437500e-01
    -1.87500000e-01 -9.37500000e-02 -3.12500000e-02  3.51562500e-02
     7.81250000e-03  1.05468750e-01 -1.28906250e-01 -7.42187500e-02]]]], shape=(1, 11, 11, 32), dtype=float32)

--- Layer: activation_1 (Quantized Output) ---
tf.Tensor(
[[[[0.00000000e+00 0.00000000e+00 0.00000000e+00 0.00000000e+00
    0.00000000e+00 0.00000000e+00 0.00000000e+00 0.00000000e+00
    1.14746094e-02 0.00000000e+00 2.46582031e-02 0.00000000e+00
    7.20214844e-02 4.07714844e-02 0.00000000e+00 0.00000000e+00
    0.00000000e+00 0.00000000e+00 0.00000000e+00 3.00292969e-02
    5.34667969e-02 0.00000000e+00 3.93066406e-02 0.00000000e+00
    0.00000000e+00 0.00000000e+00 0.00000000e+00 1.14746094e-02
    0.00000000e+00 5.12695312e-02 0.00000000e+00 0.00000000e+00]
   [0.00000000e+00 0.00000000e+00 0.00000000e+00 0.00000000e+00
    0.00000000e+00 5.12695312e-03 0.00000000e+00 0.00000000e+00
    6.25000000e-02 0.00000000e+00 1.14746094e-02 0.00000000e+00
    1.79199219e-01 1.29394531e-01 0.00000000e+00 0.00000000e+00
    0.00000000e+00 0.00000000e+00 0.00000000e+00 1.24267578e-01
    0.00000000e+00 0.00000000e+00 1.24755859e-01 0.00000000e+00
    0.00000000e+00 7.81250000e-03 0.00000000e+00 5.56640625e-02
    0.00000000e+00 1.61376953e-01 0.00000000e+00 0.00000000e+00]
   [2.92968750e-03 0.00000000e+00 0.00000000e+00 0.00000000e+00
    0.00000000e+00 7.08007812e-03 0.00000000e+00 0.00000000e+00
    1.73339844e-02 0.00000000e+00 0.00000000e+00 0.00000000e+00
    2.48779297e-01 3.05175781e-02 0.00000000e+00 0.00000000e+00
    0.00000000e+00 0.00000000e+00 4.46777344e-02 2.23144531e-01
    0.00000000e+00 0.00000000e+00 0.00000000e+00 0.00000000e+00
    0.00000000e+00 9.03320312e-03 0.00000000e+00 2.85644531e-02
    0.00000000e+00 3.17138672e-01 0.00000000e+00 0.00000000e+00]
   [1.41601562e-02 0.00000000e+00 0.00000000e+00 0.00000000e+00
    0.00000000e+00 0.00000000e+00 0.00000000e+00 0.00000000e+00
    0.00000000e+00 0.00000000e+00 0.00000000e+00 0.00000000e+00
    1.96777344e-01 0.00000000e+00 0.00000000e+00 0.00000000e+00
    0.00000000e+00 0.00000000e+00 6.49414062e-02 2.18505859e-01
    0.00000000e+00 0.00000000e+00 0.00000000e+00 0.00000000e+00
    0.00000000e+00 0.00000000e+00 0.00000000e+00 0.00000000e+00
    0.00000000e+00 3.86474609e-01 2.17285156e-02 0.00000000e+00]
   [0.00000000e+00 0.00000000e+00 0.00000000e+00 0.00000000e+00
    0.00000000e+00 0.00000000e+00 0.00000000e+00 0.00000000e+00
    0.00000000e+00 0.00000000e+00 0.00000000e+00 0.00000000e+00
    9.05761719e-02 0.00000000e+00 0.00000000e+00 0.00000000e+00
    0.00000000e+00 0.00000000e+00 0.00000000e+00 1.21337891e-01
    0.00000000e+00 0.00000000e+00 0.00000000e+00 0.00000000e+00
    0.00000000e+00 0.00000000e+00 0.00000000e+00 0.00000000e+00
    0.00000000e+00 2.76367188e-01 0.00000000e+00 0.00000000e+00]
   [0.00000000e+00 0.00000000e+00 0.00000000e+00 0.00000000e+00
    0.00000000e+00 0.00000000e+00 0.00000000e+00 0.00000000e+00
    0.00000000e+00 0.00000000e+00 0.00000000e+00 0.00000000e+00
    1.22070312e-02 0.00000000e+00 0.00000000e+00 0.00000000e+00
    0.00000000e+00 0.00000000e+00 0.00000000e+00 5.15136719e-02
    4.19921875e-02 0.00000000e+00 0.00000000e+00 0.00000000e+00
    0.00000000e+00 0.00000000e+00 0.00000000e+00 8.78906250e-03
    0.00000000e+00 1.46972656e-01 0.00000000e+00 0.00000000e+00]
   [0.00000000e+00 0.00000000e+00 1.17187500e-02 0.00000000e+00
    0.00000000e+00 0.00000000e+00 0.00000000e+00 0.00000000e+00
    0.00000000e+00 0.00000000e+00 7.81250000e-03 0.00000000e+00
    0.00000000e+00 1.17187500e-02 0.00000000e+00 0.00000000e+00
    0.00000000e+00 0.00000000e+00 0.00000000e+00 3.51562500e-02
    5.07812500e-02 0.00000000e+00 0.00000000e+00 0.00000000e+00
    0.00000000e+00 0.00000000e+00 0.00000000e+00 3.51562500e-02
    7.81250000e-03 1.05468750e-01 0.00000000e+00 0.00000000e+00]
   [0.00000000e+00 0.00000000e+00 1.17187500e-02 0.00000000e+00
    0.00000000e+00 0.00000000e+00 0.00000000e+00 0.00000000e+00
    0.00000000e+00 0.00000000e+00 7.81250000e-03 0.00000000e+00
    0.00000000e+00 1.17187500e-02 0.00000000e+00 0.00000000e+00
    0.00000000e+00 0.00000000e+00 0.00000000e+00 3.51562500e-02
    5.07812500e-02 0.00000000e+00 0.00000000e+00 0.00000000e+00
    0.00000000e+00 0.00000000e+00 0.00000000e+00 3.51562500e-02
    7.81250000e-03 1.05468750e-01 0.00000000e+00 0.00000000e+00]
   [0.00000000e+00 0.00000000e+00 1.17187500e-02 0.00000000e+00
    0.00000000e+00 0.00000000e+00 0.00000000e+00 0.00000000e+00
    0.00000000e+00 0.00000000e+00 7.81250000e-03 0.00000000e+00
    0.00000000e+00 1.17187500e-02 0.00000000e+00 0.00000000e+00
    0.00000000e+00 0.00000000e+00 0.00000000e+00 3.51562500e-02
    5.07812500e-02 0.00000000e+00 0.00000000e+00 0.00000000e+00
    0.00000000e+00 0.00000000e+00 0.00000000e+00 3.51562500e-02
    7.81250000e-03 1.05468750e-01 0.00000000e+00 0.00000000e+00]
   [0.00000000e+00 0.00000000e+00 1.17187500e-02 0.00000000e+00
    0.00000000e+00 0.00000000e+00 0.00000000e+00 0.00000000e+00
    0.00000000e+00 0.00000000e+00 7.81250000e-03 0.00000000e+00
    0.00000000e+00 1.17187500e-02 0.00000000e+00 0.00000000e+00
    0.00000000e+00 0.00000000e+00 0.00000000e+00 3.51562500e-02
    5.07812500e-02 0.00000000e+00 0.00000000e+00 0.00000000e+00
    0.00000000e+00 0.00000000e+00 0.00000000e+00 3.51562500e-02
    7.81250000e-03 1.05468750e-01 0.00000000e+00 0.00000000e+00]
   [0.00000000e+00 0.00000000e+00 1.17187500e-02 0.00000000e+00
    0.00000000e+00 0.00000000e+00 0.00000000e+00 0.00000000e+00
    0.00000000e+00 0.00000000e+00 7.81250000e-03 0.00000000e+00
    0.00000000e+00 1.17187500e-02 0.00000000e+00 0.00000000e+00
    0.00000000e+00 0.00000000e+00 0.00000000e+00 3.51562500e-02
    5.07812500e-02 0.00000000e+00 0.00000000e+00 0.00000000e+00
    0.00000000e+00 0.00000000e+00 0.00000000e+00 3.51562500e-02
    7.81250000e-03 1.05468750e-01 0.00000000e+00 0.00000000e+00]]

  [[0.00000000e+00 0.00000000e+00 0.00000000e+00 0.00000000e+00
    0.00000000e+00 2.78320312e-02 6.39648438e-02 4.88281250e-03
    1.14501953e-01 0.00000000e+00 0.00000000e+00 0.00000000e+00
    1.52099609e-01 0.00000000e+00 4.51660156e-02 0.00000000e+00
    0.00000000e+00 0.00000000e+00 4.49218750e-02 0.00000000e+00
    1.62109375e-01 0.00000000e+00 3.12744141e-01 0.00000000e+00
    0.00000000e+00 0.00000000e+00 0.00000000e+00 2.80761719e-02
    0.00000000e+00 0.00000000e+00 0.00000000e+00 0.00000000e+00]
   [0.00000000e+00 0.00000000e+00 0.00000000e+00 0.00000000e+00
    1.43798828e-01 1.33300781e-01 0.00000000e+00 0.00000000e+00
    1.46484375e-01 0.00000000e+00 0.00000000e+00 0.00000000e+00
    4.62890625e-01 1.36230469e-01 0.00000000e+00 0.00000000e+00
    0.00000000e+00 0.00000000e+00 2.16552734e-01 4.22363281e-02
    5.39550781e-02 0.00000000e+00 3.70849609e-01 0.00000000e+00
    0.00000000e+00 1.41113281e-01 0.00000000e+00 1.53808594e-02
    0.00000000e+00 0.00000000e+00 0.00000000e+00 0.00000000e+00]
   [0.00000000e+00 0.00000000e+00 0.00000000e+00 0.00000000e+00
    2.46826172e-01 2.05810547e-01 0.00000000e+00 0.00000000e+00
    9.22851562e-02 0.00000000e+00 0.00000000e+00 0.00000000e+00
    5.00000000e-01 0.00000000e+00 0.00000000e+00 0.00000000e+00
    0.00000000e+00 2.70996094e-02 2.38525391e-01 3.40820312e-01
    0.00000000e+00 0.00000000e+00 0.00000000e+00 0.00000000e+00
    0.00000000e+00 2.27294922e-01 0.00000000e+00 0.00000000e+00
    0.00000000e+00 2.63671875e-01 0.00000000e+00 0.00000000e+00]
   [0.00000000e+00 5.73730469e-02 0.00000000e+00 0.00000000e+00
    1.56738281e-01 8.47167969e-02 0.00000000e+00 0.00000000e+00
    1.40136719e-01 0.00000000e+00 0.00000000e+00 0.00000000e+00
    4.24316406e-01 0.00000000e+00 0.00000000e+00 0.00000000e+00
    0.00000000e+00 0.00000000e+00 2.45849609e-01 4.14306641e-01
    0.00000000e+00 0.00000000e+00 0.00000000e+00 0.00000000e+00
    1.39404297e-01 2.74658203e-01 0.00000000e+00 0.00000000e+00
    0.00000000e+00 5.00000000e-01 1.12792969e-01 0.00000000e+00]
   [0.00000000e+00 1.60156250e-01 0.00000000e+00 0.00000000e+00
    3.75976562e-02 4.98046875e-02 0.00000000e+00 0.00000000e+00
    1.94580078e-01 0.00000000e+00 0.00000000e+00 0.00000000e+00
    3.60107422e-01 0.00000000e+00 0.00000000e+00 0.00000000e+00
    2.46582031e-02 4.49218750e-02 2.80761719e-01 4.11865234e-01
    0.00000000e+00 0.00000000e+00 0.00000000e+00 0.00000000e+00
    1.46728516e-01 2.53173828e-01 0.00000000e+00 0.00000000e+00
    0.00000000e+00 5.00000000e-01 1.53320312e-01 0.00000000e+00]
   [5.59082031e-02 1.61621094e-01 0.00000000e+00 0.00000000e+00
    3.46679688e-02 1.01074219e-01 0.00000000e+00 0.00000000e+00
    1.31347656e-01 0.00000000e+00 0.00000000e+00 0.00000000e+00
    5.00000000e-01 0.00000000e+00 0.00000000e+00 0.00000000e+00
    2.19726562e-02 3.14941406e-02 2.73681641e-01 4.39941406e-01
    0.00000000e+00 0.00000000e+00 0.00000000e+00 0.00000000e+00
    1.05712891e-01 2.10449219e-01 0.00000000e+00 0.00000000e+00
    0.00000000e+00 5.00000000e-01 1.45507812e-01 0.00000000e+00]
   [3.46679688e-02 1.38671875e-01 0.00000000e+00 0.00000000e+00
    3.02734375e-02 1.47949219e-01 0.00000000e+00 0.00000000e+00
    1.32812500e-01 0.00000000e+00 0.00000000e+00 0.00000000e+00
    5.00000000e-01 0.00000000e+00 0.00000000e+00 0.00000000e+00
    1.22070312e-03 2.68554688e-03 2.44628906e-01 4.47265625e-01
    0.00000000e+00 0.00000000e+00 0.00000000e+00 0.00000000e+00
    9.00878906e-02 1.86523438e-01 0.00000000e+00 0.00000000e+00
    0.00000000e+00 4.92675781e-01 9.74121094e-02 0.00000000e+00]
   [3.56445312e-02 1.21826172e-01 0.00000000e+00 0.00000000e+00
    2.31933594e-02 1.42578125e-01 0.00000000e+00 0.00000000e+00
    8.78906250e-02 0.00000000e+00 0.00000000e+00 0.00000000e+00
    5.00000000e-01 0.00000000e+00 0.00000000e+00 0.00000000e+00
    6.83593750e-03 4.34570312e-02 2.69775391e-01 4.94140625e-01
    0.00000000e+00 0.00000000e+00 0.00000000e+00 0.00000000e+00
    9.71679688e-02 1.89208984e-01 0.00000000e+00 0.00000000e+00
    0.00000000e+00 5.00000000e-01 1.22802734e-01 0.00000000e+00]
   [8.12988281e-02 5.15136719e-02 0.00000000e+00 0.00000000e+00
    0.00000000e+00 2.36816406e-02 0.00000000e+00 0.00000000e+00
    0.00000000e+00 0.00000000e+00 0.00000000e+00 0.00000000e+00
    4.09179688e-01 0.00000000e+00 0.00000000e+00 4.54101562e-02
    0.00000000e+00 1.13525391e-01 2.56835938e-01 5.00000000e-01
    0.00000000e+00 0.00000000e+00 0.00000000e+00 0.00000000e+00
    9.76562500e-02 1.32568359e-01 0.00000000e+00 0.00000000e+00
    0.00000000e+00 5.00000000e-01 1.13769531e-01 0.00000000e+00]
   [7.12890625e-02 0.00000000e+00 0.00000000e+00 0.00000000e+00
    0.00000000e+00 0.00000000e+00 0.00000000e+00 5.12695312e-03
    0.00000000e+00 0.00000000e+00 0.00000000e+00 0.00000000e+00
    2.23144531e-01 0.00000000e+00 0.00000000e+00 2.53906250e-02
    0.00000000e+00 1.12060547e-01 1.47216797e-01 3.37402344e-01
    0.00000000e+00 0.00000000e+00 0.00000000e+00 0.00000000e+00
    2.49023438e-02 4.37011719e-02 0.00000000e+00 0.00000000e+00
    0.00000000e+00 5.00000000e-01 1.26953125e-01 0.00000000e+00]
   [4.56542969e-02 0.00000000e+00 0.00000000e+00 6.34765625e-03
    0.00000000e+00 0.00000000e+00 0.00000000e+00 4.39453125e-03
    0.00000000e+00 0.00000000e+00 0.00000000e+00 0.00000000e+00
    7.64160156e-02 0.00000000e+00 0.00000000e+00 0.00000000e+00
    0.00000000e+00 8.30078125e-03 2.92968750e-03 1.28417969e-01
    4.88281250e-04 0.00000000e+00 0.00000000e+00 0.00000000e+00
    0.00000000e+00 0.00000000e+00 0.00000000e+00 0.00000000e+00
    0.00000000e+00 3.23242188e-01 4.63867188e-02 0.00000000e+00]]

  [[0.00000000e+00 0.00000000e+00 0.00000000e+00 0.00000000e+00
    1.01074219e-01 0.00000000e+00 1.43554688e-01 8.91113281e-02
    5.05371094e-02 0.00000000e+00 0.00000000e+00 0.00000000e+00
    4.41894531e-02 0.00000000e+00 0.00000000e+00 0.00000000e+00
    0.00000000e+00 4.66308594e-02 4.07714844e-02 0.00000000e+00
    2.06054688e-01 0.00000000e+00 2.31445312e-01 0.00000000e+00
    0.00000000e+00 0.00000000e+00 0.00000000e+00 2.32177734e-01
    0.00000000e+00 0.00000000e+00 0.00000000e+00 0.00000000e+00]
   [3.34472656e-02 0.00000000e+00 0.00000000e+00 0.00000000e+00
    3.05908203e-01 0.00000000e+00 3.00292969e-02 2.92968750e-02
    4.54101562e-02 0.00000000e+00 0.00000000e+00 0.00000000e+00
    2.22656250e-01 0.00000000e+00 0.00000000e+00 0.00000000e+00
    0.00000000e+00 0.00000000e+00 1.20117188e-01 0.00000000e+00
    1.38916016e-01 0.00000000e+00 0.00000000e+00 0.00000000e+00
    0.00000000e+00 4.41894531e-02 0.00000000e+00 3.16894531e-01
    0.00000000e+00 0.00000000e+00 0.00000000e+00 0.00000000e+00]
   [0.00000000e+00 0.00000000e+00 0.00000000e+00 0.00000000e+00
    5.00000000e-01 0.00000000e+00 0.00000000e+00 0.00000000e+00
    1.46484375e-02 0.00000000e+00 0.00000000e+00 0.00000000e+00
    6.64062500e-02 0.00000000e+00 0.00000000e+00 0.00000000e+00
    0.00000000e+00 0.00000000e+00 2.54150391e-01 0.00000000e+00
    4.07714844e-02 0.00000000e+00 0.00000000e+00 0.00000000e+00
    0.00000000e+00 1.33056641e-01 3.07617188e-02 0.00000000e+00
    0.00000000e+00 0.00000000e+00 0.00000000e+00 0.00000000e+00]
   [0.00000000e+00 0.00000000e+00 8.83789062e-02 0.00000000e+00
    5.00000000e-01 0.00000000e+00 0.00000000e+00 4.58984375e-02
    0.00000000e+00 0.00000000e+00 0.00000000e+00 0.00000000e+00
    0.00000000e+00 0.00000000e+00 0.00000000e+00 0.00000000e+00
    0.00000000e+00 0.00000000e+00 3.85009766e-01 0.00000000e+00
    0.00000000e+00 0.00000000e+00 0.00000000e+00 0.00000000e+00
    0.00000000e+00 2.42431641e-01 1.45751953e-01 0.00000000e+00
    0.00000000e+00 0.00000000e+00 0.00000000e+00 0.00000000e+00]
   [0.00000000e+00 0.00000000e+00 4.71191406e-02 0.00000000e+00
    5.00000000e-01 0.00000000e+00 0.00000000e+00 8.27636719e-02
    0.00000000e+00 0.00000000e+00 0.00000000e+00 0.00000000e+00
    9.27734375e-02 0.00000000e+00 0.00000000e+00 0.00000000e+00
    0.00000000e+00 0.00000000e+00 4.39941406e-01 0.00000000e+00
    0.00000000e+00 0.00000000e+00 0.00000000e+00 0.00000000e+00
    0.00000000e+00 2.49511719e-01 1.89697266e-01 0.00000000e+00
    0.00000000e+00 0.00000000e+00 0.00000000e+00 0.00000000e+00]
   [0.00000000e+00 0.00000000e+00 0.00000000e+00 0.00000000e+00
    5.00000000e-01 0.00000000e+00 0.00000000e+00 5.61523438e-02
    0.00000000e+00 0.00000000e+00 0.00000000e+00 0.00000000e+00
    2.94433594e-01 0.00000000e+00 0.00000000e+00 0.00000000e+00
    0.00000000e+00 0.00000000e+00 4.02343750e-01 0.00000000e+00
    0.00000000e+00 0.00000000e+00 0.00000000e+00 0.00000000e+00
    0.00000000e+00 2.74169922e-01 1.40136719e-01 0.00000000e+00
    0.00000000e+00 0.00000000e+00 0.00000000e+00 0.00000000e+00]
   [0.00000000e+00 0.00000000e+00 0.00000000e+00 0.00000000e+00
    4.43603516e-01 0.00000000e+00 0.00000000e+00 6.78710938e-02
    0.00000000e+00 0.00000000e+00 0.00000000e+00 0.00000000e+00
    3.80859375e-01 0.00000000e+00 0.00000000e+00 0.00000000e+00
    0.00000000e+00 0.00000000e+00 3.50585938e-01 0.00000000e+00
    0.00000000e+00 0.00000000e+00 0.00000000e+00 0.00000000e+00
    0.00000000e+00 2.72705078e-01 6.27441406e-02 0.00000000e+00
    0.00000000e+00 0.00000000e+00 0.00000000e+00 0.00000000e+00]
   [0.00000000e+00 0.00000000e+00 0.00000000e+00 0.00000000e+00
    3.30078125e-01 4.15039062e-03 0.00000000e+00 1.22070312e-01
    0.00000000e+00 0.00000000e+00 0.00000000e+00 0.00000000e+00
    2.64160156e-01 0.00000000e+00 1.83105469e-02 0.00000000e+00
    0.00000000e+00 0.00000000e+00 3.75732422e-01 0.00000000e+00
    2.03125000e-01 0.00000000e+00 0.00000000e+00 0.00000000e+00
    0.00000000e+00 3.30078125e-01 9.47265625e-02 0.00000000e+00
    0.00000000e+00 0.00000000e+00 0.00000000e+00 0.00000000e+00]
   [0.00000000e+00 0.00000000e+00 0.00000000e+00 0.00000000e+00
    1.14990234e-01 0.00000000e+00 0.00000000e+00 2.07519531e-02
    0.00000000e+00 0.00000000e+00 0.00000000e+00 0.00000000e+00
    2.05078125e-02 0.00000000e+00 0.00000000e+00 0.00000000e+00
    0.00000000e+00 6.44531250e-02 2.59277344e-01 4.00390625e-02
    0.00000000e+00 0.00000000e+00 0.00000000e+00 0.00000000e+00
    0.00000000e+00 2.12158203e-01 0.00000000e+00 0.00000000e+00
    0.00000000e+00 5.00000000e-01 0.00000000e+00 0.00000000e+00]
   [0.00000000e+00 0.00000000e+00 0.00000000e+00 1.94824219e-01
    0.00000000e+00 0.00000000e+00 0.00000000e+00 0.00000000e+00
    2.75878906e-02 0.00000000e+00 0.00000000e+00 0.00000000e+00
    0.00000000e+00 0.00000000e+00 0.00000000e+00 0.00000000e+00
    0.00000000e+00 1.01074219e-01 1.50390625e-01 7.03125000e-02
    0.00000000e+00 0.00000000e+00 0.00000000e+00 0.00000000e+00
    8.10546875e-02 1.71142578e-01 0.00000000e+00 0.00000000e+00
    0.00000000e+00 5.00000000e-01 0.00000000e+00 8.83789062e-02]
   [0.00000000e+00 0.00000000e+00 0.00000000e+00 1.88964844e-01
    0.00000000e+00 0.00000000e+00 0.00000000e+00 6.34765625e-03
    0.00000000e+00 0.00000000e+00 0.00000000e+00 0.00000000e+00
    0.00000000e+00 0.00000000e+00 0.00000000e+00 0.00000000e+00
    0.00000000e+00 1.03515625e-01 5.98144531e-02 0.00000000e+00
    0.00000000e+00 0.00000000e+00 0.00000000e+00 0.00000000e+00
    0.00000000e+00 0.00000000e+00 0.00000000e+00 0.00000000e+00
    0.00000000e+00 3.93066406e-01 1.51123047e-01 0.00000000e+00]]

  [[1.70898438e-02 0.00000000e+00 9.81445312e-02 0.00000000e+00
    1.48925781e-02 0.00000000e+00 0.00000000e+00 5.85937500e-03
    0.00000000e+00 0.00000000e+00 0.00000000e+00 0.00000000e+00
    0.00000000e+00 1.86767578e-01 0.00000000e+00 4.10156250e-02
    0.00000000e+00 8.98437500e-02 0.00000000e+00 0.00000000e+00
    1.43554688e-01 0.00000000e+00 0.00000000e+00 0.00000000e+00
    0.00000000e+00 0.00000000e+00 0.00000000e+00 2.46337891e-01
    0.00000000e+00 0.00000000e+00 0.00000000e+00 0.00000000e+00]
   [2.29980469e-01 0.00000000e+00 3.39111328e-01 0.00000000e+00
    6.25000000e-02 0.00000000e+00 0.00000000e+00 0.00000000e+00
    0.00000000e+00 0.00000000e+00 1.06201172e-01 0.00000000e+00
    0.00000000e+00 4.04052734e-01 0.00000000e+00 0.00000000e+00
    3.41796875e-03 0.00000000e+00 0.00000000e+00 0.00000000e+00
    0.00000000e+00 0.00000000e+00 0.00000000e+00 0.00000000e+00
    0.00000000e+00 0.00000000e+00 0.00000000e+00 5.00000000e-01
    0.00000000e+00 0.00000000e+00 0.00000000e+00 0.00000000e+00]
   [3.12255859e-01 0.00000000e+00 5.00000000e-01 0.00000000e+00
    2.43164062e-01 7.71484375e-02 0.00000000e+00 0.00000000e+00
    1.01562500e-01 0.00000000e+00 1.64306641e-01 0.00000000e+00
    0.00000000e+00 0.00000000e+00 0.00000000e+00 0.00000000e+00
    0.00000000e+00 0.00000000e+00 0.00000000e+00 0.00000000e+00
    0.00000000e+00 0.00000000e+00 0.00000000e+00 1.22802734e-01
    1.83349609e-01 0.00000000e+00 1.66748047e-01 5.00000000e-01
    0.00000000e+00 0.00000000e+00 0.00000000e+00 0.00000000e+00]
   [3.65966797e-01 0.00000000e+00 5.00000000e-01 0.00000000e+00
    2.65136719e-01 0.00000000e+00 0.00000000e+00 0.00000000e+00
    4.93164062e-02 2.78320312e-02 1.45751953e-01 0.00000000e+00
    0.00000000e+00 0.00000000e+00 0.00000000e+00 5.20019531e-02
    0.00000000e+00 0.00000000e+00 0.00000000e+00 0.00000000e+00
    0.00000000e+00 0.00000000e+00 0.00000000e+00 1.30126953e-01
    1.87500000e-01 0.00000000e+00 1.27929688e-01 4.89013672e-01
    0.00000000e+00 0.00000000e+00 0.00000000e+00 2.39257812e-02]
   [4.09179688e-01 0.00000000e+00 5.00000000e-01 0.00000000e+00
    3.45214844e-01 0.00000000e+00 0.00000000e+00 0.00000000e+00
    4.71191406e-02 1.07421875e-02 1.95068359e-01 0.00000000e+00
    0.00000000e+00 0.00000000e+00 0.00000000e+00 9.13085938e-02
    0.00000000e+00 0.00000000e+00 0.00000000e+00 0.00000000e+00
    0.00000000e+00 0.00000000e+00 0.00000000e+00 1.94824219e-01
    5.83496094e-02 0.00000000e+00 5.34667969e-02 4.37255859e-01
    0.00000000e+00 0.00000000e+00 0.00000000e+00 2.75878906e-02]
   [3.46191406e-01 0.00000000e+00 5.00000000e-01 0.00000000e+00
    3.90136719e-01 0.00000000e+00 0.00000000e+00 0.00000000e+00
    8.52050781e-02 7.47070312e-02 2.70263672e-01 0.00000000e+00
    0.00000000e+00 0.00000000e+00 0.00000000e+00 3.49121094e-02
    0.00000000e+00 0.00000000e+00 0.00000000e+00 0.00000000e+00
    0.00000000e+00 0.00000000e+00 0.00000000e+00 1.91650391e-01
    3.46679688e-02 0.00000000e+00 0.00000000e+00 2.92724609e-01
    0.00000000e+00 0.00000000e+00 0.00000000e+00 3.66210938e-02]
   [2.96142578e-01 0.00000000e+00 5.00000000e-01 0.00000000e+00
    2.59521484e-01 1.12792969e-01 0.00000000e+00 4.63867188e-03
    1.94580078e-01 1.22802734e-01 3.00537109e-01 0.00000000e+00
    0.00000000e+00 0.00000000e+00 0.00000000e+00 0.00000000e+00
    0.00000000e+00 0.00000000e+00 1.53808594e-02 0.00000000e+00
    1.54541016e-01 0.00000000e+00 0.00000000e+00 2.61230469e-01
    1.22070312e-01 0.00000000e+00 0.00000000e+00 2.15820312e-01
    0.00000000e+00 0.00000000e+00 0.00000000e+00 6.49414062e-02]
   [2.40234375e-01 0.00000000e+00 4.93652344e-01 0.00000000e+00
    2.00439453e-01 1.89941406e-01 0.00000000e+00 2.44628906e-01
    0.00000000e+00 4.54101562e-02 6.76269531e-02 0.00000000e+00
    0.00000000e+00 0.00000000e+00 0.00000000e+00 1.87744141e-01
    0.00000000e+00 0.00000000e+00 1.47460938e-01 0.00000000e+00
    2.89062500e-01 0.00000000e+00 0.00000000e+00 3.56445312e-01
    1.76757812e-01 0.00000000e+00 0.00000000e+00 1.41845703e-01
    0.00000000e+00 0.00000000e+00 0.00000000e+00 2.09960938e-02]
   [2.61230469e-02 0.00000000e+00 1.13525391e-01 0.00000000e+00
    1.38183594e-01 0.00000000e+00 0.00000000e+00 0.00000000e+00
    0.00000000e+00 0.00000000e+00 0.00000000e+00 9.39941406e-02
    0.00000000e+00 0.00000000e+00 0.00000000e+00 4.21875000e-01
    4.07714844e-02 0.00000000e+00 2.01171875e-01 0.00000000e+00
    0.00000000e+00 0.00000000e+00 0.00000000e+00 7.37304688e-02
    9.13085938e-02 0.00000000e+00 0.00000000e+00 0.00000000e+00
    0.00000000e+00 0.00000000e+00 0.00000000e+00 1.02539062e-01]
   [0.00000000e+00 0.00000000e+00 0.00000000e+00 5.00000000e-01
    7.56835938e-02 0.00000000e+00 0.00000000e+00 0.00000000e+00
    0.00000000e+00 0.00000000e+00 0.00000000e+00 2.76855469e-01
    0.00000000e+00 0.00000000e+00 0.00000000e+00 1.48925781e-02
    2.27050781e-02 2.19726562e-02 1.81396484e-01 0.00000000e+00
    0.00000000e+00 5.71289062e-02 0.00000000e+00 0.00000000e+00
    0.00000000e+00 6.95800781e-02 0.00000000e+00 0.00000000e+00
    0.00000000e+00 2.40966797e-01 0.00000000e+00 2.34130859e-01]
   [0.00000000e+00 0.00000000e+00 1.17919922e-01 3.64257812e-01
    0.00000000e+00 0.00000000e+00 0.00000000e+00 3.88183594e-02
    0.00000000e+00 0.00000000e+00 3.68652344e-02 1.95312500e-02
    0.00000000e+00 0.00000000e+00 0.00000000e+00 0.00000000e+00
    5.10253906e-02 1.39160156e-01 1.36230469e-01 0.00000000e+00
    0.00000000e+00 0.00000000e+00 0.00000000e+00 0.00000000e+00
    0.00000000e+00 1.26953125e-02 0.00000000e+00 0.00000000e+00
    0.00000000e+00 2.00683594e-01 0.00000000e+00 4.02832031e-02]]

  [[1.13281250e-01 0.00000000e+00 2.58789062e-02 0.00000000e+00
    0.00000000e+00 0.00000000e+00 0.00000000e+00 5.61523438e-02
    0.00000000e+00 0.00000000e+00 8.86230469e-02 0.00000000e+00
    0.00000000e+00 3.37890625e-01 0.00000000e+00 0.00000000e+00
    0.00000000e+00 0.00000000e+00 0.00000000e+00 3.66210938e-02
    2.44140625e-04 0.00000000e+00 1.73339844e-02 0.00000000e+00
    0.00000000e+00 0.00000000e+00 0.00000000e+00 1.51855469e-01
    3.58886719e-02 0.00000000e+00 0.00000000e+00 0.00000000e+00]
   [2.10449219e-01 0.00000000e+00 2.24609375e-02 0.00000000e+00
    0.00000000e+00 6.29882812e-02 2.68554688e-03 9.47265625e-02
    0.00000000e+00 0.00000000e+00 1.40380859e-01 0.00000000e+00
    0.00000000e+00 5.00000000e-01 0.00000000e+00 0.00000000e+00
    0.00000000e+00 0.00000000e+00 0.00000000e+00 2.14355469e-01
    0.00000000e+00 0.00000000e+00 0.00000000e+00 0.00000000e+00
    0.00000000e+00 0.00000000e+00 7.71484375e-02 1.65039062e-01
    2.11914062e-01 0.00000000e+00 0.00000000e+00 0.00000000e+00]
   [2.08496094e-01 0.00000000e+00 4.41894531e-02 0.00000000e+00
    0.00000000e+00 1.61376953e-01 3.75976562e-02 4.73632812e-02
    0.00000000e+00 4.05273438e-02 9.35058594e-02 0.00000000e+00
    0.00000000e+00 5.00000000e-01 0.00000000e+00 6.44531250e-02
    0.00000000e+00 9.42382812e-02 0.00000000e+00 2.72949219e-01
    0.00000000e+00 0.00000000e+00 0.00000000e+00 0.00000000e+00
    7.08007812e-03 0.00000000e+00 2.17773438e-01 2.05078125e-01
    3.23486328e-01 0.00000000e+00 0.00000000e+00 0.00000000e+00]
   [1.94824219e-01 0.00000000e+00 0.00000000e+00 0.00000000e+00
    0.00000000e+00 8.34960938e-02 4.58984375e-02 9.76562500e-03
    0.00000000e+00 2.92968750e-03 1.17187500e-01 0.00000000e+00
    0.00000000e+00 5.00000000e-01 0.00000000e+00 1.28906250e-01
    0.00000000e+00 9.71679688e-02 0.00000000e+00 3.10791016e-01
    0.00000000e+00 0.00000000e+00 0.00000000e+00 0.00000000e+00
    5.41992188e-02 0.00000000e+00 1.74072266e-01 2.91992188e-01
    3.76220703e-01 0.00000000e+00 0.00000000e+00 0.00000000e+00]
   [2.26562500e-01 0.00000000e+00 3.78417969e-02 0.00000000e+00
    0.00000000e+00 1.09130859e-01 0.00000000e+00 0.00000000e+00
    0.00000000e+00 7.32421875e-03 1.38183594e-01 0.00000000e+00
    0.00000000e+00 5.00000000e-01 0.00000000e+00 1.24023438e-01
    0.00000000e+00 7.25097656e-02 0.00000000e+00 3.59619141e-01
    0.00000000e+00 0.00000000e+00 0.00000000e+00 0.00000000e+00
    6.27441406e-02 0.00000000e+00 2.26806641e-01 3.17382812e-01
    3.79150391e-01 0.00000000e+00 0.00000000e+00 0.00000000e+00]
   [1.79443359e-01 0.00000000e+00 1.95312500e-02 0.00000000e+00
    0.00000000e+00 2.12402344e-01 1.68212891e-01 0.00000000e+00
    0.00000000e+00 7.71484375e-02 1.56250000e-01 0.00000000e+00
    0.00000000e+00 4.80957031e-01 0.00000000e+00 8.78906250e-03
    0.00000000e+00 1.03271484e-01 0.00000000e+00 2.87841797e-01
    0.00000000e+00 0.00000000e+00 1.11816406e-01 5.37109375e-03
    1.02294922e-01 0.00000000e+00 9.83886719e-02 2.40966797e-01
    3.62548828e-01 0.00000000e+00 0.00000000e+00 0.00000000e+00]
   [1.58203125e-01 0.00000000e+00 0.00000000e+00 0.00000000e+00
    0.00000000e+00 4.18457031e-01 3.14453125e-01 2.80273438e-01
    0.00000000e+00 7.56835938e-02 0.00000000e+00 0.00000000e+00
    0.00000000e+00 3.37646484e-01 0.00000000e+00 1.67968750e-01
    0.00000000e+00 9.81445312e-02 0.00000000e+00 3.20068359e-01
    4.80957031e-02 0.00000000e+00 3.07617188e-01 1.88476562e-01
    8.32519531e-02 0.00000000e+00 0.00000000e+00 1.73339844e-01
    1.91650391e-01 0.00000000e+00 0.00000000e+00 1.87988281e-02]
   [0.00000000e+00 0.00000000e+00 0.00000000e+00 0.00000000e+00
    0.00000000e+00 1.41601562e-01 1.30859375e-01 1.68701172e-01
    0.00000000e+00 2.27050781e-02 0.00000000e+00 0.00000000e+00
    0.00000000e+00 0.00000000e+00 0.00000000e+00 5.00000000e-01
    2.61230469e-02 1.48925781e-02 0.00000000e+00 2.44140625e-01
    0.00000000e+00 0.00000000e+00 0.00000000e+00 4.63867188e-02
    3.09570312e-01 0.00000000e+00 0.00000000e+00 3.00292969e-02
    0.00000000e+00 0.00000000e+00 0.00000000e+00 0.00000000e+00]
   [0.00000000e+00 1.05468750e-01 0.00000000e+00 0.00000000e+00
    0.00000000e+00 0.00000000e+00 0.00000000e+00 0.00000000e+00
    1.24511719e-02 0.00000000e+00 7.49511719e-02 4.56787109e-01
    0.00000000e+00 0.00000000e+00 0.00000000e+00 3.99169922e-01
    2.34130859e-01 0.00000000e+00 1.07421875e-02 0.00000000e+00
    0.00000000e+00 2.02636719e-01 0.00000000e+00 0.00000000e+00
    2.56591797e-01 0.00000000e+00 0.00000000e+00 0.00000000e+00
    0.00000000e+00 0.00000000e+00 0.00000000e+00 8.27636719e-02]
   [0.00000000e+00 5.71289062e-02 0.00000000e+00 5.00000000e-01
    0.00000000e+00 0.00000000e+00 0.00000000e+00 0.00000000e+00
    2.73437500e-02 0.00000000e+00 1.66992188e-01 3.10302734e-01
    0.00000000e+00 0.00000000e+00 0.00000000e+00 0.00000000e+00
    2.89306641e-01 1.99462891e-01 4.24804688e-02 0.00000000e+00
    0.00000000e+00 8.74023438e-02 0.00000000e+00 0.00000000e+00
    0.00000000e+00 0.00000000e+00 0.00000000e+00 0.00000000e+00
    0.00000000e+00 0.00000000e+00 4.85839844e-02 1.23535156e-01]
   [0.00000000e+00 0.00000000e+00 1.02539062e-01 2.31689453e-01
    0.00000000e+00 0.00000000e+00 0.00000000e+00 0.00000000e+00
    0.00000000e+00 0.00000000e+00 7.66601562e-02 4.61425781e-02
    0.00000000e+00 0.00000000e+00 0.00000000e+00 0.00000000e+00
    0.00000000e+00 1.11816406e-01 8.98437500e-02 0.00000000e+00
    0.00000000e+00 0.00000000e+00 0.00000000e+00 0.00000000e+00
    0.00000000e+00 0.00000000e+00 1.53808594e-02 0.00000000e+00
    2.03857422e-01 0.00000000e+00 0.00000000e+00 0.00000000e+00]]

  [[0.00000000e+00 0.00000000e+00 1.17187500e-02 0.00000000e+00
    0.00000000e+00 0.00000000e+00 0.00000000e+00 0.00000000e+00
    0.00000000e+00 0.00000000e+00 7.81250000e-03 0.00000000e+00
    0.00000000e+00 1.17187500e-02 0.00000000e+00 0.00000000e+00
    0.00000000e+00 0.00000000e+00 0.00000000e+00 3.51562500e-02
    5.07812500e-02 0.00000000e+00 0.00000000e+00 0.00000000e+00
    0.00000000e+00 0.00000000e+00 0.00000000e+00 3.51562500e-02
    7.81250000e-03 1.05468750e-01 0.00000000e+00 0.00000000e+00]
   [0.00000000e+00 0.00000000e+00 1.17187500e-02 0.00000000e+00
    0.00000000e+00 0.00000000e+00 0.00000000e+00 0.00000000e+00
    0.00000000e+00 0.00000000e+00 7.81250000e-03 0.00000000e+00
    0.00000000e+00 1.17187500e-02 0.00000000e+00 0.00000000e+00
    0.00000000e+00 0.00000000e+00 0.00000000e+00 3.51562500e-02
    5.07812500e-02 0.00000000e+00 0.00000000e+00 0.00000000e+00
    0.00000000e+00 0.00000000e+00 0.00000000e+00 3.51562500e-02
    7.81250000e-03 1.05468750e-01 0.00000000e+00 0.00000000e+00]
   [0.00000000e+00 0.00000000e+00 1.36718750e-02 0.00000000e+00
    0.00000000e+00 0.00000000e+00 0.00000000e+00 0.00000000e+00
    0.00000000e+00 0.00000000e+00 1.29394531e-02 0.00000000e+00
    0.00000000e+00 2.63671875e-02 0.00000000e+00 0.00000000e+00
    0.00000000e+00 0.00000000e+00 0.00000000e+00 3.71093750e-02
    5.00488281e-02 0.00000000e+00 0.00000000e+00 0.00000000e+00
    0.00000000e+00 0.00000000e+00 0.00000000e+00 4.34570312e-02
    1.02539062e-02 9.25292969e-02 0.00000000e+00 0.00000000e+00]
   [0.00000000e+00 0.00000000e+00 1.29394531e-02 0.00000000e+00
    0.00000000e+00 0.00000000e+00 0.00000000e+00 0.00000000e+00
    0.00000000e+00 0.00000000e+00 3.73535156e-02 0.00000000e+00
    0.00000000e+00 9.64355469e-02 0.00000000e+00 0.00000000e+00
    0.00000000e+00 0.00000000e+00 0.00000000e+00 4.88281250e-02
    2.73437500e-02 0.00000000e+00 0.00000000e+00 0.00000000e+00
    0.00000000e+00 0.00000000e+00 0.00000000e+00 6.93359375e-02
    3.10058594e-02 3.63769531e-02 0.00000000e+00 0.00000000e+00]
   [0.00000000e+00 0.00000000e+00 7.08007812e-03 0.00000000e+00
    0.00000000e+00 0.00000000e+00 0.00000000e+00 0.00000000e+00
    0.00000000e+00 0.00000000e+00 6.66503906e-02 0.00000000e+00
    0.00000000e+00 1.42333984e-01 0.00000000e+00 0.00000000e+00
    0.00000000e+00 0.00000000e+00 0.00000000e+00 6.76269531e-02
    0.00000000e+00 0.00000000e+00 1.00097656e-02 0.00000000e+00
    0.00000000e+00 0.00000000e+00 0.00000000e+00 7.37304688e-02
    6.17675781e-02 0.00000000e+00 0.00000000e+00 0.00000000e+00]
   [0.00000000e+00 0.00000000e+00 0.00000000e+00 0.00000000e+00
    0.00000000e+00 9.91210938e-02 1.79687500e-01 2.32666016e-01
    4.88281250e-02 4.17480469e-02 0.00000000e+00 0.00000000e+00
    0.00000000e+00 7.76367188e-02 1.46484375e-02 0.00000000e+00
    0.00000000e+00 2.92968750e-02 0.00000000e+00 0.00000000e+00
    2.21435547e-01 0.00000000e+00 2.37548828e-01 0.00000000e+00
    0.00000000e+00 0.00000000e+00 0.00000000e+00 8.27636719e-02
    0.00000000e+00 0.00000000e+00 0.00000000e+00 0.00000000e+00]
   [0.00000000e+00 0.00000000e+00 0.00000000e+00 0.00000000e+00
    0.00000000e+00 9.91210938e-02 7.66601562e-02 4.71435547e-01
    0.00000000e+00 3.71093750e-02 0.00000000e+00 0.00000000e+00
    0.00000000e+00 0.00000000e+00 2.36328125e-01 3.76220703e-01
    0.00000000e+00 0.00000000e+00 0.00000000e+00 0.00000000e+00
    4.58007812e-01 0.00000000e+00 0.00000000e+00 1.13037109e-01
    0.00000000e+00 0.00000000e+00 0.00000000e+00 0.00000000e+00
    0.00000000e+00 0.00000000e+00 0.00000000e+00 1.87988281e-02]
   [0.00000000e+00 0.00000000e+00 0.00000000e+00 0.00000000e+00
    0.00000000e+00 0.00000000e+00 0.00000000e+00 0.00000000e+00
    0.00000000e+00 0.00000000e+00 2.14843750e-02 2.20458984e-01
    0.00000000e+00 0.00000000e+00 7.81250000e-02 4.59472656e-01
    1.74316406e-01 0.00000000e+00 0.00000000e+00 0.00000000e+00
    0.00000000e+00 2.84179688e-01 0.00000000e+00 0.00000000e+00
    0.00000000e+00 0.00000000e+00 0.00000000e+00 0.00000000e+00
    0.00000000e+00 0.00000000e+00 0.00000000e+00 1.58691406e-01]
   [0.00000000e+00 1.58203125e-01 0.00000000e+00 2.01171875e-01
    0.00000000e+00 0.00000000e+00 0.00000000e+00 0.00000000e+00
    6.76269531e-02 0.00000000e+00 2.48291016e-01 3.34472656e-01
    0.00000000e+00 0.00000000e+00 0.00000000e+00 0.00000000e+00
    3.24462891e-01 1.74072266e-01 0.00000000e+00 0.00000000e+00
    0.00000000e+00 1.54052734e-01 0.00000000e+00 0.00000000e+00
    0.00000000e+00 1.37939453e-01 0.00000000e+00 0.00000000e+00
    0.00000000e+00 0.00000000e+00 2.00195312e-02 3.08593750e-01]
   [0.00000000e+00 0.00000000e+00 6.10351562e-02 2.43896484e-01
    0.00000000e+00 0.00000000e+00 0.00000000e+00 0.00000000e+00
    0.00000000e+00 0.00000000e+00 1.95312500e-01 1.07421875e-01
    0.00000000e+00 0.00000000e+00 0.00000000e+00 0.00000000e+00
    2.52685547e-01 3.28857422e-01 5.37109375e-03 0.00000000e+00
    0.00000000e+00 0.00000000e+00 0.00000000e+00 0.00000000e+00
    0.00000000e+00 8.66699219e-02 5.51757812e-02 0.00000000e+00
    1.80908203e-01 0.00000000e+00 0.00000000e+00 2.90527344e-02]
   [0.00000000e+00 0.00000000e+00 4.88281250e-02 2.36816406e-02
    0.00000000e+00 0.00000000e+00 0.00000000e+00 0.00000000e+00
    0.00000000e+00 0.00000000e+00 7.71484375e-02 0.00000000e+00
    0.00000000e+00 0.00000000e+00 0.00000000e+00 0.00000000e+00
    0.00000000e+00 7.66601562e-02 0.00000000e+00 0.00000000e+00
    0.00000000e+00 0.00000000e+00 3.19824219e-02 0.00000000e+00
    0.00000000e+00 0.00000000e+00 0.00000000e+00 9.76562500e-04
    1.84326172e-01 0.00000000e+00 0.00000000e+00 0.00000000e+00]]

  [[0.00000000e+00 0.00000000e+00 1.17187500e-02 0.00000000e+00
    0.00000000e+00 0.00000000e+00 0.00000000e+00 0.00000000e+00
    0.00000000e+00 0.00000000e+00 7.81250000e-03 0.00000000e+00
    0.00000000e+00 1.17187500e-02 0.00000000e+00 0.00000000e+00
    0.00000000e+00 0.00000000e+00 0.00000000e+00 3.51562500e-02
    5.07812500e-02 0.00000000e+00 0.00000000e+00 0.00000000e+00
    0.00000000e+00 0.00000000e+00 0.00000000e+00 3.51562500e-02
    7.81250000e-03 1.05468750e-01 0.00000000e+00 0.00000000e+00]
   [0.00000000e+00 0.00000000e+00 1.17187500e-02 0.00000000e+00
    0.00000000e+00 0.00000000e+00 0.00000000e+00 0.00000000e+00
    0.00000000e+00 0.00000000e+00 7.81250000e-03 0.00000000e+00
    0.00000000e+00 1.17187500e-02 0.00000000e+00 0.00000000e+00
    0.00000000e+00 0.00000000e+00 0.00000000e+00 3.51562500e-02
    5.07812500e-02 0.00000000e+00 0.00000000e+00 0.00000000e+00
    0.00000000e+00 0.00000000e+00 0.00000000e+00 3.51562500e-02
    7.81250000e-03 1.05468750e-01 0.00000000e+00 0.00000000e+00]
   [0.00000000e+00 0.00000000e+00 1.17187500e-02 0.00000000e+00
    0.00000000e+00 0.00000000e+00 0.00000000e+00 0.00000000e+00
    0.00000000e+00 0.00000000e+00 7.81250000e-03 0.00000000e+00
    0.00000000e+00 1.17187500e-02 0.00000000e+00 0.00000000e+00
    0.00000000e+00 0.00000000e+00 0.00000000e+00 3.51562500e-02
    5.07812500e-02 0.00000000e+00 0.00000000e+00 0.00000000e+00
    0.00000000e+00 0.00000000e+00 0.00000000e+00 3.51562500e-02
    7.81250000e-03 1.05468750e-01 0.00000000e+00 0.00000000e+00]
   [0.00000000e+00 0.00000000e+00 9.03320312e-03 0.00000000e+00
    0.00000000e+00 0.00000000e+00 0.00000000e+00 0.00000000e+00
    0.00000000e+00 0.00000000e+00 9.03320312e-03 0.00000000e+00
    5.37109375e-03 1.36718750e-02 0.00000000e+00 0.00000000e+00
    0.00000000e+00 0.00000000e+00 0.00000000e+00 3.39355469e-02
    5.27343750e-02 0.00000000e+00 0.00000000e+00 0.00000000e+00
    0.00000000e+00 0.00000000e+00 0.00000000e+00 3.32031250e-02
    6.59179688e-03 9.86328125e-02 0.00000000e+00 0.00000000e+00]
   [0.00000000e+00 0.00000000e+00 0.00000000e+00 0.00000000e+00
    0.00000000e+00 2.85644531e-02 0.00000000e+00 2.85644531e-02
    4.37011719e-02 0.00000000e+00 1.80664062e-02 0.00000000e+00
    7.66601562e-02 1.85546875e-02 2.51464844e-02 0.00000000e+00
    0.00000000e+00 0.00000000e+00 0.00000000e+00 0.00000000e+00
    1.47460938e-01 0.00000000e+00 1.45507812e-01 0.00000000e+00
    0.00000000e+00 0.00000000e+00 0.00000000e+00 4.88281250e-04
    0.00000000e+00 0.00000000e+00 0.00000000e+00 0.00000000e+00]
   [0.00000000e+00 0.00000000e+00 0.00000000e+00 0.00000000e+00
    0.00000000e+00 1.57226562e-01 1.22558594e-01 3.38867188e-01
    4.39453125e-02 0.00000000e+00 0.00000000e+00 0.00000000e+00
    0.00000000e+00 0.00000000e+00 7.15332031e-02 8.42285156e-02
    0.00000000e+00 5.68847656e-02 6.59179688e-02 0.00000000e+00
    4.47021484e-01 9.27734375e-03 2.45605469e-01 6.37207031e-02
    0.00000000e+00 0.00000000e+00 0.00000000e+00 8.78906250e-03
    0.00000000e+00 0.00000000e+00 0.00000000e+00 0.00000000e+00]
   [0.00000000e+00 0.00000000e+00 0.00000000e+00 0.00000000e+00
    0.00000000e+00 5.49316406e-02 0.00000000e+00 2.81982422e-01
    0.00000000e+00 0.00000000e+00 0.00000000e+00 0.00000000e+00
    0.00000000e+00 0.00000000e+00 1.28417969e-01 4.17236328e-01
    1.50146484e-01 0.00000000e+00 0.00000000e+00 7.91015625e-02
    0.00000000e+00 1.10351562e-01 0.00000000e+00 0.00000000e+00
    0.00000000e+00 0.00000000e+00 0.00000000e+00 2.24609375e-02
    0.00000000e+00 0.00000000e+00 4.46777344e-02 1.61132812e-02]
   [0.00000000e+00 1.31103516e-01 0.00000000e+00 0.00000000e+00
    6.76269531e-02 0.00000000e+00 0.00000000e+00 0.00000000e+00
    0.00000000e+00 0.00000000e+00 2.12402344e-01 3.87695312e-01
    0.00000000e+00 0.00000000e+00 0.00000000e+00 2.25097656e-01
    2.72949219e-01 0.00000000e+00 0.00000000e+00 0.00000000e+00
    0.00000000e+00 2.92480469e-01 0.00000000e+00 0.00000000e+00
    0.00000000e+00 0.00000000e+00 0.00000000e+00 0.00000000e+00
    0.00000000e+00 0.00000000e+00 5.56640625e-02 2.05566406e-01]
   [0.00000000e+00 1.19873047e-01 0.00000000e+00 3.42041016e-01
    0.00000000e+00 0.00000000e+00 0.00000000e+00 0.00000000e+00
    0.00000000e+00 0.00000000e+00 2.55126953e-01 1.58935547e-01
    0.00000000e+00 0.00000000e+00 0.00000000e+00 0.00000000e+00
    4.09667969e-01 3.21044922e-01 0.00000000e+00 0.00000000e+00
    0.00000000e+00 3.10058594e-02 0.00000000e+00 0.00000000e+00
    0.00000000e+00 9.05761719e-02 9.13085938e-02 0.00000000e+00
    7.29980469e-02 0.00000000e+00 8.56933594e-02 1.23291016e-01]
   [0.00000000e+00 0.00000000e+00 7.56835938e-02 1.25000000e-01
    0.00000000e+00 0.00000000e+00 0.00000000e+00 0.00000000e+00
    0.00000000e+00 0.00000000e+00 1.26220703e-01 5.27343750e-02
    0.00000000e+00 0.00000000e+00 0.00000000e+00 0.00000000e+00
    3.56445312e-02 1.61865234e-01 2.29492188e-02 0.00000000e+00
    0.00000000e+00 0.00000000e+00 1.12304688e-02 0.00000000e+00
    0.00000000e+00 0.00000000e+00 6.49414062e-02 0.00000000e+00
    2.38525391e-01 0.00000000e+00 0.00000000e+00 0.00000000e+00]
   [0.00000000e+00 0.00000000e+00 1.90429688e-02 0.00000000e+00
    0.00000000e+00 0.00000000e+00 0.00000000e+00 0.00000000e+00
    0.00000000e+00 0.00000000e+00 2.34375000e-02 0.00000000e+00
    0.00000000e+00 4.63867188e-03 0.00000000e+00 0.00000000e+00
    0.00000000e+00 0.00000000e+00 0.00000000e+00 2.19726562e-03
    1.90429688e-02 0.00000000e+00 0.00000000e+00 0.00000000e+00
    0.00000000e+00 0.00000000e+00 0.00000000e+00 3.32031250e-02
    5.93261719e-02 6.22558594e-02 0.00000000e+00 0.00000000e+00]]

  [[0.00000000e+00 0.00000000e+00 1.17187500e-02 0.00000000e+00
    0.00000000e+00 0.00000000e+00 0.00000000e+00 0.00000000e+00
    0.00000000e+00 0.00000000e+00 7.81250000e-03 0.00000000e+00
    0.00000000e+00 1.17187500e-02 0.00000000e+00 0.00000000e+00
    0.00000000e+00 0.00000000e+00 0.00000000e+00 3.51562500e-02
    5.07812500e-02 0.00000000e+00 0.00000000e+00 0.00000000e+00
    0.00000000e+00 0.00000000e+00 0.00000000e+00 3.51562500e-02
    7.81250000e-03 1.05468750e-01 0.00000000e+00 0.00000000e+00]
   [0.00000000e+00 0.00000000e+00 1.17187500e-02 0.00000000e+00
    0.00000000e+00 0.00000000e+00 0.00000000e+00 0.00000000e+00
    0.00000000e+00 0.00000000e+00 7.81250000e-03 0.00000000e+00
    0.00000000e+00 1.17187500e-02 0.00000000e+00 0.00000000e+00
    0.00000000e+00 0.00000000e+00 0.00000000e+00 3.51562500e-02
    5.07812500e-02 0.00000000e+00 0.00000000e+00 0.00000000e+00
    0.00000000e+00 0.00000000e+00 0.00000000e+00 3.51562500e-02
    7.81250000e-03 1.05468750e-01 0.00000000e+00 0.00000000e+00]
   [0.00000000e+00 0.00000000e+00 1.17187500e-02 0.00000000e+00
    0.00000000e+00 0.00000000e+00 0.00000000e+00 0.00000000e+00
    0.00000000e+00 0.00000000e+00 7.81250000e-03 0.00000000e+00
    0.00000000e+00 1.17187500e-02 0.00000000e+00 0.00000000e+00
    0.00000000e+00 0.00000000e+00 0.00000000e+00 3.51562500e-02
    5.07812500e-02 0.00000000e+00 0.00000000e+00 0.00000000e+00
    0.00000000e+00 0.00000000e+00 0.00000000e+00 3.51562500e-02
    7.81250000e-03 1.05468750e-01 0.00000000e+00 0.00000000e+00]
   [0.00000000e+00 0.00000000e+00 0.00000000e+00 0.00000000e+00
    0.00000000e+00 0.00000000e+00 0.00000000e+00 0.00000000e+00
    3.85742188e-02 0.00000000e+00 7.56835938e-03 0.00000000e+00
    6.73828125e-02 1.51367188e-02 2.73437500e-02 0.00000000e+00
    0.00000000e+00 0.00000000e+00 0.00000000e+00 0.00000000e+00
    1.04736328e-01 0.00000000e+00 8.12988281e-02 0.00000000e+00
    0.00000000e+00 0.00000000e+00 0.00000000e+00 0.00000000e+00
    0.00000000e+00 0.00000000e+00 0.00000000e+00 0.00000000e+00]
   [0.00000000e+00 0.00000000e+00 0.00000000e+00 0.00000000e+00
    0.00000000e+00 1.45263672e-01 1.13037109e-01 2.10937500e-01
    1.32568359e-01 0.00000000e+00 0.00000000e+00 0.00000000e+00
    1.32812500e-01 1.68457031e-02 1.36718750e-02 0.00000000e+00
    0.00000000e+00 0.00000000e+00 8.93554688e-02 0.00000000e+00
    2.81982422e-01 1.56250000e-02 3.53027344e-01 0.00000000e+00
    0.00000000e+00 1.90429688e-02 0.00000000e+00 5.39550781e-02
    0.00000000e+00 0.00000000e+00 0.00000000e+00 0.00000000e+00]
   [0.00000000e+00 0.00000000e+00 0.00000000e+00 0.00000000e+00
    3.02734375e-02 1.75292969e-01 4.61425781e-02 4.39697266e-01
    0.00000000e+00 0.00000000e+00 0.00000000e+00 0.00000000e+00
    0.00000000e+00 0.00000000e+00 4.15039062e-03 3.09082031e-01
    0.00000000e+00 0.00000000e+00 9.03320312e-02 0.00000000e+00
    3.78662109e-01 4.80957031e-02 0.00000000e+00 0.00000000e+00
    0.00000000e+00 0.00000000e+00 0.00000000e+00 0.00000000e+00
    0.00000000e+00 0.00000000e+00 0.00000000e+00 2.68554688e-03]
   [0.00000000e+00 0.00000000e+00 0.00000000e+00 0.00000000e+00
    4.49218750e-02 0.00000000e+00 0.00000000e+00 0.00000000e+00
    0.00000000e+00 0.00000000e+00 5.10253906e-02 3.96240234e-01
    0.00000000e+00 0.00000000e+00 0.00000000e+00 3.84277344e-01
    2.02148438e-01 0.00000000e+00 0.00000000e+00 0.00000000e+00
    0.00000000e+00 2.96142578e-01 0.00000000e+00 0.00000000e+00
    0.00000000e+00 0.00000000e+00 0.00000000e+00 0.00000000e+00
    0.00000000e+00 0.00000000e+00 0.00000000e+00 1.59423828e-01]
   [0.00000000e+00 1.40380859e-01 0.00000000e+00 2.16552734e-01
    0.00000000e+00 0.00000000e+00 0.00000000e+00 0.00000000e+00
    6.90917969e-02 0.00000000e+00 2.76123047e-01 2.92968750e-01
    0.00000000e+00 0.00000000e+00 0.00000000e+00 0.00000000e+00
    3.40332031e-01 1.69189453e-01 0.00000000e+00 0.00000000e+00
    0.00000000e+00 1.21093750e-01 0.00000000e+00 0.00000000e+00
    0.00000000e+00 1.31347656e-01 0.00000000e+00 0.00000000e+00
    0.00000000e+00 0.00000000e+00 7.00683594e-02 2.48779297e-01]
   [0.00000000e+00 0.00000000e+00 6.76269531e-02 2.20214844e-01
    0.00000000e+00 0.00000000e+00 0.00000000e+00 0.00000000e+00
    0.00000000e+00 0.00000000e+00 1.78955078e-01 9.83886719e-02
    0.00000000e+00 0.00000000e+00 0.00000000e+00 0.00000000e+00
    2.52197266e-01 3.32763672e-01 4.88281250e-03 0.00000000e+00
    0.00000000e+00 0.00000000e+00 0.00000000e+00 0.00000000e+00
    0.00000000e+00 5.15136719e-02 6.27441406e-02 0.00000000e+00
    1.83593750e-01 0.00000000e+00 0.00000000e+00 0.00000000e+00]
   [0.00000000e+00 0.00000000e+00 3.93066406e-02 3.90625000e-03
    0.00000000e+00 0.00000000e+00 0.00000000e+00 0.00000000e+00
    0.00000000e+00 0.00000000e+00 7.47070312e-02 0.00000000e+00
    0.00000000e+00 0.00000000e+00 0.00000000e+00 0.00000000e+00
    0.00000000e+00 6.68945312e-02 0.00000000e+00 0.00000000e+00
    0.00000000e+00 0.00000000e+00 2.83203125e-02 0.00000000e+00
    0.00000000e+00 0.00000000e+00 0.00000000e+00 1.22070312e-02
    1.88476562e-01 0.00000000e+00 0.00000000e+00 0.00000000e+00]
   [0.00000000e+00 0.00000000e+00 1.17187500e-02 0.00000000e+00
    0.00000000e+00 0.00000000e+00 0.00000000e+00 0.00000000e+00
    0.00000000e+00 0.00000000e+00 7.81250000e-03 0.00000000e+00
    0.00000000e+00 1.17187500e-02 0.00000000e+00 0.00000000e+00
    0.00000000e+00 0.00000000e+00 0.00000000e+00 3.51562500e-02
    5.07812500e-02 0.00000000e+00 0.00000000e+00 0.00000000e+00
    0.00000000e+00 0.00000000e+00 0.00000000e+00 3.51562500e-02
    7.81250000e-03 1.05468750e-01 0.00000000e+00 0.00000000e+00]]

  [[0.00000000e+00 0.00000000e+00 1.17187500e-02 0.00000000e+00
    0.00000000e+00 0.00000000e+00 0.00000000e+00 0.00000000e+00
    0.00000000e+00 0.00000000e+00 7.81250000e-03 0.00000000e+00
    0.00000000e+00 1.17187500e-02 0.00000000e+00 0.00000000e+00
    0.00000000e+00 0.00000000e+00 0.00000000e+00 3.51562500e-02
    5.07812500e-02 0.00000000e+00 0.00000000e+00 0.00000000e+00
    0.00000000e+00 0.00000000e+00 0.00000000e+00 3.51562500e-02
    7.81250000e-03 1.05468750e-01 0.00000000e+00 0.00000000e+00]
   [0.00000000e+00 0.00000000e+00 1.17187500e-02 0.00000000e+00
    0.00000000e+00 0.00000000e+00 0.00000000e+00 0.00000000e+00
    0.00000000e+00 0.00000000e+00 7.81250000e-03 0.00000000e+00
    0.00000000e+00 1.17187500e-02 0.00000000e+00 0.00000000e+00
    0.00000000e+00 0.00000000e+00 0.00000000e+00 3.51562500e-02
    5.07812500e-02 0.00000000e+00 0.00000000e+00 0.00000000e+00
    0.00000000e+00 0.00000000e+00 0.00000000e+00 3.51562500e-02
    7.81250000e-03 1.05468750e-01 0.00000000e+00 0.00000000e+00]
   [0.00000000e+00 0.00000000e+00 0.00000000e+00 0.00000000e+00
    0.00000000e+00 0.00000000e+00 0.00000000e+00 0.00000000e+00
    0.00000000e+00 0.00000000e+00 2.02636719e-02 0.00000000e+00
    2.78320312e-02 1.70898438e-02 0.00000000e+00 0.00000000e+00
    0.00000000e+00 0.00000000e+00 0.00000000e+00 1.48925781e-02
    6.76269531e-02 0.00000000e+00 2.19726562e-03 0.00000000e+00
    0.00000000e+00 0.00000000e+00 0.00000000e+00 1.80664062e-02
    9.76562500e-04 4.44335938e-02 0.00000000e+00 0.00000000e+00]
   [0.00000000e+00 0.00000000e+00 0.00000000e+00 0.00000000e+00
    0.00000000e+00 7.49511719e-02 8.78906250e-02 1.07666016e-01
    8.71582031e-02 0.00000000e+00 0.00000000e+00 0.00000000e+00
    1.07177734e-01 0.00000000e+00 4.07714844e-02 0.00000000e+00
    0.00000000e+00 0.00000000e+00 8.25195312e-02 0.00000000e+00
    2.32910156e-01 0.00000000e+00 2.66113281e-01 0.00000000e+00
    0.00000000e+00 9.76562500e-03 0.00000000e+00 5.56640625e-02
    0.00000000e+00 0.00000000e+00 0.00000000e+00 0.00000000e+00]
   [0.00000000e+00 0.00000000e+00 0.00000000e+00 0.00000000e+00
    0.00000000e+00 1.77734375e-01 5.12695312e-02 5.00000000e-01
    0.00000000e+00 0.00000000e+00 0.00000000e+00 0.00000000e+00
    0.00000000e+00 0.00000000e+00 7.66601562e-02 2.78808594e-01
    0.00000000e+00 7.56835938e-03 8.10546875e-02 0.00000000e+00
    5.00000000e-01 6.34765625e-03 1.17675781e-01 7.73925781e-02
    0.00000000e+00 0.00000000e+00 0.00000000e+00 0.00000000e+00
    0.00000000e+00 0.00000000e+00 3.12500000e-02 0.00000000e+00]
   [0.00000000e+00 0.00000000e+00 0.00000000e+00 0.00000000e+00
    7.37304688e-02 0.00000000e+00 0.00000000e+00 1.47705078e-01
    0.00000000e+00 0.00000000e+00 0.00000000e+00 0.00000000e+00
    0.00000000e+00 0.00000000e+00 2.78320312e-02 4.53125000e-01
    1.51367188e-01 0.00000000e+00 0.00000000e+00 0.00000000e+00
    0.00000000e+00 2.80029297e-01 0.00000000e+00 0.00000000e+00
    0.00000000e+00 0.00000000e+00 0.00000000e+00 0.00000000e+00
    0.00000000e+00 0.00000000e+00 0.00000000e+00 6.03027344e-02]
   [0.00000000e+00 5.24902344e-02 0.00000000e+00 0.00000000e+00
    3.17382812e-02 0.00000000e+00 0.00000000e+00 0.00000000e+00
    0.00000000e+00 0.00000000e+00 2.81005859e-01 4.40429688e-01
    0.00000000e+00 0.00000000e+00 0.00000000e+00 6.32324219e-02
    3.04931641e-01 0.00000000e+00 0.00000000e+00 0.00000000e+00
    0.00000000e+00 3.18603516e-01 0.00000000e+00 0.00000000e+00
    0.00000000e+00 0.00000000e+00 0.00000000e+00 0.00000000e+00
    0.00000000e+00 0.00000000e+00 0.00000000e+00 3.00537109e-01]
   [0.00000000e+00 3.29589844e-02 5.02929688e-02 2.96875000e-01
    0.00000000e+00 0.00000000e+00 0.00000000e+00 0.00000000e+00
    0.00000000e+00 0.00000000e+00 2.68554688e-01 1.16455078e-01
    0.00000000e+00 0.00000000e+00 0.00000000e+00 0.00000000e+00
    3.50341797e-01 2.89306641e-01 0.00000000e+00 0.00000000e+00
    0.00000000e+00 0.00000000e+00 0.00000000e+00 0.00000000e+00
    0.00000000e+00 8.27636719e-02 8.69140625e-02 0.00000000e+00
    1.25244141e-01 0.00000000e+00 0.00000000e+00 1.15722656e-01]
   [0.00000000e+00 0.00000000e+00 7.61718750e-02 1.09863281e-01
    0.00000000e+00 0.00000000e+00 0.00000000e+00 0.00000000e+00
    0.00000000e+00 0.00000000e+00 1.27929688e-01 3.24707031e-02
    0.00000000e+00 0.00000000e+00 0.00000000e+00 0.00000000e+00
    5.12695312e-03 1.39404297e-01 1.90429688e-02 0.00000000e+00
    0.00000000e+00 0.00000000e+00 1.70898438e-02 0.00000000e+00
    0.00000000e+00 0.00000000e+00 4.00390625e-02 0.00000000e+00
    2.37060547e-01 0.00000000e+00 0.00000000e+00 0.00000000e+00]
   [0.00000000e+00 0.00000000e+00 9.03320312e-03 0.00000000e+00
    0.00000000e+00 0.00000000e+00 0.00000000e+00 0.00000000e+00
    0.00000000e+00 0.00000000e+00 1.92871094e-02 0.00000000e+00
    0.00000000e+00 4.88281250e-03 0.00000000e+00 0.00000000e+00
    0.00000000e+00 0.00000000e+00 0.00000000e+00 1.36718750e-02
    3.14941406e-02 0.00000000e+00 0.00000000e+00 0.00000000e+00
    0.00000000e+00 0.00000000e+00 0.00000000e+00 3.12500000e-02
    3.24707031e-02 7.42187500e-02 0.00000000e+00 0.00000000e+00]
   [0.00000000e+00 0.00000000e+00 1.17187500e-02 0.00000000e+00
    0.00000000e+00 0.00000000e+00 0.00000000e+00 0.00000000e+00
    0.00000000e+00 0.00000000e+00 7.81250000e-03 0.00000000e+00
    0.00000000e+00 1.17187500e-02 0.00000000e+00 0.00000000e+00
    0.00000000e+00 0.00000000e+00 0.00000000e+00 3.51562500e-02
    5.07812500e-02 0.00000000e+00 0.00000000e+00 0.00000000e+00
    0.00000000e+00 0.00000000e+00 0.00000000e+00 3.51562500e-02
    7.81250000e-03 1.05468750e-01 0.00000000e+00 0.00000000e+00]]

  [[0.00000000e+00 0.00000000e+00 1.17187500e-02 0.00000000e+00
    0.00000000e+00 0.00000000e+00 0.00000000e+00 0.00000000e+00
    0.00000000e+00 0.00000000e+00 7.81250000e-03 0.00000000e+00
    0.00000000e+00 1.17187500e-02 0.00000000e+00 0.00000000e+00
    0.00000000e+00 0.00000000e+00 0.00000000e+00 3.51562500e-02
    5.07812500e-02 0.00000000e+00 0.00000000e+00 0.00000000e+00
    0.00000000e+00 0.00000000e+00 0.00000000e+00 3.51562500e-02
    7.81250000e-03 1.05468750e-01 0.00000000e+00 0.00000000e+00]
   [0.00000000e+00 0.00000000e+00 1.17187500e-02 0.00000000e+00
    0.00000000e+00 0.00000000e+00 0.00000000e+00 0.00000000e+00
    0.00000000e+00 0.00000000e+00 7.81250000e-03 0.00000000e+00
    0.00000000e+00 1.17187500e-02 0.00000000e+00 0.00000000e+00
    0.00000000e+00 0.00000000e+00 0.00000000e+00 3.51562500e-02
    5.07812500e-02 0.00000000e+00 0.00000000e+00 0.00000000e+00
    0.00000000e+00 0.00000000e+00 0.00000000e+00 3.51562500e-02
    7.81250000e-03 1.05468750e-01 0.00000000e+00 0.00000000e+00]
   [0.00000000e+00 0.00000000e+00 0.00000000e+00 0.00000000e+00
    0.00000000e+00 2.27050781e-02 0.00000000e+00 4.32128906e-02
    3.58886719e-02 0.00000000e+00 8.54492188e-03 0.00000000e+00
    5.12695312e-02 0.00000000e+00 4.51660156e-02 0.00000000e+00
    0.00000000e+00 0.00000000e+00 0.00000000e+00 0.00000000e+00
    1.65527344e-01 0.00000000e+00 1.33789062e-01 0.00000000e+00
    0.00000000e+00 0.00000000e+00 0.00000000e+00 0.00000000e+00
    0.00000000e+00 0.00000000e+00 0.00000000e+00 0.00000000e+00]
   [0.00000000e+00 0.00000000e+00 0.00000000e+00 0.00000000e+00
    0.00000000e+00 1.09375000e-01 1.38427734e-01 3.75732422e-01
    8.66699219e-02 4.85839844e-02 0.00000000e+00 0.00000000e+00
    0.00000000e+00 0.00000000e+00 1.05468750e-01 0.00000000e+00
    0.00000000e+00 0.00000000e+00 6.27441406e-02 0.00000000e+00
    4.65087891e-01 0.00000000e+00 1.94580078e-01 2.90527344e-02
    0.00000000e+00 0.00000000e+00 0.00000000e+00 5.46875000e-02
    0.00000000e+00 0.00000000e+00 0.00000000e+00 0.00000000e+00]
   [0.00000000e+00 0.00000000e+00 0.00000000e+00 0.00000000e+00
    2.88085938e-02 8.12988281e-02 0.00000000e+00 4.33593750e-01
    0.00000000e+00 6.10351562e-03 0.00000000e+00 0.00000000e+00
    0.00000000e+00 0.00000000e+00 2.13623047e-01 3.80615234e-01
    1.31835938e-01 0.00000000e+00 0.00000000e+00 0.00000000e+00
    3.28125000e-01 1.45019531e-01 0.00000000e+00 2.92968750e-02
    0.00000000e+00 0.00000000e+00 0.00000000e+00 0.00000000e+00
    0.00000000e+00 0.00000000e+00 4.54101562e-02 5.85937500e-03]
   [0.00000000e+00 1.71386719e-01 0.00000000e+00 0.00000000e+00
    7.00683594e-02 0.00000000e+00 0.00000000e+00 0.00000000e+00
    0.00000000e+00 0.00000000e+00 1.24023438e-01 2.26074219e-01
    0.00000000e+00 0.00000000e+00 0.00000000e+00 3.22509766e-01
    2.80029297e-01 0.00000000e+00 0.00000000e+00 2.44140625e-04
    0.00000000e+00 4.11132812e-01 0.00000000e+00 0.00000000e+00
    0.00000000e+00 0.00000000e+00 0.00000000e+00 0.00000000e+00
    0.00000000e+00 0.00000000e+00 4.12597656e-02 2.89062500e-01]
   [7.08007812e-03 2.08251953e-01 0.00000000e+00 3.16162109e-01
    0.00000000e+00 0.00000000e+00 0.00000000e+00 0.00000000e+00
    4.10156250e-02 0.00000000e+00 1.76757812e-01 1.09375000e-01
    0.00000000e+00 0.00000000e+00 0.00000000e+00 0.00000000e+00
    4.42626953e-01 3.58154297e-01 1.00097656e-02 0.00000000e+00
    0.00000000e+00 1.44042969e-01 0.00000000e+00 0.00000000e+00
    0.00000000e+00 1.60644531e-01 1.09863281e-01 0.00000000e+00
    0.00000000e+00 0.00000000e+00 1.09375000e-01 2.60742188e-01]
   [0.00000000e+00 0.00000000e+00 4.83398438e-02 1.36718750e-01
    0.00000000e+00 0.00000000e+00 0.00000000e+00 0.00000000e+00
    0.00000000e+00 0.00000000e+00 1.70410156e-01 5.20019531e-02
    0.00000000e+00 0.00000000e+00 0.00000000e+00 0.00000000e+00
    1.66992188e-01 2.43896484e-01 0.00000000e+00 0.00000000e+00
    0.00000000e+00 0.00000000e+00 2.44140625e-04 0.00000000e+00
    0.00000000e+00 3.78417969e-02 6.73828125e-02 0.00000000e+00
    2.52197266e-01 0.00000000e+00 0.00000000e+00 0.00000000e+00]
   [0.00000000e+00 0.00000000e+00 3.41796875e-02 0.00000000e+00
    0.00000000e+00 0.00000000e+00 0.00000000e+00 0.00000000e+00
    0.00000000e+00 0.00000000e+00 6.59179688e-02 0.00000000e+00
    0.00000000e+00 0.00000000e+00 0.00000000e+00 0.00000000e+00
    0.00000000e+00 5.68847656e-02 0.00000000e+00 0.00000000e+00
    0.00000000e+00 0.00000000e+00 2.41699219e-02 0.00000000e+00
    0.00000000e+00 0.00000000e+00 0.00000000e+00 2.17285156e-02
    1.67236328e-01 0.00000000e+00 0.00000000e+00 0.00000000e+00]
   [0.00000000e+00 0.00000000e+00 1.17187500e-02 0.00000000e+00
    0.00000000e+00 0.00000000e+00 0.00000000e+00 0.00000000e+00
    0.00000000e+00 0.00000000e+00 7.81250000e-03 0.00000000e+00
    0.00000000e+00 1.17187500e-02 0.00000000e+00 0.00000000e+00
    0.00000000e+00 0.00000000e+00 0.00000000e+00 3.51562500e-02
    5.07812500e-02 0.00000000e+00 0.00000000e+00 0.00000000e+00
    0.00000000e+00 0.00000000e+00 0.00000000e+00 3.51562500e-02
    7.81250000e-03 1.05468750e-01 0.00000000e+00 0.00000000e+00]
   [0.00000000e+00 0.00000000e+00 1.17187500e-02 0.00000000e+00
    0.00000000e+00 0.00000000e+00 0.00000000e+00 0.00000000e+00
    0.00000000e+00 0.00000000e+00 7.81250000e-03 0.00000000e+00
    0.00000000e+00 1.17187500e-02 0.00000000e+00 0.00000000e+00
    0.00000000e+00 0.00000000e+00 0.00000000e+00 3.51562500e-02
    5.07812500e-02 0.00000000e+00 0.00000000e+00 0.00000000e+00
    0.00000000e+00 0.00000000e+00 0.00000000e+00 3.51562500e-02
    7.81250000e-03 1.05468750e-01 0.00000000e+00 0.00000000e+00]]

  [[0.00000000e+00 0.00000000e+00 1.17187500e-02 0.00000000e+00
    0.00000000e+00 0.00000000e+00 0.00000000e+00 0.00000000e+00
    0.00000000e+00 0.00000000e+00 7.81250000e-03 0.00000000e+00
    0.00000000e+00 1.17187500e-02 0.00000000e+00 0.00000000e+00
    0.00000000e+00 0.00000000e+00 0.00000000e+00 3.51562500e-02
    5.07812500e-02 0.00000000e+00 0.00000000e+00 0.00000000e+00
    0.00000000e+00 0.00000000e+00 0.00000000e+00 3.51562500e-02
    7.81250000e-03 1.05468750e-01 0.00000000e+00 0.00000000e+00]
   [0.00000000e+00 0.00000000e+00 1.17187500e-02 0.00000000e+00
    0.00000000e+00 0.00000000e+00 0.00000000e+00 0.00000000e+00
    0.00000000e+00 0.00000000e+00 7.81250000e-03 0.00000000e+00
    0.00000000e+00 1.17187500e-02 0.00000000e+00 0.00000000e+00
    0.00000000e+00 0.00000000e+00 0.00000000e+00 3.51562500e-02
    5.07812500e-02 0.00000000e+00 0.00000000e+00 0.00000000e+00
    0.00000000e+00 0.00000000e+00 0.00000000e+00 3.51562500e-02
    7.81250000e-03 1.05468750e-01 0.00000000e+00 0.00000000e+00]
   [0.00000000e+00 0.00000000e+00 0.00000000e+00 0.00000000e+00
    3.24707031e-02 0.00000000e+00 1.60400391e-01 1.26464844e-01
    5.71289062e-02 2.19726562e-02 0.00000000e+00 0.00000000e+00
    3.34472656e-02 0.00000000e+00 9.03320312e-02 0.00000000e+00
    0.00000000e+00 1.92871094e-02 2.95410156e-02 0.00000000e+00
    2.30712891e-01 5.61523438e-03 3.32519531e-01 0.00000000e+00
    0.00000000e+00 0.00000000e+00 0.00000000e+00 7.27539062e-02
    0.00000000e+00 0.00000000e+00 0.00000000e+00 0.00000000e+00]
   [0.00000000e+00 0.00000000e+00 0.00000000e+00 0.00000000e+00
    2.25097656e-01 0.00000000e+00 1.97998047e-01 3.70117188e-01
    2.34375000e-02 1.26220703e-01 0.00000000e+00 0.00000000e+00
    0.00000000e+00 0.00000000e+00 3.29345703e-01 1.63574219e-01
    0.00000000e+00 0.00000000e+00 3.34472656e-02 0.00000000e+00
    3.05419922e-01 0.00000000e+00 1.00830078e-01 0.00000000e+00
    0.00000000e+00 0.00000000e+00 0.00000000e+00 2.12890625e-01
    0.00000000e+00 0.00000000e+00 0.00000000e+00 4.56542969e-02]
   [0.00000000e+00 0.00000000e+00 0.00000000e+00 0.00000000e+00
    2.72460938e-01 0.00000000e+00 0.00000000e+00 7.08007812e-03
    0.00000000e+00 0.00000000e+00 1.69677734e-01 4.54101562e-02
    0.00000000e+00 0.00000000e+00 3.54003906e-01 2.03857422e-01
    1.43554688e-01 0.00000000e+00 9.05761719e-02 0.00000000e+00
    0.00000000e+00 4.12597656e-02 0.00000000e+00 0.00000000e+00
    0.00000000e+00 0.00000000e+00 0.00000000e+00 0.00000000e+00
    0.00000000e+00 0.00000000e+00 1.24511719e-02 5.83496094e-02]
   [0.00000000e+00 3.17382812e-03 0.00000000e+00 6.73828125e-02
    1.13769531e-01 0.00000000e+00 0.00000000e+00 0.00000000e+00
    0.00000000e+00 0.00000000e+00 4.68261719e-01 4.21386719e-01
    0.00000000e+00 0.00000000e+00 0.00000000e+00 0.00000000e+00
    1.86523438e-01 1.15478516e-01 9.22851562e-02 0.00000000e+00
    0.00000000e+00 0.00000000e+00 0.00000000e+00 0.00000000e+00
    0.00000000e+00 1.01806641e-01 1.04248047e-01 0.00000000e+00
    0.00000000e+00 0.00000000e+00 0.00000000e+00 2.45605469e-01]
   [0.00000000e+00 1.05712891e-01 6.44531250e-02 3.76220703e-01
    0.00000000e+00 0.00000000e+00 0.00000000e+00 0.00000000e+00
    0.00000000e+00 0.00000000e+00 2.71484375e-01 2.17285156e-01
    0.00000000e+00 0.00000000e+00 0.00000000e+00 0.00000000e+00
    3.54980469e-01 4.08447266e-01 1.13525391e-01 0.00000000e+00
    0.00000000e+00 0.00000000e+00 0.00000000e+00 0.00000000e+00
    0.00000000e+00 1.38183594e-01 8.34960938e-02 0.00000000e+00
    6.32324219e-02 0.00000000e+00 5.66406250e-02 4.68750000e-02]
   [0.00000000e+00 0.00000000e+00 4.37011719e-02 4.61425781e-02
    0.00000000e+00 0.00000000e+00 0.00000000e+00 0.00000000e+00
    0.00000000e+00 0.00000000e+00 7.56835938e-02 1.09863281e-02
    0.00000000e+00 0.00000000e+00 0.00000000e+00 0.00000000e+00
    0.00000000e+00 1.41601562e-01 4.88281250e-04 0.00000000e+00
    0.00000000e+00 0.00000000e+00 3.90625000e-03 0.00000000e+00
    0.00000000e+00 0.00000000e+00 0.00000000e+00 0.00000000e+00
    1.72119141e-01 0.00000000e+00 0.00000000e+00 0.00000000e+00]
   [0.00000000e+00 0.00000000e+00 1.00097656e-02 0.00000000e+00
    0.00000000e+00 0.00000000e+00 0.00000000e+00 0.00000000e+00
    0.00000000e+00 0.00000000e+00 1.46484375e-02 0.00000000e+00
    0.00000000e+00 7.32421875e-03 0.00000000e+00 0.00000000e+00
    0.00000000e+00 0.00000000e+00 0.00000000e+00 2.24609375e-02
    3.90625000e-02 0.00000000e+00 0.00000000e+00 0.00000000e+00
    0.00000000e+00 0.00000000e+00 0.00000000e+00 3.29589844e-02
    2.31933594e-02 8.69140625e-02 0.00000000e+00 0.00000000e+00]
   [0.00000000e+00 0.00000000e+00 1.17187500e-02 0.00000000e+00
    0.00000000e+00 0.00000000e+00 0.00000000e+00 0.00000000e+00
    0.00000000e+00 0.00000000e+00 7.81250000e-03 0.00000000e+00
    0.00000000e+00 1.17187500e-02 0.00000000e+00 0.00000000e+00
    0.00000000e+00 0.00000000e+00 0.00000000e+00 3.51562500e-02
    5.07812500e-02 0.00000000e+00 0.00000000e+00 0.00000000e+00
    0.00000000e+00 0.00000000e+00 0.00000000e+00 3.51562500e-02
    7.81250000e-03 1.05468750e-01 0.00000000e+00 0.00000000e+00]
   [0.00000000e+00 0.00000000e+00 1.17187500e-02 0.00000000e+00
    0.00000000e+00 0.00000000e+00 0.00000000e+00 0.00000000e+00
    0.00000000e+00 0.00000000e+00 7.81250000e-03 0.00000000e+00
    0.00000000e+00 1.17187500e-02 0.00000000e+00 0.00000000e+00
    0.00000000e+00 0.00000000e+00 0.00000000e+00 3.51562500e-02
    5.07812500e-02 0.00000000e+00 0.00000000e+00 0.00000000e+00
    0.00000000e+00 0.00000000e+00 0.00000000e+00 3.51562500e-02
    7.81250000e-03 1.05468750e-01 0.00000000e+00 0.00000000e+00]]]], shape=(1, 11, 11, 32), dtype=float32)

--- Layer: max_pooling2d_1 (Non-compute Layer - SKIPPED Quantization) ---
[[[[0.00000000e+00 0.00000000e+00 0.00000000e+00 0.00000000e+00
    1.43798828e-01 1.33300781e-01 6.39648438e-02 4.88281250e-03
    1.46484375e-01 0.00000000e+00 2.46582031e-02 0.00000000e+00
    4.62890625e-01 1.36230469e-01 4.51660156e-02 0.00000000e+00
    0.00000000e+00 0.00000000e+00 2.16552734e-01 1.24267578e-01
    1.62109375e-01 0.00000000e+00 3.70849609e-01 0.00000000e+00
    0.00000000e+00 1.41113281e-01 0.00000000e+00 5.56640625e-02
    0.00000000e+00 1.61376953e-01 0.00000000e+00 0.00000000e+00]
   [1.41601562e-02 5.73730469e-02 0.00000000e+00 0.00000000e+00
    2.46826172e-01 2.05810547e-01 0.00000000e+00 0.00000000e+00
    1.40136719e-01 0.00000000e+00 0.00000000e+00 0.00000000e+00
    6.35009766e-01 3.05175781e-02 0.00000000e+00 0.00000000e+00
    0.00000000e+00 2.70996094e-02 2.45849609e-01 4.14306641e-01
    0.00000000e+00 0.00000000e+00 0.00000000e+00 0.00000000e+00
    1.39404297e-01 2.74658203e-01 0.00000000e+00 2.85644531e-02
    0.00000000e+00 6.12304688e-01 1.12792969e-01 0.00000000e+00]
   [5.59082031e-02 1.61621094e-01 0.00000000e+00 0.00000000e+00
    3.75976562e-02 1.01074219e-01 0.00000000e+00 0.00000000e+00
    1.94580078e-01 0.00000000e+00 0.00000000e+00 0.00000000e+00
    5.03906250e-01 0.00000000e+00 0.00000000e+00 0.00000000e+00
    2.46582031e-02 4.49218750e-02 2.80761719e-01 4.39941406e-01
    4.19921875e-02 0.00000000e+00 0.00000000e+00 0.00000000e+00
    1.46728516e-01 2.53173828e-01 0.00000000e+00 8.78906250e-03
    0.00000000e+00 6.16210938e-01 1.53320312e-01 0.00000000e+00]
   [3.56445312e-02 1.38671875e-01 1.17187500e-02 0.00000000e+00
    3.02734375e-02 1.47949219e-01 0.00000000e+00 0.00000000e+00
    1.32812500e-01 0.00000000e+00 7.81250000e-03 0.00000000e+00
    5.42968750e-01 1.17187500e-02 0.00000000e+00 0.00000000e+00
    6.83593750e-03 4.34570312e-02 2.69775391e-01 4.94140625e-01
    5.07812500e-02 0.00000000e+00 0.00000000e+00 0.00000000e+00
    9.71679688e-02 1.89208984e-01 0.00000000e+00 3.51562500e-02
    7.81250000e-03 5.79345703e-01 1.22802734e-01 0.00000000e+00]
   [8.12988281e-02 5.15136719e-02 1.17187500e-02 0.00000000e+00
    0.00000000e+00 2.36816406e-02 0.00000000e+00 5.12695312e-03
    0.00000000e+00 0.00000000e+00 7.81250000e-03 0.00000000e+00
    4.09179688e-01 1.17187500e-02 0.00000000e+00 4.54101562e-02
    0.00000000e+00 1.13525391e-01 2.56835938e-01 5.23925781e-01
    5.07812500e-02 0.00000000e+00 0.00000000e+00 0.00000000e+00
    9.76562500e-02 1.32568359e-01 0.00000000e+00 3.51562500e-02
    7.81250000e-03 7.18750000e-01 1.26953125e-01 0.00000000e+00]]

  [[2.29980469e-01 0.00000000e+00 3.39111328e-01 0.00000000e+00
    3.05908203e-01 0.00000000e+00 1.43554688e-01 8.91113281e-02
    5.05371094e-02 0.00000000e+00 1.06201172e-01 0.00000000e+00
    2.22656250e-01 4.04052734e-01 0.00000000e+00 4.10156250e-02
    3.41796875e-03 8.98437500e-02 1.20117188e-01 0.00000000e+00
    2.06054688e-01 0.00000000e+00 2.31445312e-01 0.00000000e+00
    0.00000000e+00 4.41894531e-02 0.00000000e+00 5.68359375e-01
    0.00000000e+00 0.00000000e+00 0.00000000e+00 0.00000000e+00]
   [3.65966797e-01 0.00000000e+00 6.22070312e-01 0.00000000e+00
    5.72753906e-01 7.71484375e-02 0.00000000e+00 4.58984375e-02
    1.01562500e-01 2.78320312e-02 1.64306641e-01 0.00000000e+00
    6.64062500e-02 0.00000000e+00 0.00000000e+00 5.20019531e-02
    0.00000000e+00 0.00000000e+00 3.85009766e-01 0.00000000e+00
    4.07714844e-02 0.00000000e+00 0.00000000e+00 1.30126953e-01
    1.87500000e-01 2.42431641e-01 1.66748047e-01 5.43212891e-01
    0.00000000e+00 0.00000000e+00 0.00000000e+00 2.39257812e-02]
   [4.09179688e-01 0.00000000e+00 6.49902344e-01 0.00000000e+00
    5.52734375e-01 0.00000000e+00 0.00000000e+00 8.27636719e-02
    8.52050781e-02 7.47070312e-02 2.70263672e-01 0.00000000e+00
    2.94433594e-01 0.00000000e+00 0.00000000e+00 9.13085938e-02
    0.00000000e+00 0.00000000e+00 4.39941406e-01 0.00000000e+00
    0.00000000e+00 0.00000000e+00 0.00000000e+00 1.94824219e-01
    5.83496094e-02 2.74169922e-01 1.89697266e-01 4.37255859e-01
    0.00000000e+00 0.00000000e+00 0.00000000e+00 3.66210938e-02]
   [2.96142578e-01 0.00000000e+00 6.25976562e-01 0.00000000e+00
    4.43603516e-01 1.89941406e-01 0.00000000e+00 2.44628906e-01
    1.94580078e-01 1.22802734e-01 3.00537109e-01 0.00000000e+00
    3.80859375e-01 0.00000000e+00 1.83105469e-02 1.87744141e-01
    0.00000000e+00 0.00000000e+00 3.75732422e-01 0.00000000e+00
    2.89062500e-01 0.00000000e+00 0.00000000e+00 3.56445312e-01
    1.76757812e-01 3.30078125e-01 9.47265625e-02 2.15820312e-01
    0.00000000e+00 0.00000000e+00 0.00000000e+00 6.49414062e-02]
   [2.61230469e-02 0.00000000e+00 1.13525391e-01 6.68945312e-01
    1.38183594e-01 0.00000000e+00 0.00000000e+00 2.07519531e-02
    2.75878906e-02 0.00000000e+00 0.00000000e+00 2.76855469e-01
    2.05078125e-02 0.00000000e+00 0.00000000e+00 4.21875000e-01
    4.07714844e-02 1.01074219e-01 2.59277344e-01 7.03125000e-02
    0.00000000e+00 5.71289062e-02 0.00000000e+00 7.37304688e-02
    9.13085938e-02 2.12158203e-01 0.00000000e+00 0.00000000e+00
    0.00000000e+00 6.39404297e-01 0.00000000e+00 2.34130859e-01]]

  [[2.10449219e-01 0.00000000e+00 2.58789062e-02 0.00000000e+00
    0.00000000e+00 6.29882812e-02 2.68554688e-03 9.47265625e-02
    0.00000000e+00 0.00000000e+00 1.40380859e-01 0.00000000e+00
    0.00000000e+00 5.74951172e-01 0.00000000e+00 0.00000000e+00
    0.00000000e+00 0.00000000e+00 0.00000000e+00 2.14355469e-01
    5.07812500e-02 0.00000000e+00 1.73339844e-02 0.00000000e+00
    0.00000000e+00 0.00000000e+00 7.71484375e-02 1.65039062e-01
    2.11914062e-01 1.05468750e-01 0.00000000e+00 0.00000000e+00]
   [2.08496094e-01 0.00000000e+00 4.41894531e-02 0.00000000e+00
    0.00000000e+00 1.61376953e-01 4.58984375e-02 4.73632812e-02
    0.00000000e+00 4.05273438e-02 1.17187500e-01 0.00000000e+00
    0.00000000e+00 5.65185547e-01 0.00000000e+00 1.28906250e-01
    0.00000000e+00 9.71679688e-02 0.00000000e+00 3.10791016e-01
    5.00488281e-02 0.00000000e+00 0.00000000e+00 0.00000000e+00
    5.41992188e-02 0.00000000e+00 2.17773438e-01 2.91992188e-01
    3.76220703e-01 9.25292969e-02 0.00000000e+00 0.00000000e+00]
   [2.26562500e-01 0.00000000e+00 3.78417969e-02 0.00000000e+00
    0.00000000e+00 2.12402344e-01 1.79687500e-01 2.32666016e-01
    4.88281250e-02 7.71484375e-02 1.56250000e-01 0.00000000e+00
    0.00000000e+00 5.22949219e-01 1.46484375e-02 1.24023438e-01
    0.00000000e+00 1.03271484e-01 0.00000000e+00 3.59619141e-01
    2.21435547e-01 0.00000000e+00 2.37548828e-01 5.37109375e-03
    1.02294922e-01 0.00000000e+00 2.26806641e-01 3.17382812e-01
    3.79150391e-01 0.00000000e+00 0.00000000e+00 0.00000000e+00]
   [1.58203125e-01 0.00000000e+00 0.00000000e+00 0.00000000e+00
    0.00000000e+00 4.18457031e-01 3.14453125e-01 4.71435547e-01
    0.00000000e+00 7.56835938e-02 2.14843750e-02 2.20458984e-01
    0.00000000e+00 3.37646484e-01 2.36328125e-01 5.34423828e-01
    1.74316406e-01 9.81445312e-02 0.00000000e+00 3.20068359e-01
    4.58007812e-01 2.84179688e-01 3.07617188e-01 1.88476562e-01
    3.09570312e-01 0.00000000e+00 0.00000000e+00 1.73339844e-01
    1.91650391e-01 0.00000000e+00 0.00000000e+00 1.58691406e-01]
   [0.00000000e+00 1.58203125e-01 6.10351562e-02 5.36865234e-01
    0.00000000e+00 0.00000000e+00 0.00000000e+00 0.00000000e+00
    6.76269531e-02 0.00000000e+00 2.48291016e-01 4.56787109e-01
    0.00000000e+00 0.00000000e+00 0.00000000e+00 3.99169922e-01
    3.24462891e-01 3.28857422e-01 4.24804688e-02 0.00000000e+00
    0.00000000e+00 2.02636719e-01 0.00000000e+00 0.00000000e+00
    2.56591797e-01 1.37939453e-01 5.51757812e-02 0.00000000e+00
    1.80908203e-01 0.00000000e+00 4.85839844e-02 3.08593750e-01]]

  [[0.00000000e+00 0.00000000e+00 1.17187500e-02 0.00000000e+00
    0.00000000e+00 0.00000000e+00 0.00000000e+00 0.00000000e+00
    0.00000000e+00 0.00000000e+00 7.81250000e-03 0.00000000e+00
    0.00000000e+00 1.17187500e-02 0.00000000e+00 0.00000000e+00
    0.00000000e+00 0.00000000e+00 0.00000000e+00 3.51562500e-02
    5.07812500e-02 0.00000000e+00 0.00000000e+00 0.00000000e+00
    0.00000000e+00 0.00000000e+00 0.00000000e+00 3.51562500e-02
    7.81250000e-03 1.05468750e-01 0.00000000e+00 0.00000000e+00]
   [0.00000000e+00 0.00000000e+00 1.17187500e-02 0.00000000e+00
    0.00000000e+00 0.00000000e+00 0.00000000e+00 0.00000000e+00
    3.85742188e-02 0.00000000e+00 9.03320312e-03 0.00000000e+00
    6.73828125e-02 1.51367188e-02 2.73437500e-02 0.00000000e+00
    0.00000000e+00 0.00000000e+00 0.00000000e+00 3.51562500e-02
    1.04736328e-01 0.00000000e+00 8.12988281e-02 0.00000000e+00
    0.00000000e+00 0.00000000e+00 0.00000000e+00 3.51562500e-02
    7.81250000e-03 1.05468750e-01 0.00000000e+00 0.00000000e+00]
   [0.00000000e+00 0.00000000e+00 0.00000000e+00 0.00000000e+00
    3.02734375e-02 1.75292969e-01 1.22558594e-01 4.39697266e-01
    1.32568359e-01 0.00000000e+00 1.80664062e-02 0.00000000e+00
    1.32812500e-01 1.85546875e-02 7.15332031e-02 3.09082031e-01
    0.00000000e+00 5.68847656e-02 9.03320312e-02 0.00000000e+00
    4.47021484e-01 4.80957031e-02 3.53027344e-01 6.37207031e-02
    0.00000000e+00 1.90429688e-02 0.00000000e+00 5.39550781e-02
    0.00000000e+00 0.00000000e+00 0.00000000e+00 2.68554688e-03]
   [0.00000000e+00 1.40380859e-01 0.00000000e+00 2.16552734e-01
    6.76269531e-02 5.49316406e-02 0.00000000e+00 2.81982422e-01
    6.90917969e-02 0.00000000e+00 2.76123047e-01 3.96240234e-01
    0.00000000e+00 0.00000000e+00 1.28417969e-01 4.17236328e-01
    3.40332031e-01 1.69189453e-01 0.00000000e+00 7.91015625e-02
    0.00000000e+00 2.96142578e-01 0.00000000e+00 0.00000000e+00
    0.00000000e+00 1.31347656e-01 0.00000000e+00 2.24609375e-02
    0.00000000e+00 0.00000000e+00 7.00683594e-02 2.48779297e-01]
   [0.00000000e+00 1.19873047e-01 7.56835938e-02 3.42041016e-01
    0.00000000e+00 0.00000000e+00 0.00000000e+00 0.00000000e+00
    0.00000000e+00 0.00000000e+00 2.55126953e-01 1.58935547e-01
    0.00000000e+00 0.00000000e+00 0.00000000e+00 0.00000000e+00
    4.09667969e-01 3.32763672e-01 2.29492188e-02 0.00000000e+00
    0.00000000e+00 3.10058594e-02 2.83203125e-02 0.00000000e+00
    0.00000000e+00 9.05761719e-02 9.13085938e-02 1.22070312e-02
    2.38525391e-01 0.00000000e+00 8.56933594e-02 1.23291016e-01]]

  [[0.00000000e+00 0.00000000e+00 1.17187500e-02 0.00000000e+00
    0.00000000e+00 0.00000000e+00 0.00000000e+00 0.00000000e+00
    0.00000000e+00 0.00000000e+00 7.81250000e-03 0.00000000e+00
    0.00000000e+00 1.17187500e-02 0.00000000e+00 0.00000000e+00
    0.00000000e+00 0.00000000e+00 0.00000000e+00 3.51562500e-02
    5.07812500e-02 0.00000000e+00 0.00000000e+00 0.00000000e+00
    0.00000000e+00 0.00000000e+00 0.00000000e+00 3.51562500e-02
    7.81250000e-03 1.05468750e-01 0.00000000e+00 0.00000000e+00]
   [0.00000000e+00 0.00000000e+00 0.00000000e+00 0.00000000e+00
    0.00000000e+00 1.09375000e-01 1.38427734e-01 3.75732422e-01
    8.71582031e-02 4.85839844e-02 2.02636719e-02 0.00000000e+00
    1.07177734e-01 1.70898438e-02 1.05468750e-01 0.00000000e+00
    0.00000000e+00 0.00000000e+00 8.25195312e-02 1.48925781e-02
    4.65087891e-01 0.00000000e+00 2.66113281e-01 2.90527344e-02
    0.00000000e+00 9.76562500e-03 0.00000000e+00 5.56640625e-02
    9.76562500e-04 4.44335938e-02 0.00000000e+00 0.00000000e+00]
   [0.00000000e+00 1.71386719e-01 0.00000000e+00 0.00000000e+00
    7.37304688e-02 1.77734375e-01 5.12695312e-02 5.00488281e-01
    0.00000000e+00 6.10351562e-03 1.24023438e-01 2.26074219e-01
    0.00000000e+00 0.00000000e+00 2.13623047e-01 4.53125000e-01
    2.80029297e-01 7.56835938e-03 8.10546875e-02 2.44140625e-04
    5.38330078e-01 4.11132812e-01 1.17675781e-01 7.73925781e-02
    0.00000000e+00 0.00000000e+00 0.00000000e+00 0.00000000e+00
    0.00000000e+00 0.00000000e+00 4.54101562e-02 2.89062500e-01]
   [7.08007812e-03 2.08251953e-01 5.02929688e-02 3.16162109e-01
    3.17382812e-02 0.00000000e+00 0.00000000e+00 0.00000000e+00
    4.10156250e-02 0.00000000e+00 2.81005859e-01 4.40429688e-01
    0.00000000e+00 0.00000000e+00 0.00000000e+00 6.32324219e-02
    4.42626953e-01 3.58154297e-01 1.00097656e-02 0.00000000e+00
    0.00000000e+00 3.18603516e-01 2.44140625e-04 0.00000000e+00
    0.00000000e+00 1.60644531e-01 1.09863281e-01 0.00000000e+00
    2.52197266e-01 0.00000000e+00 1.09375000e-01 3.00537109e-01]
   [0.00000000e+00 0.00000000e+00 7.61718750e-02 1.09863281e-01
    0.00000000e+00 0.00000000e+00 0.00000000e+00 0.00000000e+00
    0.00000000e+00 0.00000000e+00 1.27929688e-01 3.24707031e-02
    0.00000000e+00 1.17187500e-02 0.00000000e+00 0.00000000e+00
    5.12695312e-03 1.39404297e-01 1.90429688e-02 3.51562500e-02
    5.07812500e-02 0.00000000e+00 2.41699219e-02 0.00000000e+00
    0.00000000e+00 0.00000000e+00 4.00390625e-02 3.51562500e-02
    2.37060547e-01 1.05468750e-01 0.00000000e+00 0.00000000e+00]]]]

--- Layer: conv2d_2 (Quantized Output) ---
tf.Tensor(
[[[[-0.21313477 -0.22070312 -0.09570312  0.11254883  0.31689453
     0.08203125 -0.24389648 -0.29541016 -0.27661133 -0.4375
     0.37573242 -0.05834961 -0.24926758  0.02490234 -0.4375
    -0.2019043  -0.0625      0.01635742  0.45874023 -0.3395996
    -0.15966797 -0.40722656 -0.4375      0.07470703  0.22363281
     0.15136719 -0.20800781 -0.05761719  0.5        -0.11157227
    -0.4375      0.07617188]
   [-0.03515625 -0.24560547 -0.38720703  0.13916016  0.1821289
     0.0390625   0.2019043  -0.06420898 -0.328125   -0.4375
     0.24658203 -0.12915039 -0.14868164 -0.35839844 -0.4375
     0.23901367 -0.0625     -0.27807617  0.33544922 -0.2854004
    -0.10083008 -0.21459961 -0.4375      0.02392578  0.28051758
     0.12841797 -0.4375      0.1105957   0.5         0.01196289
    -0.4375      0.03588867]
   [ 0.26538086 -0.25512695 -0.2019043  -0.12402344  0.03588867
    -0.25708008  0.5         0.15991211 -0.2290039  -0.21484375
    -0.19946289 -0.18139648 -0.15551758 -0.32373047 -0.4375
    -0.01782227 -0.0625     -0.18530273  0.42456055  0.04541016
     0.5         0.07836914 -0.09228516 -0.05615234  0.35058594
    -0.03100586 -0.4375     -0.11352539  0.5         0.05029297
    -0.4375      0.02856445]]

  [[ 0.35595703 -0.4375     -0.4375     -0.31347656  0.3552246
    -0.36450195  0.21777344 -0.22192383 -0.4375     -0.42578125
     0.06005859  0.00317383 -0.09741211 -0.10522461 -0.4375
     0.10717773 -0.0625     -0.32470703  0.17871094 -0.4375
    -0.11645508 -0.22753906 -0.17993164 -0.1171875   0.5
     0.5        -0.4375     -0.22363281  0.26879883  0.23901367
    -0.4375      0.2800293 ]
   [ 0.3076172  -0.4375     -0.4375     -0.21435547  0.34228516
    -0.34106445  0.37548828 -0.20507812 -0.4375     -0.21582031
    -0.01123047 -0.05639648  0.02246094 -0.01342773 -0.4375
     0.36254883 -0.0625     -0.4375      0.19067383 -0.33544922
     0.32958984 -0.37353516 -0.31762695 -0.01171875  0.5
     0.5        -0.4375     -0.3100586   0.24658203  0.23071289
    -0.4375      0.15795898]
   [ 0.22045898 -0.05859375 -0.4375     -0.3408203   0.5
    -0.33984375  0.4729004   0.06054688 -0.4272461   0.07617188
     0.04321289 -0.34423828 -0.05908203 -0.15209961 -0.4375
    -0.1484375  -0.0625     -0.4375      0.36914062 -0.0065918
     0.5         0.14624023 -0.16308594 -0.20947266  0.47143555
     0.5        -0.37231445 -0.4375     -0.00708008  0.22314453
    -0.38012695  0.43432617]]

  [[ 0.27929688 -0.36132812 -0.4375      0.18701172  0.5
    -0.26782227  0.39990234  0.43359375 -0.3959961   0.03857422
    -0.11230469 -0.23046875  0.15991211  0.07104492 -0.4375
     0.43164062 -0.0625     -0.40527344 -0.02294922 -0.3190918
    -0.05737305 -0.02709961 -0.25073242 -0.0456543   0.28564453
     0.015625   -0.42358398 -0.2434082  -0.32470703  0.18188477
    -0.3203125   0.39013672]
   [ 0.11035156  0.02490234 -0.43481445  0.1940918   0.5
    -0.2331543   0.5         0.2709961  -0.39697266  0.5
     0.21606445 -0.14624023  0.21948242  0.5        -0.4375
     0.48242188 -0.0625     -0.4375     -0.00146484  0.20800781
     0.18457031 -0.29907227 -0.24682617  0.07324219  0.46899414
     0.04052734 -0.06054688 -0.4375     -0.22680664 -0.02294922
    -0.20117188  0.38793945]
   [ 0.19140625  0.21362305  0.17797852 -0.01245117  0.5
    -0.31567383  0.5         0.3005371  -0.4375      0.39404297
     0.13305664 -0.32470703  0.5         0.29125977 -0.4375
     0.05957031 -0.0625      0.00952148 -0.23754883  0.5
    -0.21386719 -0.04370117  0.14819336  0.05664062  0.08349609
     0.22436523 -0.13623047 -0.4375     -0.1262207   0.12890625
     0.015625    0.19189453]]]], shape=(1, 3, 3, 32), dtype=float32)

--- Layer: activation_2 (Quantized Output) ---
tf.Tensor(
[[[[0.         0.         0.         0.11254883 0.31689453 0.08203125
    0.         0.         0.         0.         0.37573242 0.
    0.         0.02490234 0.         0.         0.         0.01635742
    0.45874023 0.         0.         0.         0.         0.07470703
    0.22363281 0.15136719 0.         0.         0.5        0.
    0.         0.07617188]
   [0.         0.         0.         0.13916016 0.1821289  0.0390625
    0.2019043  0.         0.         0.         0.24658203 0.
    0.         0.         0.         0.23901367 0.         0.
    0.33544922 0.         0.         0.         0.         0.02392578
    0.28051758 0.12841797 0.         0.1105957  0.5        0.01196289
    0.         0.03588867]
   [0.26538086 0.         0.         0.         0.03588867 0.
    0.5        0.15991211 0.         0.         0.         0.
    0.         0.         0.         0.         0.         0.
    0.42456055 0.04541016 0.5        0.07836914 0.         0.
    0.35058594 0.         0.         0.         0.5        0.05029297
    0.         0.02856445]]

  [[0.35595703 0.         0.         0.         0.3552246  0.
    0.21777344 0.         0.         0.         0.06005859 0.00317383
    0.         0.         0.         0.10717773 0.         0.
    0.17871094 0.         0.         0.         0.         0.
    0.5        0.5        0.         0.         0.26879883 0.23901367
    0.         0.2800293 ]
   [0.3076172  0.         0.         0.         0.34228516 0.
    0.37548828 0.         0.         0.         0.         0.
    0.02246094 0.         0.         0.36254883 0.         0.
    0.19067383 0.         0.32958984 0.         0.         0.
    0.5        0.5        0.         0.         0.24658203 0.23071289
    0.         0.15795898]
   [0.22045898 0.         0.         0.         0.5        0.
    0.4729004  0.06054688 0.         0.07617188 0.04321289 0.
    0.         0.         0.         0.         0.         0.
    0.36914062 0.         0.5        0.14624023 0.         0.
    0.47143555 0.5        0.         0.         0.         0.22314453
    0.         0.43432617]]

  [[0.27929688 0.         0.         0.18701172 0.5        0.
    0.39990234 0.43359375 0.         0.03857422 0.         0.
    0.15991211 0.07104492 0.         0.43164062 0.         0.
    0.         0.         0.         0.         0.         0.
    0.28564453 0.015625   0.         0.         0.         0.18188477
    0.         0.39013672]
   [0.11035156 0.02490234 0.         0.1940918  0.5        0.
    0.5        0.2709961  0.         0.5        0.21606445 0.
    0.21948242 0.5        0.         0.48242188 0.         0.
    0.         0.20800781 0.18457031 0.         0.         0.07324219
    0.46899414 0.04052734 0.         0.         0.         0.
    0.         0.38793945]
   [0.19140625 0.21362305 0.17797852 0.         0.5        0.
    0.5        0.3005371  0.         0.39404297 0.13305664 0.
    0.5        0.29125977 0.         0.05957031 0.         0.00952148
    0.         0.5        0.         0.         0.14819336 0.05664062
    0.08349609 0.22436523 0.         0.         0.         0.12890625
    0.015625   0.19189453]]]], shape=(1, 3, 3, 32), dtype=float32)

--- Layer: max_pooling2d_2 (Non-compute Layer - SKIPPED Quantization) ---
[[[[0.35595703 0.21362305 0.17797852 0.1940918  1.1137695  0.08203125
    0.68652344 0.43359375 0.         0.70581055 0.37573242 0.00317383
    0.5600586  0.5046387  0.         0.48242188 0.         0.01635742
    0.45874023 0.5253906  0.68652344 0.14624023 0.14819336 0.07470703
    0.85302734 0.59643555 0.         0.1105957  0.73413086 0.23901367
    0.015625   0.43432617]]]]

--- Layer: flatten (Non-compute Layer - SKIPPED Quantization) ---
[[0.35595703 0.21362305 0.17797852 0.1940918  1.1137695  0.08203125
  0.68652344 0.43359375 0.         0.70581055 0.37573242 0.00317383
  0.5600586  0.5046387  0.         0.48242188 0.         0.01635742
  0.45874023 0.5253906  0.68652344 0.14624023 0.14819336 0.07470703
  0.85302734 0.59643555 0.         0.1105957  0.73413086 0.23901367
  0.015625   0.43432617]]

--- Layer: dense (FC Layer - Quantized Output) ---
tf.Tensor(
[[ 0.5        -0.0925293   0.46020508  0.26464844  0.4814453  -0.2536621
   0.3408203   0.28881836  0.35107422  0.15209961  0.06225586  0.27929688
  -0.31103516 -0.01318359 -0.4375      0.40649414]], shape=(1, 16), dtype=float32)

--- Layer: dense_1 (Final FC Layer - SKIPPED Quantization) ---
[[0.02893393 0.05849611 0.06525894 0.02517982 0.16582365 0.0276173
  0.04252072 0.5002777  0.03359895 0.0522929 ]]

