Layer index: 0
Layer: conv2d
Weight shape: (3, 3, 1, 16)
[[[[ 0.25    0.125   0.      0.      0.0625  0.      0.1875  0.375
    -0.3125  0.125   0.125   0.     -0.0625  0.     -0.125  -0.25  ]]

  [[-0.1875  0.125  -0.25   -0.1875  0.     -0.125   0.1875 -0.25
     0.      0.1875  0.0625  0.1875 -0.1875 -0.125   0.     -0.125 ]]

  [[-0.25   -0.3125  0.1875 -0.1875  0.0625  0.125   0.125  -0.1875
     0.25   -0.25    0.0625  0.3125 -0.125  -0.1875  0.1875  0.125 ]]]


 [[[-0.3125  0.25    0.1875  0.1875  0.0625  0.     -0.0625  0.
    -0.25   -0.1875 -0.0625 -0.0625  0.125   0.125   0.1875 -0.25  ]]

  [[-0.1875  0.     -0.0625  0.1875 -0.0625  0.125   0.0625 -0.1875
     0.0625  0.1875  0.     -0.0625 -0.125   0.0625  0.1875  0.0625]]

  [[ 0.     -0.25    0.125  -0.1875  0.     -0.0625  0.25    0.0625
     0.125   0.125   0.125  -0.375   0.25   -0.375  -0.0625  0.125 ]]]


 [[[ 0.0625  0.0625  0.     -0.125   0.0625  0.     -0.3125  0.1875
     0.     -0.0625  0.125  -0.375   0.125   0.3125  0.1875  0.25  ]]

  [[ 0.1875  0.125  -0.25    0.1875  0.0625  0.     -0.3125 -0.25
    -0.125   0.      0.125  -0.25    0.125   0.125  -0.1875  0.0625]]

  [[ 0.3125 -0.1875  0.0625  0.1875  0.0625  0.0625 -0.3125  0.
     0.125   0.0625 -0.0625  0.     -0.125   0.125  -0.25   -0.0625]]]]

Bias shape : (16,)
[ 0.      0.      0.      0.      0.      0.      0.0625  0.      0.
  0.      0.      0.      0.      0.      0.     -0.0625]

Layer index: 3
Layer: conv2d_1
Weight shape: (3, 3, 16, 32)
[[[[-0.0625 -0.0625  0.      0.      0.      0.      0.0625  0.
     0.125   0.0625  0.125  -0.0625 -0.1875 -0.125  -0.0625  0.
     0.0625  0.      0.0625 -0.1875  0.     -0.0625 -0.0625  0.0625
     0.0625 -0.0625  0.     -0.0625 -0.0625 -0.0625  0.      0.0625]
   [-0.0625  0.      0.0625  0.0625 -0.125   0.0625  0.0625 -0.0625
     0.0625 -0.0625  0.0625  0.0625 -0.125  -0.0625  0.0625 -0.0625
     0.0625  0.0625  0.0625 -0.1875 -0.125   0.0625  0.125   0.0625
     0.      0.     -0.0625  0.0625  0.125  -0.0625  0.      0.    ]
   [ 0.0625  0.      0.0625  0.0625  0.      0.0625 -0.0625 -0.0625
     0.0625  0.0625  0.0625  0.0625  0.      0.0625  0.      0.0625
     0.     -0.0625  0.0625  0.0625  0.     -0.0625 -0.0625 -0.0625
     0.     -0.0625  0.0625  0.0625  0.125  -0.125   0.0625  0.125 ]
   [ 0.0625  0.      0.0625  0.125   0.125   0.0625  0.      0.125
     0.0625  0.0625 -0.0625  0.0625 -0.125  -0.0625 -0.125   0.
    -0.0625 -0.0625  0.125   0.      0.0625  0.125  -0.0625  0.125
     0.      0.      0.      0.      0.0625 -0.0625 -0.0625  0.0625]
   [ 0.     -0.0625 -0.0625  0.0625  0.      0.      0.0625 -0.0625
     0.      0.0625  0.      0.     -0.0625 -0.1875 -0.0625  0.
     0.125   0.125  -0.0625 -0.0625 -0.0625  0.      0.125   0.0625
     0.0625  0.      0.     -0.0625  0.1875 -0.125  -0.0625  0.    ]
   [ 0.125   0.      0.0625  0.      0.0625  0.0625  0.0625 -0.0625
    -0.0625  0.125   0.      0.      0.     -0.0625  0.     -0.0625
     0.125  -0.0625 -0.0625  0.0625 -0.125  -0.0625  0.125  -0.0625
     0.0625 -0.0625  0.125   0.      0.0625 -0.0625  0.      0.0625]
   [ 0.     -0.0625  0.     -0.1875 -0.0625  0.     -0.0625  0.
     0.     -0.0625 -0.0625 -0.0625  0.0625  0.0625 -0.0625  0.125
    -0.125   0.     -0.0625  0.1875  0.0625  0.0625  0.     -0.0625
     0.125  -0.125   0.      0.0625  0.0625 -0.0625 -0.0625  0.    ]
   [-0.0625  0.0625  0.      0.      0.      0.0625  0.125  -0.0625
     0.0625 -0.0625  0.0625  0.0625 -0.125   0.0625  0.125  -0.0625
     0.0625  0.25    0.0625 -0.125  -0.1875 -0.0625  0.125   0.1875
    -0.0625  0.0625  0.     -0.0625  0.1875 -0.125   0.125  -0.0625]
   [ 0.0625  0.1875  0.0625 -0.0625  0.0625  0.1875  0.0625  0.0625
    -0.0625  0.0625 -0.0625  0.      0.     -0.0625  0.125  -0.0625
     0.0625  0.0625  0.      0.     -0.0625  0.      0.0625  0.0625
     0.      0.0625  0.125   0.0625 -0.0625 -0.1875  0.125  -0.0625]
   [-0.0625 -0.0625 -0.125   0.      0.125  -0.0625 -0.0625 -0.0625
     0.      0.0625 -0.0625  0.125  -0.125   0.     -0.125  -0.0625
     0.0625  0.      0.      0.0625 -0.0625 -0.0625  0.     -0.0625
     0.0625 -0.1875  0.0625  0.0625 -0.0625 -0.1875  0.0625  0.125 ]
   [ 0.125   0.0625  0.      0.0625 -0.125   0.      0.0625 -0.0625
    -0.0625  0.      0.0625  0.     -0.0625 -0.125  -0.0625  0.
     0.      0.1875 -0.0625 -0.125   0.     -0.0625  0.0625  0.0625
     0.0625  0.0625  0.125   0.      0.1875 -0.1875 -0.125   0.0625]
   [-0.125  -0.125   0.      0.0625 -0.125  -0.0625  0.0625  0.0625
     0.      0.125   0.     -0.0625  0.0625  0.0625  0.125   0.0625
     0.     -0.0625  0.0625  0.0625 -0.0625  0.      0.      0.0625
     0.0625 -0.125  -0.0625  0.      0.125  -0.0625 -0.0625 -0.125 ]
   [ 0.0625 -0.0625  0.0625  0.0625  0.1875 -0.0625  0.0625  0.
     0.0625  0.0625  0.     -0.0625 -0.0625 -0.125  -0.125   0.125
     0.     -0.0625  0.25    0.      0.      0.     -0.125   0.
    -0.0625  0.0625  0.     -0.1875  0.      0.     -0.125   0.0625]
   [ 0.0625 -0.0625  0.125   0.125   0.0625 -0.125  -0.125   0.1875
    -0.125   0.      0.      0.0625 -0.125   0.125  -0.125   0.0625
    -0.0625 -0.125   0.     -0.0625  0.      0.     -0.0625  0.0625
    -0.125   0.0625 -0.0625 -0.0625  0.0625  0.125  -0.125   0.0625]
   [ 0.      0.      0.0625  0.     -0.0625 -0.0625  0.     -0.0625
     0.      0.0625 -0.0625  0.      0.0625 -0.125  -0.0625 -0.0625
     0.125   0.0625  0.0625  0.     -0.1875  0.     -0.125   0.
     0.125   0.0625  0.125  -0.0625  0.     -0.0625  0.      0.    ]
   [-0.125   0.      0.0625 -0.125   0.0625  0.125   0.      0.
     0.      0.0625  0.0625  0.0625 -0.125  -0.0625  0.0625 -0.0625
     0.      0.      0.0625 -0.0625 -0.0625  0.     -0.125  -0.0625
     0.0625  0.0625  0.0625 -0.125   0.     -0.1875  0.      0.0625]]

  [[ 0.0625  0.      0.1875 -0.25   -0.0625  0.0625  0.      0.
     0.0625  0.      0.1875 -0.125   0.0625  0.     -0.125  -0.1875
     0.25   -0.125  -0.0625  0.     -0.0625  0.1875  0.0625  0.
     0.0625  0.0625 -0.125  -0.0625 -0.0625  0.0625  0.0625  0.    ]
   [-0.125   0.0625  0.      0.     -0.0625 -0.0625  0.      0.
     0.0625 -0.0625  0.125   0.     -0.0625 -0.125   0.0625 -0.0625
     0.125   0.0625  0.      0.     -0.125   0.      0.0625 -0.0625
    -0.125   0.125   0.0625  0.0625  0.0625 -0.125   0.0625 -0.0625]
   [ 0.125  -0.0625  0.0625 -0.0625  0.0625  0.      0.0625  0.
    -0.0625  0.0625  0.0625  0.0625 -0.0625  0.125   0.0625  0.0625
     0.125  -0.0625 -0.125   0.0625 -0.125  -0.0625 -0.0625  0.125
     0.     -0.0625  0.      0.0625  0.     -0.125   0.1875 -0.0625]
   [ 0.      0.0625  0.0625  0.      0.      0.     -0.0625  0.
     0.125   0.0625  0.      0.125  -0.0625  0.     -0.0625  0.
     0.0625 -0.0625  0.125   0.     -0.0625  0.      0.     -0.0625
     0.1875 -0.0625  0.      0.0625  0.      0.0625  0.      0.0625]
   [ 0.125  -0.0625  0.      0.0625  0.0625  0.125   0.125  -0.125
    -0.0625  0.0625 -0.0625  0.     -0.125   0.     -0.0625  0.0625
    -0.0625  0.125  -0.0625  0.0625 -0.125   0.     -0.0625  0.0625
    -0.0625  0.     -0.0625  0.      0.     -0.125   0.0625  0.    ]
   [ 0.0625  0.      0.      0.     -0.0625  0.0625  0.0625  0.0625
    -0.125   0.0625  0.0625  0.0625 -0.125   0.0625  0.0625  0.
     0.     -0.0625 -0.0625  0.0625 -0.125   0.0625 -0.0625 -0.0625
     0.      0.      0.125   0.0625  0.125  -0.0625  0.0625  0.0625]
   [-0.0625 -0.0625  0.     -0.0625  0.      0.0625  0.      0.0625
     0.0625  0.     -0.0625 -0.1875  0.125   0.1875 -0.125   0.0625
    -0.0625  0.125   0.0625  0.125   0.     -0.0625  0.      0.
     0.125   0.0625  0.      0.0625  0.0625  0.0625 -0.1875  0.0625]
   [ 0.0625  0.0625  0.     -0.0625 -0.0625  0.      0.      0.0625
     0.     -0.0625  0.125   0.125   0.     -0.0625  0.125  -0.0625
     0.125   0.     -0.0625 -0.0625 -0.125  -0.0625  0.0625 -0.1875
    -0.0625  0.125   0.     -0.0625  0.0625 -0.125   0.125  -0.0625]
   [ 0.      0.     -0.0625 -0.1875  0.      0.      0.      0.0625
     0.     -0.0625  0.0625  0.0625 -0.1875  0.1875  0.125  -0.0625
     0.     -0.125   0.0625  0.0625 -0.1875  0.      0.      0.
    -0.125   0.0625 -0.125   0.0625  0.0625 -0.0625  0.      0.0625]
   [-0.0625  0.125  -0.0625 -0.0625  0.      0.125  -0.0625 -0.125
     0.0625  0.      0.125   0.125  -0.125  -0.125   0.125   0.0625
     0.0625  0.      0.0625 -0.125  -0.25    0.     -0.0625  0.0625
     0.125  -0.0625  0.0625  0.1875  0.0625 -0.125   0.125   0.0625]
   [ 0.0625  0.0625 -0.125   0.     -0.0625  0.125  -0.0625  0.
     0.      0.      0.0625  0.     -0.125  -0.0625  0.0625  0.0625
     0.0625 -0.0625 -0.125   0.125  -0.0625  0.0625 -0.0625  0.0625
    -0.0625 -0.0625  0.125   0.      0.125  -0.125   0.0625  0.    ]
   [ 0.125   0.      0.0625  0.0625  0.      0.      0.0625  0.
     0.      0.0625  0.0625  0.      0.125   0.0625 -0.0625  0.
    -0.1875  0.0625  0.      0.125  -0.0625 -0.0625 -0.0625  0.0625
     0.0625 -0.1875  0.0625 -0.0625  0.0625 -0.0625  0.     -0.0625]
   [ 0.0625  0.125   0.125   0.      0.125   0.      0.      0.
     0.      0.      0.     -0.0625 -0.0625  0.     -0.125   0.
    -0.0625 -0.0625  0.0625  0.0625  0.      0.0625 -0.0625  0.0625
     0.     -0.125   0.     -0.0625 -0.125  -0.0625  0.0625 -0.0625]
   [ 0.125   0.      0.125   0.125  -0.0625  0.      0.      0.
     0.0625  0.     -0.0625  0.0625 -0.125   0.     -0.125   0.0625
    -0.0625 -0.125   0.125  -0.1875  0.125  -0.0625 -0.125   0.
     0.125   0.     -0.0625  0.     -0.125   0.     -0.0625 -0.0625]
   [ 0.      0.      0.0625 -0.0625  0.      0.0625  0.125  -0.0625
     0.      0.      0.125  -0.125   0.      0.0625 -0.25   -0.125
     0.125   0.0625  0.      0.0625  0.      0.0625  0.      0.0625
     0.      0.      0.125  -0.125   0.125  -0.125   0.      0.    ]
   [ 0.1875 -0.0625  0.0625 -0.1875  0.      0.      0.0625  0.1875
     0.0625 -0.125   0.      0.     -0.125   0.     -0.0625  0.
    -0.0625 -0.0625  0.      0.0625 -0.125   0.     -0.0625  0.125
    -0.125   0.0625 -0.0625  0.      0.     -0.0625 -0.0625  0.125 ]]

  [[ 0.0625  0.      0.1875 -0.125   0.0625 -0.125  -0.0625  0.125
     0.1875  0.0625 -0.0625 -0.3125  0.      0.0625 -0.0625  0.
     0.125   0.1875 -0.1875 -0.0625  0.125   0.0625 -0.0625  0.
    -0.0625  0.0625  0.      0.     -0.125  -0.125   0.0625 -0.0625]
   [-0.0625  0.     -0.125  -0.0625  0.      0.      0.     -0.125
    -0.0625 -0.125   0.125   0.1875  0.      0.0625  0.0625 -0.125
     0.0625  0.      0.      0.125  -0.125   0.0625 -0.0625  0.
     0.0625  0.0625  0.0625 -0.0625  0.1875 -0.125   0.      0.0625]
   [ 0.125  -0.125   0.0625 -0.0625 -0.0625  0.      0.     -0.125
     0.      0.      0.0625 -0.0625 -0.1875  0.0625  0.     -0.125
     0.      0.      0.0625  0.     -0.0625  0.0625  0.      0.1875
     0.     -0.0625 -0.0625  0.0625 -0.0625 -0.1875 -0.125   0.    ]
   [-0.0625  0.      0.0625 -0.0625  0.      0.0625  0.0625  0.
     0.0625  0.0625 -0.0625 -0.1875 -0.125   0.125  -0.0625  0.
     0.     -0.0625  0.     -0.1875  0.0625  0.     -0.125   0.
     0.0625 -0.0625  0.      0.1875 -0.125  -0.125  -0.0625  0.    ]
   [ 0.      0.      0.     -0.125  -0.125   0.      0.125   0.0625
    -0.125   0.0625  0.     -0.125  -0.25    0.0625  0.      0.
    -0.0625  0.     -0.0625  0.0625  0.0625  0.      0.     -0.0625
     0.     -0.0625  0.0625  0.125   0.     -0.125   0.0625  0.    ]
   [ 0.0625 -0.0625  0.     -0.0625  0.      0.0625  0.125   0.
    -0.0625  0.     -0.0625 -0.1875 -0.125   0.0625  0.      0.125
     0.     -0.0625 -0.125   0.0625  0.0625  0.      0.      0.125
     0.      0.     -0.0625  0.125   0.     -0.1875  0.      0.125 ]
   [ 0.0625  0.0625 -0.0625  0.      0.0625  0.      0.      0.
    -0.125   0.      0.     -0.3125  0.      0.3125 -0.1875  0.
     0.      0.0625  0.     -0.0625 -0.1875  0.0625  0.     -0.0625
     0.     -0.0625  0.125   0.      0.     -0.0625 -0.125  -0.0625]
   [-0.0625  0.0625  0.0625  0.      0.      0.     -0.125  -0.125
    -0.0625 -0.125   0.      0.125   0.0625  0.      0.0625 -0.0625
     0.0625  0.0625  0.      0.0625 -0.0625 -0.125   0.     -0.125
    -0.0625  0.125   0.125   0.125   0.0625  0.      0.      0.0625]
   [-0.0625  0.     -0.0625  0.      0.0625  0.      0.0625  0.125
    -0.0625  0.      0.0625  0.     -0.25    0.125   0.125  -0.0625
     0.      0.0625  0.0625 -0.0625  0.1875 -0.0625  0.0625  0.
    -0.1875 -0.0625 -0.125   0.0625 -0.0625 -0.1875 -0.1875  0.0625]
   [-0.0625 -0.0625 -0.0625  0.      0.0625  0.      0.1875 -0.0625
     0.      0.      0.      0.     -0.25    0.0625  0.0625 -0.0625
     0.125  -0.0625  0.     -0.0625 -0.0625 -0.0625 -0.0625  0.0625
     0.125  -0.125  -0.0625  0.0625  0.     -0.1875  0.0625  0.0625]
   [ 0.125   0.      0.     -0.125  -0.125   0.0625  0.0625  0.125
    -0.125   0.      0.     -0.0625 -0.1875  0.125   0.125   0.0625
    -0.0625  0.     -0.0625  0.      0.0625  0.      0.     -0.0625
     0.     -0.1875 -0.0625 -0.0625  0.0625 -0.1875 -0.0625  0.125 ]
   [ 0.25   -0.125   0.0625 -0.125   0.      0.0625  0.1875  0.125
     0.0625  0.      0.1875 -0.1875 -0.0625  0.3125 -0.0625 -0.0625
     0.      0.     -0.125   0.0625 -0.0625 -0.0625  0.125   0.0625
     0.     -0.125   0.      0.1875  0.1875 -0.125  -0.1875  0.    ]
   [ 0.0625  0.0625  0.0625  0.      0.     -0.0625 -0.25   -0.0625
     0.1875  0.125  -0.0625 -0.0625 -0.0625  0.0625  0.      0.0625
     0.      0.      0.     -0.125   0.0625 -0.0625 -0.125   0.0625
     0.125   0.     -0.0625  0.0625 -0.125  -0.0625  0.     -0.0625]
   [ 0.      0.0625  0.0625 -0.0625  0.     -0.0625  0.      0.
     0.0625  0.     -0.0625  0.0625  0.0625  0.     -0.0625 -0.0625
     0.0625 -0.0625  0.125  -0.1875  0.0625 -0.125  -0.1875  0.
     0.1875  0.0625 -0.0625  0.1875 -0.1875 -0.0625  0.0625 -0.1875]
   [ 0.125   0.      0.125  -0.125   0.0625  0.125   0.      0.
    -0.1875  0.      0.     -0.125  -0.125   0.125   0.      0.0625
     0.125  -0.125  -0.1875  0.125  -0.125   0.125   0.0625  0.
    -0.125  -0.1875  0.125   0.125   0.     -0.125   0.      0.    ]
   [ 0.0625  0.      0.0625 -0.0625  0.      0.      0.      0.
    -0.0625 -0.0625  0.     -0.125  -0.0625 -0.0625  0.0625 -0.0625
     0.      0.0625 -0.0625 -0.0625  0.0625  0.1875  0.     -0.0625
     0.      0.0625  0.     -0.0625 -0.0625 -0.0625 -0.0625  0.125 ]]]


 [[[-0.125  -0.125  -0.0625 -0.125  -0.0625  0.0625  0.      0.
     0.0625 -0.0625  0.     -0.0625  0.0625 -0.125   0.     -0.0625
     0.     -0.125  -0.0625  0.      0.0625  0.125  -0.125  -0.0625
     0.0625  0.     -0.0625 -0.0625 -0.125   0.     -0.0625  0.    ]
   [-0.0625  0.0625 -0.0625  0.125  -0.125  -0.0625 -0.0625  0.
    -0.0625 -0.0625  0.      0.     -0.1875 -0.0625 -0.125  -0.125
     0.125   0.0625  0.0625 -0.1875 -0.0625  0.0625  0.0625 -0.0625
     0.      0.      0.0625 -0.0625 -0.0625 -0.0625  0.0625 -0.0625]
   [ 0.      0.125   0.0625  0.      0.0625  0.      0.      0.
     0.0625  0.      0.      0.0625 -0.0625  0.      0.      0.
    -0.0625  0.0625  0.     -0.0625  0.      0.     -0.0625  0.0625
     0.0625  0.     -0.0625 -0.0625  0.      0.0625  0.125   0.0625]
   [-0.125   0.      0.0625  0.      0.0625  0.0625  0.      0.125
    -0.125   0.0625  0.      0.     -0.0625  0.0625  0.     -0.125
     0.     -0.125  -0.0625  0.125  -0.125  -0.0625 -0.125   0.
     0.0625  0.0625  0.      0.     -0.125   0.1875  0.0625  0.    ]
   [ 0.     -0.0625  0.      0.125  -0.0625  0.     -0.0625 -0.0625
     0.      0.      0.0625  0.0625 -0.25    0.     -0.125  -0.125
    -0.0625  0.125   0.0625 -0.1875  0.      0.0625  0.0625 -0.125
     0.0625  0.0625  0.     -0.125   0.     -0.0625 -0.125   0.0625]
   [-0.0625 -0.0625  0.      0.     -0.0625 -0.0625  0.      0.
     0.      0.      0.      0.0625 -0.125  -0.125   0.0625  0.
     0.0625  0.0625  0.     -0.0625  0.0625  0.0625 -0.0625 -0.0625
    -0.0625  0.0625  0.0625 -0.125   0.     -0.0625  0.      0.0625]
   [ 0.0625 -0.1875  0.0625 -0.1875  0.0625  0.125   0.0625  0.0625
    -0.125   0.      0.0625 -0.1875 -0.0625 -0.25    0.0625  0.0625
    -0.1875 -0.125  -0.125   0.1875  0.0625 -0.0625  0.125   0.125
    -0.0625 -0.0625  0.      0.125   0.125   0.0625 -0.1875 -0.0625]
   [-0.0625  0.0625 -0.0625  0.125  -0.0625 -0.125   0.     -0.0625
     0.      0.0625  0.0625  0.125  -0.125   0.      0.0625  0.
     0.125   0.0625  0.0625 -0.1875  0.      0.      0.      0.0625
    -0.0625  0.      0.0625 -0.0625  0.0625 -0.0625  0.0625 -0.0625]
   [ 0.      0.     -0.125   0.0625  0.0625 -0.0625  0.     -0.0625
     0.125  -0.0625  0.125   0.     -0.0625  0.      0.0625  0.0625
     0.0625 -0.0625 -0.0625  0.0625  0.      0.125   0.      0.
    -0.0625  0.      0.      0.125  -0.125  -0.125   0.0625 -0.0625]
   [ 0.0625  0.0625  0.      0.1875  0.125   0.     -0.0625 -0.0625
    -0.0625  0.125   0.125   0.125  -0.0625 -0.125   0.     -0.0625
     0.0625  0.0625  0.125  -0.125  -0.0625  0.      0.      0.0625
     0.      0.     -0.0625  0.      0.125   0.0625  0.      0.    ]
   [ 0.0625  0.125  -0.0625  0.1875  0.      0.      0.     -0.0625
     0.     -0.0625  0.125   0.     -0.1875 -0.125  -0.0625  0.0625
    -0.0625  0.0625  0.     -0.1875 -0.125   0.      0.      0.
     0.      0.0625  0.0625 -0.125   0.      0.0625  0.      0.125 ]
   [-0.1875 -0.125   0.125  -0.125   0.0625  0.1875  0.      0.0625
    -0.1875 -0.0625  0.0625 -0.125   0.     -0.0625  0.0625  0.125
    -0.0625 -0.125  -0.125   0.125   0.0625 -0.0625  0.0625  0.125
     0.0625 -0.125   0.      0.      0.0625  0.     -0.125   0.    ]
   [-0.125   0.      0.1875  0.      0.0625  0.      0.      0.
     0.125   0.      0.0625  0.      0.      0.0625  0.     -0.0625
     0.0625 -0.0625  0.0625  0.0625 -0.0625  0.125  -0.0625  0.
     0.0625  0.0625 -0.125  -0.1875 -0.1875  0.0625  0.      0.125 ]
   [ 0.      0.      0.1875  0.0625  0.0625  0.0625  0.0625  0.125
    -0.0625 -0.0625  0.     -0.125  -0.125   0.125  -0.125  -0.1875
     0.      0.      0.      0.     -0.1875 -0.1875  0.      0.
     0.0625  0.      0.0625 -0.125  -0.125   0.0625  0.125  -0.125 ]
   [-0.0625 -0.0625 -0.0625 -0.0625 -0.0625  0.      0.     -0.0625
     0.0625  0.0625  0.0625  0.0625 -0.125  -0.1875  0.     -0.0625
     0.1875  0.125   0.0625 -0.125  -0.0625  0.0625  0.0625 -0.0625
     0.      0.      0.     -0.125   0.     -0.125   0.      0.1875]
   [-0.125   0.0625 -0.1875 -0.125   0.      0.     -0.0625 -0.1875
     0.125  -0.0625  0.      0.125  -0.125   0.      0.      0.
     0.     -0.125  -0.0625  0.0625  0.      0.1875 -0.125  -0.0625
     0.      0.     -0.0625  0.     -0.125  -0.0625  0.1875  0.    ]]

  [[-0.0625 -0.0625  0.0625 -0.125   0.      0.1875  0.125   0.125
     0.0625 -0.125  -0.125  -0.1875  0.0625  0.0625 -0.125  -0.0625
     0.0625  0.0625  0.      0.      0.125   0.125   0.0625  0.
     0.0625  0.0625  0.     -0.1875  0.125  -0.125  -0.1875  0.0625]
   [ 0.      0.     -0.0625  0.1875  0.     -0.125  -0.0625 -0.125
     0.0625 -0.125   0.0625  0.125  -0.1875 -0.1875  0.      0.0625
     0.0625 -0.0625 -0.0625 -0.3125 -0.125   0.0625  0.0625  0.125
    -0.0625  0.     -0.0625  0.      0.1875  0.      0.125   0.0625]
   [ 0.      0.0625  0.      0.     -0.0625  0.0625  0.      0.
     0.      0.0625  0.0625  0.      0.0625 -0.0625  0.125   0.0625
     0.     -0.0625  0.     -0.0625 -0.1875 -0.0625 -0.0625  0.125
     0.      0.0625 -0.125   0.     -0.0625 -0.0625  0.      0.    ]
   [-0.0625  0.     -0.0625 -0.0625  0.0625  0.     -0.0625 -0.0625
     0.     -0.0625 -0.0625  0.      0.      0.0625  0.     -0.1875
    -0.0625 -0.0625  0.0625  0.0625  0.0625 -0.0625 -0.0625 -0.0625
    -0.125   0.125  -0.0625 -0.0625 -0.0625  0.      0.      0.    ]
   [-0.0625  0.0625 -0.0625  0.      0.125  -0.0625 -0.0625 -0.0625
    -0.0625  0.0625  0.0625  0.0625  0.     -0.0625  0.125  -0.0625
    -0.0625 -0.0625 -0.0625  0.     -0.0625  0.0625 -0.125  -0.0625
     0.     -0.0625 -0.0625  0.     -0.0625 -0.0625  0.     -0.0625]
   [-0.0625 -0.0625 -0.0625  0.      0.0625 -0.0625 -0.0625  0.0625
     0.      0.      0.      0.      0.     -0.0625  0.125   0.0625
     0.     -0.0625  0.     -0.125   0.      0.0625 -0.125  -0.0625
    -0.0625  0.0625  0.      0.     -0.0625  0.0625  0.     -0.0625]
   [ 0.125  -0.125   0.0625 -0.125   0.0625  0.0625  0.     -0.125
    -0.125  -0.125   0.0625 -0.125  -0.125   0.125  -0.125  -0.1875
    -0.125   0.     -0.125   0.25    0.0625 -0.0625  0.     -0.0625
     0.     -0.0625  0.0625  0.0625  0.     -0.0625 -0.1875  0.0625]
   [ 0.      0.0625 -0.0625  0.0625 -0.0625 -0.0625  0.      0.
    -0.125  -0.125   0.      0.125  -0.125  -0.0625  0.0625  0.
     0.0625  0.0625 -0.1875 -0.0625  0.0625  0.      0.      0.0625
     0.0625 -0.0625 -0.1875  0.      0.     -0.0625  0.0625  0.0625]
   [-0.125   0.0625 -0.125  -0.0625  0.     -0.0625 -0.0625  0.0625
    -0.0625  0.      0.0625  0.0625 -0.0625  0.      0.0625  0.125
     0.0625 -0.125   0.     -0.0625  0.0625 -0.0625 -0.125  -0.0625
     0.     -0.0625 -0.0625  0.125  -0.0625 -0.125   0.125  -0.0625]
   [ 0.0625  0.      0.      0.0625  0.0625 -0.125  -0.0625 -0.0625
     0.0625 -0.0625 -0.0625  0.0625 -0.0625 -0.0625  0.      0.125
    -0.0625 -0.0625  0.      0.     -0.0625  0.     -0.125   0.0625
     0.     -0.0625  0.125   0.      0.0625 -0.0625  0.125   0.    ]
   [ 0.      0.      0.0625  0.      0.125   0.0625 -0.0625 -0.0625
     0.0625  0.      0.0625  0.0625 -0.0625 -0.1875  0.0625  0.0625
     0.     -0.0625 -0.125  -0.0625  0.0625 -0.0625 -0.0625  0.
    -0.0625  0.0625  0.0625  0.      0.     -0.125   0.     -0.0625]
   [ 0.     -0.125   0.125  -0.0625  0.0625  0.125  -0.0625 -0.0625
     0.     -0.0625  0.      0.      0.      0.125  -0.0625 -0.1875
     0.0625  0.     -0.0625  0.125  -0.0625 -0.125   0.125   0.0625
    -0.125  -0.125   0.0625  0.0625  0.0625 -0.0625 -0.0625 -0.0625]
   [ 0.0625 -0.125   0.1875  0.0625  0.      0.      0.0625  0.
     0.     -0.0625 -0.0625 -0.0625  0.0625  0.      0.0625 -0.0625
    -0.0625  0.      0.0625  0.      0.      0.0625 -0.125   0.
     0.      0.      0.     -0.1875 -0.125   0.      0.      0.0625]
   [ 0.      0.      0.0625 -0.0625  0.      0.      0.      0.0625
    -0.125  -0.0625 -0.25   -0.125   0.      0.125   0.     -0.0625
    -0.0625  0.     -0.0625  0.     -0.0625 -0.1875 -0.1875  0.
     0.     -0.0625  0.     -0.1875 -0.1875  0.0625 -0.125  -0.0625]
   [ 0.0625  0.125   0.125   0.      0.0625  0.      0.     -0.125
     0.0625 -0.125   0.      0.125   0.     -0.0625 -0.125   0.
     0.0625 -0.0625  0.0625 -0.0625 -0.125   0.1875  0.0625  0.125
     0.1875  0.0625 -0.125   0.      0.0625  0.     -0.125   0.    ]
   [-0.0625  0.     -0.0625 -0.1875  0.0625  0.      0.125   0.
     0.0625  0.     -0.125  -0.125   0.     -0.0625  0.0625  0.0625
    -0.0625 -0.0625  0.      0.0625  0.      0.125  -0.0625  0.
     0.125   0.0625 -0.25    0.     -0.0625  0.      0.      0.0625]]

  [[ 0.125  -0.0625 -0.0625  0.      0.0625  0.125  -0.0625  0.
     0.     -0.0625  0.125   0.125   0.0625  0.     -0.125   0.
     0.0625  0.      0.0625  0.      0.     -0.0625  0.3125 -0.0625
    -0.125   0.125   0.     -0.0625  0.125  -0.25    0.0625  0.    ]
   [-0.0625  0.0625  0.0625  0.     -0.0625 -0.1875  0.0625  0.
    -0.1875 -0.0625  0.25    0.125  -0.125  -0.25    0.0625  0.0625
     0.1875  0.125   0.     -0.0625  0.0625 -0.0625 -0.1875  0.
     0.      0.      0.0625 -0.0625  0.0625  0.     -0.0625  0.    ]
   [ 0.      0.      0.      0.      0.     -0.0625  0.1875 -0.0625
     0.0625  0.0625 -0.0625 -0.0625 -0.0625 -0.1875  0.0625  0.0625
     0.      0.      0.0625  0.     -0.0625  0.0625  0.      0.
     0.     -0.0625 -0.0625  0.0625 -0.125  -0.1875  0.0625  0.125 ]
   [ 0.0625 -0.0625  0.     -0.0625  0.     -0.125   0.0625  0.0625
     0.      0.     -0.125  -0.125   0.0625 -0.0625  0.0625 -0.0625
     0.      0.125   0.125  -0.125   0.125   0.      0.     -0.125
    -0.0625  0.0625  0.0625  0.0625 -0.0625 -0.125  -0.0625 -0.0625]
   [-0.0625 -0.0625  0.0625 -0.0625  0.     -0.0625 -0.0625  0.125
    -0.0625  0.125  -0.0625 -0.0625  0.     -0.0625  0.0625  0.125
     0.0625  0.      0.0625 -0.125   0.0625 -0.0625 -0.125   0.0625
    -0.125   0.0625  0.0625  0.     -0.0625 -0.125   0.0625  0.0625]
   [ 0.0625 -0.125  -0.125  -0.0625 -0.0625  0.0625  0.      0.125
     0.      0.0625 -0.125  -0.125   0.     -0.125   0.125   0.0625
    -0.125   0.125  -0.0625 -0.0625  0.1875 -0.0625  0.     -0.0625
     0.      0.      0.     -0.0625 -0.125  -0.1875 -0.0625 -0.0625]
   [ 0.      0.      0.0625 -0.0625  0.     -0.1875 -0.0625 -0.125
     0.     -0.1875 -0.0625 -0.1875 -0.0625  0.0625 -0.125   0.
    -0.0625  0.0625  0.      0.0625 -0.0625  0.     -0.1875 -0.0625
    -0.0625 -0.0625  0.0625  0.125  -0.0625 -0.0625 -0.125  -0.125 ]
   [ 0.0625  0.0625  0.125   0.0625 -0.0625 -0.0625 -0.0625  0.
    -0.125   0.0625  0.0625  0.1875 -0.1875 -0.125   0.0625 -0.0625
     0.      0.      0.     -0.0625  0.     -0.0625  0.      0.
    -0.0625 -0.0625 -0.125  -0.0625  0.      0.      0.      0.    ]
   [-0.125  -0.0625 -0.0625  0.0625  0.      0.      0.1875  0.0625
     0.      0.     -0.0625  0.0625 -0.1875 -0.1875  0.      0.
    -0.0625  0.0625  0.0625 -0.0625  0.0625 -0.0625  0.      0.
    -0.0625 -0.0625 -0.1875  0.     -0.0625 -0.1875  0.     -0.0625]
   [ 0.0625  0.     -0.0625  0.      0.     -0.125   0.1875  0.0625
     0.      0.     -0.0625 -0.0625  0.     -0.125   0.125  -0.0625
     0.      0.      0.125  -0.0625  0.      0.125  -0.0625  0.
     0.125   0.0625  0.0625  0.1875  0.     -0.1875  0.125   0.0625]
   [ 0.0625 -0.0625  0.0625 -0.125   0.125  -0.0625  0.0625  0.
     0.0625  0.125  -0.0625  0.      0.0625 -0.125   0.0625  0.125
     0.     -0.0625 -0.125   0.      0.0625  0.     -0.0625  0.0625
     0.0625 -0.125  -0.0625  0.0625 -0.125  -0.125   0.     -0.0625]
   [ 0.0625  0.      0.      0.      0.     -0.0625 -0.125  -0.1875
     0.0625  0.125   0.0625 -0.25   -0.0625  0.125  -0.125   0.
    -0.0625  0.0625  0.0625 -0.0625 -0.125  -0.0625  0.0625  0.0625
     0.     -0.125   0.125   0.     -0.1875 -0.0625  0.0625  0.    ]
   [ 0.      0.0625  0.0625  0.      0.     -0.0625  0.     -0.0625
    -0.0625  0.     -0.125  -0.125   0.0625  0.0625  0.      0.
     0.     -0.0625 -0.0625 -0.125   0.0625  0.      0.125   0.0625
     0.      0.125   0.      0.0625 -0.0625 -0.0625  0.125  -0.125 ]
   [-0.0625  0.     -0.1875  0.      0.     -0.125   0.     -0.0625
    -0.0625 -0.0625 -0.25   -0.125   0.125   0.0625  0.     -0.1875
    -0.0625  0.0625  0.0625 -0.125   0.     -0.0625 -0.0625 -0.0625
     0.0625  0.125   0.0625  0.     -0.1875  0.     -0.0625 -0.0625]
   [ 0.0625  0.      0.     -0.125   0.      0.      0.      0.0625
     0.0625  0.      0.125   0.0625 -0.125   0.      0.0625  0.1875
     0.      0.     -0.0625 -0.0625  0.      0.0625 -0.0625  0.125
     0.0625 -0.125   0.0625  0.125   0.     -0.125   0.      0.0625]
   [-0.125   0.     -0.0625  0.      0.     -0.0625  0.1875  0.125
    -0.0625  0.      0.     -0.0625  0.     -0.0625 -0.0625 -0.0625
     0.      0.0625 -0.0625  0.0625  0.125   0.0625  0.125   0.0625
     0.      0.0625 -0.125  -0.1875 -0.0625 -0.0625 -0.0625 -0.0625]]]


 [[[-0.0625 -0.0625  0.     -0.125  -0.0625  0.25    0.      0.0625
    -0.0625  0.0625  0.      0.1875  0.125  -0.0625 -0.3125 -0.0625
     0.0625 -0.0625 -0.0625  0.0625  0.0625  0.     -0.0625 -0.0625
     0.125  -0.125  -0.0625  0.0625  0.125   0.      0.0625 -0.125 ]
   [ 0.      0.     -0.125   0.125  -0.0625 -0.1875 -0.0625  0.
     0.0625  0.     -0.125   0.     -0.125   0.     -0.0625  0.
     0.0625  0.125  -0.0625 -0.0625  0.0625  0.0625 -0.125  -0.0625
     0.     -0.0625 -0.125  -0.125  -0.125   0.0625  0.      0.0625]
   [ 0.0625  0.0625  0.      0.      0.0625  0.      0.0625  0.0625
     0.0625  0.0625  0.      0.      0.     -0.0625  0.125   0.
     0.0625  0.0625  0.125   0.     -0.0625  0.125  -0.0625  0.
     0.0625  0.0625  0.0625 -0.1875 -0.0625  0.125   0.0625  0.    ]
   [ 0.125   0.0625 -0.0625 -0.0625  0.      0.0625  0.      0.0625
    -0.0625  0.     -0.0625  0.      0.125  -0.125  -0.1875 -0.0625
     0.125   0.      0.0625  0.125  -0.0625 -0.0625 -0.125  -0.125
     0.      0.     -0.0625  0.     -0.0625  0.      0.125   0.0625]
   [-0.0625  0.     -0.0625  0.125  -0.0625 -0.125  -0.125   0.
     0.0625 -0.0625 -0.125   0.0625  0.      0.     -0.25   -0.0625
     0.      0.0625  0.0625  0.0625 -0.125   0.125  -0.25   -0.1875
     0.      0.     -0.125  -0.1875 -0.0625  0.1875  0.125  -0.0625]
   [ 0.      0.0625 -0.125   0.      0.     -0.0625  0.      0.
     0.0625  0.0625 -0.0625  0.0625  0.125  -0.0625 -0.125  -0.0625
     0.0625  0.0625  0.0625  0.     -0.125   0.     -0.0625 -0.125
     0.      0.0625 -0.0625 -0.0625 -0.0625  0.125   0.      0.0625]
   [ 0.     -0.1875  0.1875 -0.0625  0.0625 -0.0625 -0.0625  0.
    -0.0625  0.0625  0.25    0.     -0.125  -0.25    0.125  -0.125
    -0.0625  0.      0.0625 -0.125   0.125  -0.1875  0.      0.
     0.     -0.0625  0.0625 -0.0625  0.      0.      0.0625 -0.0625]
   [ 0.0625  0.      0.      0.125   0.     -0.0625  0.0625 -0.0625
     0.0625 -0.0625 -0.125   0.     -0.125  -0.0625  0.      0.
     0.      0.0625 -0.0625 -0.0625  0.      0.125   0.0625 -0.0625
    -0.0625  0.     -0.125  -0.0625 -0.0625  0.125   0.      0.0625]
   [ 0.0625  0.     -0.125   0.0625  0.0625 -0.0625  0.0625  0.
    -0.0625  0.     -0.125   0.125   0.125  -0.125   0.      0.125
    -0.0625  0.125  -0.0625  0.      0.      0.0625 -0.125   0.
    -0.0625 -0.0625  0.      0.     -0.125   0.     -0.0625  0.    ]
   [ 0.      0.0625 -0.0625  0.0625  0.      0.     -0.0625 -0.0625
     0.0625  0.0625 -0.125   0.      0.     -0.0625 -0.125  -0.125
     0.0625  0.0625  0.125   0.0625 -0.125  -0.0625 -0.125  -0.125
     0.      0.0625  0.0625  0.      0.      0.     -0.0625  0.0625]
   [-0.125   0.0625 -0.125   0.1875  0.      0.     -0.125  -0.0625
     0.      0.     -0.125   0.0625  0.125   0.     -0.1875  0.
     0.0625  0.0625  0.125   0.125  -0.1875  0.125  -0.25   -0.0625
     0.      0.0625  0.0625 -0.125  -0.125   0.1875 -0.125   0.125 ]
   [-0.0625  0.0625  0.     -0.125   0.      0.125  -0.125   0.
    -0.125   0.      0.25    0.0625  0.0625 -0.125  -0.0625 -0.125
    -0.0625  0.      0.0625  0.      0.125  -0.1875  0.125   0.0625
     0.      0.      0.1875  0.      0.0625  0.     -0.125  -0.0625]
   [ 0.125  -0.125  -0.0625 -0.0625  0.125   0.0625  0.125   0.0625
    -0.0625  0.      0.0625  0.      0.125  -0.0625 -0.0625 -0.0625
     0.0625  0.      0.125   0.0625 -0.0625 -0.0625 -0.125   0.
     0.125   0.125  -0.125   0.     -0.0625  0.      0.125  -0.0625]
   [ 0.1875  0.125  -0.0625 -0.0625  0.     -0.1875  0.0625  0.
    -0.0625 -0.125  -0.0625 -0.25    0.     -0.1875 -0.0625 -0.0625
    -0.0625  0.0625  0.0625  0.0625  0.     -0.1875 -0.3125 -0.125
     0.0625  0.0625  0.0625 -0.125  -0.125   0.25    0.25   -0.0625]
   [-0.0625 -0.0625 -0.0625  0.125   0.      0.      0.0625  0.0625
     0.0625  0.0625  0.125   0.25    0.0625 -0.0625  0.      0.0625
     0.     -0.0625  0.      0.0625  0.0625  0.125  -0.0625 -0.0625
     0.      0.     -0.1875 -0.0625 -0.0625  0.      0.      0.    ]
   [-0.0625  0.     -0.1875 -0.0625  0.0625  0.      0.     -0.0625
    -0.125   0.      0.      0.1875  0.1875 -0.125   0.      0.125
    -0.0625 -0.0625  0.      0.     -0.0625  0.0625 -0.125   0.
    -0.0625 -0.0625 -0.125   0.0625 -0.125   0.0625  0.0625  0.    ]]

  [[ 0.      0.      0.0625  0.      0.      0.0625  0.     -0.0625
     0.     -0.1875  0.25    0.      0.0625  0.0625 -0.375   0.0625
    -0.0625 -0.0625  0.125   0.0625 -0.0625  0.0625  0.125   0.0625
     0.0625  0.0625 -0.125   0.1875  0.0625  0.     -0.125   0.0625]
   [-0.0625 -0.0625 -0.0625  0.125  -0.125  -0.1875 -0.125  -0.0625
     0.     -0.0625  0.      0.125  -0.3125  0.      0.125   0.25
     0.      0.0625  0.      0.      0.     -0.125   0.      0.0625
     0.      0.     -0.125  -0.0625 -0.0625  0.125   0.     -0.0625]
   [ 0.0625  0.0625  0.      0.125   0.0625  0.      0.0625  0.
     0.0625  0.0625  0.     -0.125   0.      0.      0.125   0.0625
     0.0625  0.      0.125  -0.0625 -0.0625  0.      0.0625  0.0625
    -0.0625  0.     -0.125   0.      0.     -0.0625  0.125   0.0625]
   [ 0.0625  0.     -0.0625 -0.0625  0.0625  0.0625  0.      0.
     0.     -0.0625 -0.0625 -0.25    0.0625  0.125  -0.0625  0.
     0.0625  0.0625  0.0625  0.1875 -0.0625 -0.0625  0.0625  0.0625
     0.125   0.125   0.      0.125  -0.125   0.0625 -0.0625 -0.0625]
   [-0.125   0.      0.     -0.0625  0.      0.0625 -0.1875  0.
     0.0625  0.     -0.125   0.      0.     -0.0625 -0.125   0.0625
    -0.0625 -0.0625 -0.0625  0.0625  0.0625  0.     -0.125   0.0625
     0.      0.0625  0.0625 -0.125  -0.0625  0.125   0.0625  0.0625]
   [-0.0625  0.0625  0.     -0.0625 -0.0625  0.0625  0.      0.125
     0.125   0.     -0.125  -0.125   0.      0.0625  0.      0.
     0.0625 -0.125   0.125   0.      0.     -0.125  -0.0625  0.0625
    -0.0625 -0.0625 -0.0625  0.     -0.125   0.      0.     -0.0625]
   [ 0.     -0.125   0.     -0.0625  0.0625 -0.125   0.0625 -0.0625
     0.      0.      0.      0.      0.0625  0.      0.      0.
     0.      0.      0.0625 -0.0625 -0.0625 -0.1875  0.     -0.0625
    -0.0625 -0.0625  0.125   0.0625  0.     -0.125  -0.125  -0.0625]
   [-0.125   0.     -0.0625  0.0625 -0.0625 -0.0625 -0.0625  0.
     0.0625  0.0625  0.0625  0.0625 -0.125   0.0625 -0.0625  0.25
     0.      0.      0.     -0.125   0.      0.0625  0.0625  0.0625
     0.0625  0.     -0.1875  0.      0.      0.     -0.0625  0.125 ]
   [ 0.     -0.0625  0.     -0.125  -0.0625  0.     -0.0625  0.125
    -0.0625  0.0625 -0.0625 -0.0625  0.0625  0.0625  0.1875  0.0625
     0.     -0.0625  0.     -0.0625  0.     -0.125  -0.0625  0.125
     0.0625 -0.0625 -0.0625  0.     -0.0625  0.125   0.      0.    ]
   [ 0.      0.125  -0.125  -0.125   0.0625  0.0625 -0.125   0.0625
     0.0625  0.     -0.125  -0.125   0.0625 -0.0625  0.125   0.
     0.0625 -0.0625  0.0625  0.      0.      0.0625  0.      0.
     0.     -0.0625  0.     -0.0625  0.      0.0625  0.      0.0625]
   [-0.125   0.0625 -0.0625 -0.0625  0.0625  0.     -0.125   0.
     0.      0.     -0.125  -0.0625  0.0625 -0.0625 -0.125   0.0625
    -0.125   0.0625  0.125   0.     -0.0625  0.     -0.0625 -0.0625
    -0.125   0.125   0.0625 -0.125  -0.125   0.      0.0625  0.    ]
   [ 0.     -0.0625  0.     -0.0625  0.0625 -0.125   0.0625 -0.0625
    -0.125  -0.125   0.1875  0.0625  0.0625  0.125  -0.125   0.
     0.      0.0625  0.125  -0.125   0.0625 -0.25   -0.0625 -0.0625
     0.      0.125   0.1875  0.      0.     -0.0625  0.     -0.0625]
   [ 0.0625  0.0625 -0.125  -0.125   0.      0.125   0.0625  0.0625
     0.0625 -0.0625  0.0625 -0.125   0.0625  0.0625 -0.125  -0.0625
     0.0625  0.0625  0.1875  0.125  -0.125   0.0625  0.      0.0625
     0.125   0.      0.125   0.125   0.      0.125  -0.0625  0.    ]
   [ 0.0625  0.     -0.125  -0.125   0.     -0.1875  0.     -0.0625
     0.125  -0.125  -0.1875 -0.1875  0.125   0.0625  0.      0.
     0.      0.125   0.      0.125  -0.125   0.     -0.0625 -0.0625
     0.0625  0.125   0.0625 -0.0625 -0.125   0.25    0.      0.125 ]
   [ 0.     -0.0625  0.0625  0.0625  0.0625  0.125   0.      0.
     0.     -0.0625  0.      0.0625  0.125   0.     -0.0625  0.0625
    -0.0625  0.125   0.0625  0.0625 -0.0625  0.0625 -0.125  -0.0625
     0.125   0.      0.      0.     -0.0625 -0.0625  0.      0.    ]
   [ 0.125  -0.125   0.     -0.125   0.      0.125   0.      0.0625
     0.      0.0625  0.      0.      0.0625  0.     -0.0625  0.0625
     0.     -0.125   0.0625 -0.0625  0.0625  0.      0.     -0.0625
     0.      0.     -0.0625  0.0625  0.     -0.0625  0.125  -0.0625]]

  [[-0.0625  0.0625 -0.0625 -0.0625 -0.0625  0.0625  0.1875 -0.125
     0.1875  0.      0.1875  0.1875  0.0625  0.0625 -0.125  -0.0625
     0.0625 -0.0625 -0.0625 -0.1875 -0.125   0.      0.125   0.
     0.125   0.     -0.125  -0.0625  0.     -0.1875 -0.0625 -0.0625]
   [-0.0625 -0.125  -0.0625  0.0625 -0.0625 -0.0625  0.      0.
    -0.1875  0.      0.     -0.0625 -0.125  -0.1875  0.0625  0.25
     0.0625  0.125   0.0625  0.0625  0.0625 -0.0625  0.      0.0625
     0.     -0.0625  0.125  -0.0625 -0.125   0.25    0.0625  0.0625]
   [ 0.      0.0625 -0.0625  0.     -0.0625  0.125   0.0625  0.0625
     0.25    0.     -0.125   0.      0.     -0.0625  0.125  -0.0625
     0.0625  0.0625  0.      0.      0.      0.      0.1875  0.0625
     0.0625 -0.0625 -0.0625 -0.0625 -0.0625 -0.1875  0.      0.0625]
   [-0.0625  0.     -0.0625  0.      0.125   0.0625  0.0625 -0.125
     0.125   0.      0.     -0.125   0.0625  0.0625  0.0625 -0.125
     0.0625  0.0625  0.0625  0.125   0.0625 -0.0625  0.125   0.
     0.      0.125  -0.0625  0.0625 -0.0625  0.      0.0625 -0.0625]
   [ 0.      0.0625 -0.0625 -0.125  -0.0625  0.0625  0.0625  0.0625
     0.0625  0.125  -0.0625 -0.125   0.125   0.      0.1875 -0.0625
     0.      0.     -0.0625  0.      0.      0.      0.125   0.
     0.      0.     -0.0625 -0.125   0.      0.      0.0625 -0.0625]
   [-0.0625  0.      0.      0.      0.0625  0.125   0.0625  0.0625
     0.125   0.      0.      0.0625  0.125  -0.0625  0.125  -0.125
     0.     -0.0625  0.125   0.      0.125  -0.0625  0.125  -0.0625
     0.      0.125  -0.125   0.     -0.0625 -0.125   0.125   0.    ]
   [ 0.0625 -0.0625 -0.125  -0.0625  0.1875 -0.125   0.125  -0.125
     0.0625  0.     -0.0625 -0.0625  0.125  -0.0625 -0.0625 -0.0625
    -0.0625 -0.0625  0.0625  0.     -0.1875  0.0625  0.25   -0.1875
    -0.0625 -0.0625  0.0625  0.125  -0.0625 -0.0625 -0.125   0.0625]
   [ 0.      0.      0.125  -0.0625 -0.1875 -0.0625  0.0625  0.0625
     0.      0.      0.1875  0.     -0.125  -0.0625  0.      0.125
     0.0625 -0.0625  0.     -0.0625  0.0625 -0.0625  0.0625  0.1875
     0.     -0.125   0.     -0.125   0.      0.125   0.     -0.0625]
   [-0.0625 -0.0625  0.0625 -0.0625 -0.125   0.      0.1875  0.125
    -0.0625  0.0625 -0.0625  0.      0.      0.      0.125  -0.0625
    -0.0625  0.125   0.0625 -0.0625  0.25    0.0625  0.0625  0.0625
     0.0625  0.     -0.1875 -0.0625  0.0625 -0.25    0.0625  0.0625]
   [-0.0625  0.     -0.0625 -0.0625  0.125   0.125   0.      0.0625
     0.0625  0.1875 -0.0625 -0.0625  0.0625 -0.125   0.125  -0.0625
     0.0625 -0.0625  0.      0.0625  0.1875  0.0625  0.     -0.0625
    -0.0625  0.0625  0.      0.0625 -0.0625 -0.0625  0.0625  0.    ]
   [-0.0625  0.      0.     -0.125   0.      0.125   0.0625  0.1875
     0.      0.0625 -0.0625  0.      0.      0.0625  0.125   0.0625
     0.     -0.125   0.     -0.0625  0.125   0.0625  0.      0.0625
    -0.125  -0.0625  0.      0.0625 -0.0625  0.      0.0625  0.0625]
   [ 0.      0.0625 -0.0625 -0.0625  0.1875 -0.0625  0.     -0.125
    -0.0625  0.      0.      0.      0.25   -0.0625 -0.125   0.
     0.0625 -0.0625  0.0625 -0.1875 -0.1875  0.      0.125  -0.1875
     0.      0.0625  0.      0.125   0.     -0.0625  0.      0.    ]
   [ 0.      0.125  -0.125  -0.0625  0.0625 -0.0625 -0.0625 -0.125
     0.0625  0.      0.0625 -0.0625  0.      0.     -0.0625 -0.0625
     0.0625  0.0625  0.      0.     -0.1875  0.0625  0.125   0.
     0.      0.      0.      0.     -0.0625  0.      0.      0.0625]
   [ 0.0625  0.125   0.      0.      0.      0.     -0.0625 -0.125
     0.     -0.0625 -0.1875 -0.1875  0.1875  0.0625  0.0625  0.
     0.      0.      0.      0.1875  0.     -0.0625  0.0625  0.
     0.      0.0625  0.0625 -0.0625  0.      0.1875  0.      0.    ]
   [ 0.0625  0.0625 -0.0625  0.0625  0.      0.125   0.      0.
     0.0625 -0.0625 -0.0625 -0.0625  0.0625  0.      0.0625  0.
     0.      0.0625  0.      0.      0.      0.125   0.1875  0.0625
     0.0625  0.     -0.0625 -0.0625 -0.0625  0.      0.0625  0.    ]
   [ 0.0625  0.0625  0.0625 -0.0625 -0.0625  0.0625  0.0625  0.0625
     0.0625 -0.0625  0.0625  0.0625  0.      0.0625 -0.125   0.
     0.      0.0625  0.0625 -0.0625  0.      0.125   0.1875  0.
     0.1875  0.     -0.1875  0.      0.0625 -0.0625  0.     -0.0625]]]]

Bias shape : (32,)
[-0.0625 -0.0625  0.      0.     -0.0625 -0.0625 -0.1875  0.     -0.0625
 -0.0625  0.      0.      0.      0.      0.      0.     -0.125  -0.0625
 -0.0625  0.      0.0625 -0.0625 -0.0625 -0.125  -0.1875 -0.0625 -0.0625
  0.      0.      0.125  -0.0625 -0.0625]

Layer index: 6
Layer: conv2d_2
Weight shape: (3, 3, 32, 32)
[[[[ 0.      0.      0.     -0.125   0.125   0.      0.     -0.0625
     0.      0.      0.      0.      0.     -0.0625 -0.1875 -0.0625
     0.     -0.1875 -0.0625  0.0625  0.0625  0.0625 -0.0625  0.
     0.0625  0.     -0.0625 -0.0625 -0.0625  0.      0.      0.    ]
   [-0.0625  0.0625 -0.0625  0.0625  0.0625  0.0625  0.      0.
     0.0625  0.      0.      0.125   0.0625  0.      0.0625  0.0625
     0.      0.      0.      0.125   0.      0.0625  0.125   0.
     0.0625  0.0625  0.      0.      0.125   0.     -0.125   0.0625]
   [-0.125   0.125  -0.125  -0.0625  0.0625 -0.0625  0.      0.
     0.     -0.125  -0.0625 -0.0625  0.     -0.1875  0.0625 -0.125
     0.     -0.125   0.      0.      0.     -0.0625 -0.0625  0.
     0.      0.      0.     -0.0625 -0.0625  0.     -0.0625  0.    ]
   [ 0.125  -0.0625  0.0625  0.1875  0.125   0.125   0.      0.1875
     0.0625  0.125   0.0625 -0.0625  0.1875  0.125   0.125   0.0625
     0.      0.     -0.125   0.1875 -0.0625  0.0625  0.125   0.
     0.0625  0.0625 -0.0625  0.      0.375   0.0625 -0.0625  0.0625]
   [-0.0625  0.      0.      0.     -0.0625 -0.0625  0.0625 -0.125
     0.     -0.125   0.     -0.0625  0.0625 -0.0625  0.0625 -0.125
     0.      0.      0.      0.0625  0.0625  0.0625 -0.0625 -0.125
     0.125   0.0625 -0.0625  0.      0.0625  0.0625 -0.125  -0.0625]
   [-0.125  -0.0625  0.125   0.      0.1875 -0.0625 -0.125  -0.0625
    -0.125   0.      0.     -0.125   0.     -0.0625  0.      0.0625
     0.      0.125   0.0625  0.0625 -0.0625  0.125   0.     -0.0625
    -0.1875 -0.125   0.     -0.0625  0.      0.0625 -0.125  -0.0625]
   [ 0.      0.0625  0.0625  0.0625  0.     -0.125   0.     -0.0625
    -0.1875  0.0625  0.     -0.125   0.      0.125   0.     -0.0625
     0.      0.     -0.1875  0.     -0.125   0.      0.      0.0625
     0.      0.0625  0.0625  0.     -0.0625  0.0625  0.      0.    ]
   [ 0.0625 -0.125   0.     -0.125   0.      0.0625  0.0625  0.0625
     0.      0.     -0.0625 -0.125  -0.0625  0.      0.0625  0.
     0.      0.125   0.      0.     -0.0625  0.125   0.      0.
    -0.0625 -0.1875 -0.0625 -0.0625  0.      0.     -0.125   0.    ]
   [-0.0625  0.     -0.125   0.      0.0625  0.     -0.0625 -0.0625
     0.0625  0.     -0.0625  0.0625 -0.0625 -0.125   0.     -0.125
     0.      0.      0.      0.      0.      0.     -0.0625 -0.125
     0.0625  0.0625  0.      0.      0.0625  0.0625  0.0625 -0.0625]
   [ 0.0625  0.0625  0.0625 -0.125   0.0625  0.0625  0.0625  0.
     0.      0.0625 -0.125  -0.0625  0.0625  0.      0.      0.
     0.      0.0625 -0.125  -0.0625  0.     -0.0625  0.      0.0625
     0.0625  0.0625  0.      0.     -0.0625  0.0625  0.      0.125 ]
   [-0.0625 -0.125   0.125   0.      0.0625 -0.125   0.     -0.125
     0.0625  0.      0.0625 -0.125   0.     -0.0625  0.0625 -0.0625
     0.     -0.125   0.0625  0.0625 -0.125   0.125   0.125   0.
     0.     -0.1875  0.     -0.0625  0.     -0.0625 -0.0625  0.    ]
   [ 0.     -0.0625  0.0625  0.      0.1875  0.      0.0625  0.1875
     0.0625  0.0625 -0.0625 -0.125   0.125   0.      0.0625  0.0625
     0.      0.     -0.125   0.125  -0.0625  0.125   0.      0.
     0.0625 -0.125   0.     -0.0625  0.25    0.125  -0.125   0.125 ]
   [-0.125  -0.0625  0.      0.0625 -0.0625  0.      0.      0.0625
    -0.0625  0.     -0.0625 -0.125  -0.0625 -0.125   0.1875 -0.0625
     0.      0.0625  0.125  -0.0625 -0.0625  0.     -0.125   0.
    -0.125  -0.125   0.125   0.     -0.0625  0.      0.     -0.0625]
   [ 0.     -0.0625  0.125   0.0625  0.1875 -0.25    0.      0.0625
    -0.0625  0.      0.      0.      0.      0.     -0.125  -0.0625
     0.     -0.0625  0.      0.1875  0.0625  0.      0.      0.0625
     0.125   0.      0.0625 -0.125   0.125   0.0625  0.      0.1875]
   [ 0.0625  0.      0.125  -0.0625 -0.125   0.1875  0.0625  0.125
     0.125   0.125  -0.0625  0.0625  0.0625  0.0625  0.0625  0.0625
     0.      0.0625 -0.1875 -0.0625  0.      0.      0.0625 -0.0625
     0.      0.0625  0.      0.      0.      0.0625 -0.0625  0.0625]
   [-0.0625 -0.0625  0.125   0.      0.0625 -0.0625  0.      0.
    -0.0625 -0.125   0.     -0.0625  0.      0.0625  0.0625  0.0625
     0.      0.125   0.125  -0.0625  0.0625  0.0625 -0.0625  0.0625
     0.     -0.0625  0.     -0.125   0.0625  0.      0.      0.125 ]
   [ 0.0625  0.125  -0.0625  0.      0.125   0.125   0.     -0.0625
     0.125  -0.0625  0.      0.0625  0.      0.     -0.0625  0.0625
     0.      0.0625 -0.125   0.125   0.      0.0625  0.     -0.0625
     0.0625  0.0625  0.      0.0625  0.      0.0625  0.125   0.0625]
   [ 0.125   0.125   0.      0.125   0.1875  0.125   0.     -0.125
     0.125   0.125   0.125   0.0625  0.1875  0.125  -0.25    0.125
     0.      0.0625 -0.25    0.125   0.      0.0625  0.0625  0.0625
     0.125  -0.125   0.      0.0625  0.0625 -0.1875 -0.125   0.    ]
   [-0.125   0.     -0.125   0.125   0.     -0.125   0.     -0.0625
     0.     -0.0625  0.      0.0625  0.0625 -0.125  -0.0625  0.
     0.      0.      0.0625  0.      0.0625  0.      0.      0.0625
     0.0625  0.0625 -0.0625  0.0625  0.0625  0.      0.      0.    ]
   [ 0.      0.      0.0625 -0.0625  0.     -0.25    0.      0.125
    -0.1875  0.      0.     -0.125   0.     -0.0625  0.      0.
     0.     -0.0625  0.0625  0.0625 -0.125   0.125  -0.0625  0.0625
     0.0625 -0.25    0.0625  0.      0.0625 -0.125  -0.0625 -0.125 ]
   [ 0.125  -0.0625  0.0625  0.     -0.0625  0.125   0.0625  0.0625
     0.      0.125   0.      0.      0.      0.0625  0.0625 -0.0625
     0.      0.125  -0.0625 -0.0625  0.     -0.0625  0.0625 -0.1875
     0.0625 -0.125  -0.0625  0.      0.0625  0.0625 -0.125   0.0625]
   [-0.1875  0.0625  0.      0.      0.0625  0.0625  0.      0.
     0.0625 -0.0625  0.0625  0.      0.      0.      0.      0.
     0.     -0.0625  0.      0.0625  0.      0.     -0.0625  0.
    -0.0625 -0.0625 -0.0625 -0.0625  0.0625  0.      0.0625  0.    ]
   [ 0.     -0.1875  0.      0.0625  0.125   0.     -0.125   0.
     0.      0.      0.     -0.0625  0.      0.      0.      0.0625
     0.      0.125   0.125  -0.0625  0.0625  0.0625  0.125  -0.125
    -0.25   -0.1875  0.125  -0.0625  0.0625  0.0625 -0.0625  0.    ]
   [ 0.     -0.125   0.      0.     -0.0625 -0.125  -0.0625  0.
    -0.125   0.      0.      0.     -0.0625  0.      0.0625 -0.0625
     0.     -0.0625  0.125   0.      0.      0.      0.      0.
     0.0625  0.0625 -0.0625 -0.0625 -0.125   0.0625 -0.0625  0.125 ]
   [ 0.      0.0625  0.      0.125   0.125  -0.0625  0.     -0.0625
     0.0625 -0.0625 -0.0625  0.0625  0.0625  0.     -0.1875 -0.0625
     0.      0.     -0.0625  0.0625  0.0625  0.0625  0.      0.
     0.125   0.      0.      0.     -0.0625  0.      0.0625 -0.125 ]
   [-0.0625 -0.0625 -0.0625 -0.0625 -0.0625  0.      0.      0.
     0.      0.     -0.0625  0.0625  0.0625 -0.125  -0.0625 -0.0625
     0.      0.0625  0.      0.      0.0625  0.     -0.0625  0.
     0.0625 -0.125  -0.0625  0.      0.125   0.0625  0.      0.0625]
   [ 0.0625 -0.0625  0.125   0.      0.0625  0.125   0.      0.125
     0.0625  0.0625  0.      0.125   0.125   0.      0.      0.0625
     0.      0.     -0.0625  0.125   0.125   0.      0.0625  0.0625
     0.      0.0625  0.0625  0.0625  0.0625  0.0625  0.      0.    ]
   [ 0.1875  0.0625 -0.0625  0.      0.0625 -0.0625  0.     -0.125
    -0.25    0.125   0.0625  0.      0.      0.      0.      0.125
     0.      0.      0.      0.125   0.      0.      0.     -0.0625
     0.125   0.0625 -0.0625  0.0625  0.      0.0625  0.      0.    ]
   [ 0.     -0.0625  0.125  -0.0625  0.1875 -0.125   0.     -0.0625
     0.0625  0.      0.0625 -0.1875  0.      0.0625 -0.25   -0.0625
     0.      0.0625 -0.0625  0.1875 -0.125   0.125   0.0625  0.
     0.     -0.1875  0.0625 -0.125   0.125  -0.125   0.0625 -0.125 ]
   [ 0.125   0.     -0.0625 -0.1875 -0.1875 -0.125   0.125   0.125
    -0.125   0.125  -0.0625 -0.125   0.     -0.125   0.25    0.
     0.     -0.125  -0.0625 -0.0625  0.      0.     -0.0625  0.125
     0.0625  0.0625  0.0625  0.      0.     -0.125  -0.0625  0.    ]
   [ 0.      0.125  -0.0625  0.     -0.125  -0.0625  0.     -0.0625
     0.0625  0.      0.      0.125   0.0625  0.      0.125   0.
     0.      0.125  -0.125   0.      0.      0.0625  0.      0.0625
     0.0625  0.125  -0.0625  0.      0.     -0.0625 -0.0625  0.0625]
   [ 0.      0.      0.      0.      0.0625 -0.0625  0.0625 -0.125
     0.0625 -0.0625 -0.0625  0.0625  0.      0.0625  0.0625  0.125
     0.     -0.0625 -0.1875  0.      0.0625  0.0625 -0.0625  0.0625
     0.0625  0.0625  0.     -0.0625  0.      0.      0.0625  0.    ]]

  [[ 0.      0.125  -0.1875  0.      0.0625  0.      0.0625  0.
    -0.0625  0.      0.      0.125   0.      0.     -0.1875 -0.0625
     0.      0.0625  0.0625 -0.125   0.      0.      0.     -0.0625
     0.      0.      0.      0.      0.0625  0.0625  0.0625  0.    ]
   [ 0.0625  0.      0.0625 -0.125   0.      0.     -0.0625  0.0625
    -0.0625  0.     -0.0625 -0.0625  0.125   0.     -0.0625  0.0625
     0.      0.125  -0.0625  0.0625  0.      0.     -0.0625  0.
     0.      0.      0.     -0.0625  0.      0.0625 -0.125   0.0625]
   [ 0.0625 -0.125  -0.0625 -0.0625 -0.0625  0.     -0.0625  0.
     0.     -0.0625  0.0625  0.     -0.1875 -0.0625 -0.125   0.
     0.      0.0625  0.0625 -0.125   0.0625  0.0625  0.     -0.1875
     0.      0.      0.     -0.125  -0.125   0.0625 -0.0625  0.    ]
   [ 0.      0.0625  0.125   0.0625  0.125   0.     -0.0625  0.
    -0.0625 -0.0625  0.0625 -0.0625  0.     -0.0625  0.125   0.
     0.     -0.25   -0.0625  0.1875 -0.0625  0.      0.0625  0.
    -0.125  -0.1875  0.     -0.125  -0.25    0.125   0.0625  0.0625]
   [-0.0625 -0.0625 -0.0625  0.0625 -0.0625  0.      0.125  -0.0625
    -0.0625 -0.0625 -0.0625  0.0625  0.      0.     -0.125  -0.0625
     0.      0.0625  0.      0.      0.0625 -0.0625  0.     -0.125
     0.125   0.      0.0625  0.      0.      0.0625 -0.0625 -0.0625]
   [ 0.      0.0625  0.0625  0.      0.1875  0.      0.      0.
     0.      0.      0.0625 -0.0625  0.      0.0625  0.     -0.0625
     0.      0.0625  0.0625 -0.125  -0.125   0.1875  0.0625  0.
     0.0625 -0.125   0.     -0.0625 -0.1875  0.0625 -0.125   0.    ]
   [ 0.      0.0625 -0.0625  0.125   0.125  -0.0625  0.     -0.0625
     0.      0.      0.0625 -0.0625  0.125   0.125  -0.0625  0.0625
     0.     -0.0625  0.125   0.      0.     -0.0625  0.0625  0.125
    -0.0625  0.      0.     -0.0625 -0.1875  0.      0.      0.0625]
   [-0.0625 -0.125   0.      0.      0.     -0.125   0.0625  0.125
    -0.1875  0.     -0.0625 -0.0625  0.0625  0.     -0.0625 -0.0625
     0.      0.0625 -0.0625  0.0625  0.     -0.0625  0.      0.
     0.125   0.0625  0.0625  0.      0.      0.0625 -0.0625 -0.0625]
   [ 0.      0.      0.     -0.0625  0.0625  0.     -0.0625 -0.0625
     0.     -0.125   0.0625 -0.0625 -0.0625  0.     -0.0625 -0.0625
     0.      0.0625  0.0625  0.     -0.0625 -0.0625 -0.125  -0.0625
     0.0625  0.      0.125  -0.0625  0.     -0.125   0.      0.125 ]
   [ 0.0625 -0.0625  0.      0.      0.      0.      0.125   0.
     0.     -0.125   0.0625 -0.0625  0.     -0.0625  0.1875 -0.0625
     0.      0.      0.      0.     -0.0625 -0.0625 -0.0625  0.
     0.0625  0.0625  0.     -0.0625 -0.0625 -0.0625 -0.0625 -0.0625]
   [ 0.      0.     -0.0625  0.0625  0.0625 -0.0625 -0.0625  0.
     0.      0.0625  0.125   0.0625 -0.125   0.125  -0.125  -0.0625
     0.     -0.125   0.     -0.125  -0.125   0.125   0.0625  0.
    -0.0625  0.      0.     -0.0625 -0.0625  0.      0.125   0.125 ]
   [-0.0625  0.     -0.125   0.125   0.1875  0.0625  0.0625 -0.0625
     0.0625  0.1875  0.125   0.      0.     -0.0625  0.0625  0.1875
     0.     -0.125  -0.125   0.1875 -0.1875 -0.125   0.0625  0.
    -0.0625 -0.0625 -0.0625 -0.0625 -0.125   0.1875  0.125   0.    ]
   [-0.125  -0.125   0.     -0.0625  0.     -0.0625 -0.125   0.
    -0.125  -0.0625  0.      0.125  -0.125   0.125  -0.0625  0.0625
     0.      0.125   0.0625 -0.125   0.125   0.      0.0625  0.0625
    -0.125   0.0625  0.0625 -0.0625 -0.0625 -0.125  -0.25    0.0625]
   [ 0.      0.0625  0.      0.      0.      0.      0.0625  0.
    -0.0625 -0.0625  0.0625  0.0625  0.     -0.0625  0.      0.
     0.      0.125   0.125   0.1875  0.125   0.0625  0.125   0.
     0.125   0.      0.     -0.0625  0.0625  0.     -0.0625  0.1875]
   [ 0.      0.125   0.0625  0.125   0.0625  0.0625  0.125  -0.125
    -0.0625  0.      0.0625  0.125   0.      0.      0.      0.
     0.      0.     -0.0625  0.     -0.125  -0.0625  0.125   0.0625
     0.      0.0625  0.0625  0.     -0.125   0.      0.125   0.    ]
   [ 0.0625  0.      0.0625  0.      0.125  -0.1875  0.      0.
    -0.125  -0.0625  0.      0.      0.0625  0.125   0.      0.0625
     0.      0.125   0.0625  0.     -0.0625 -0.0625 -0.0625  0.0625
     0.     -0.0625  0.0625 -0.0625 -0.125   0.0625 -0.0625  0.125 ]
   [ 0.125   0.0625  0.0625  0.0625  0.0625  0.1875  0.0625 -0.0625
    -0.0625 -0.0625  0.      0.0625  0.125   0.0625 -0.0625  0.0625
     0.     -0.0625  0.     -0.125  -0.0625  0.125   0.      0.0625
     0.      0.125   0.      0.0625  0.      0.      0.0625  0.125 ]
   [-0.125   0.0625  0.      0.      0.      0.0625  0.      0.0625
     0.0625  0.0625  0.0625 -0.0625  0.0625  0.0625  0.0625  0.1875
     0.     -0.125  -0.1875  0.     -0.0625  0.0625 -0.0625 -0.0625
     0.0625 -0.125   0.0625 -0.125  -0.0625  0.     -0.0625  0.0625]
   [ 0.0625  0.0625 -0.0625  0.     -0.0625  0.      0.      0.
     0.     -0.0625  0.0625  0.0625 -0.0625  0.0625  0.     -0.0625
     0.     -0.0625  0.0625  0.      0.0625  0.0625 -0.0625 -0.0625
     0.0625  0.0625  0.      0.0625 -0.0625  0.0625  0.125  -0.0625]
   [-0.0625  0.      0.      0.      0.0625  0.0625 -0.0625  0.
     0.0625  0.      0.      0.     -0.0625  0.125  -0.1875  0.0625
     0.      0.      0.125  -0.0625  0.     -0.125  -0.125   0.
    -0.0625 -0.0625 -0.125   0.      0.0625 -0.0625 -0.0625  0.    ]
   [-0.0625  0.      0.0625 -0.125   0.      0.      0.      0.
    -0.125   0.125   0.0625  0.      0.      0.125  -0.0625  0.0625
     0.      0.      0.     -0.125   0.     -0.1875  0.     -0.0625
     0.      0.0625  0.0625  0.     -0.1875  0.125  -0.0625  0.    ]
   [ 0.     -0.0625  0.     -0.0625 -0.0625  0.125   0.      0.125
     0.0625 -0.0625  0.     -0.125  -0.0625 -0.0625  0.      0.
     0.     -0.0625 -0.0625  0.      0.0625  0.      0.0625 -0.0625
     0.0625  0.      0.      0.     -0.0625 -0.0625 -0.0625 -0.0625]
   [ 0.0625 -0.125  -0.125   0.0625  0.0625 -0.0625  0.0625  0.
    -0.125   0.125   0.0625  0.0625  0.      0.0625  0.0625 -0.0625
     0.      0.0625  0.     -0.0625 -0.125   0.0625  0.0625  0.0625
    -0.125  -0.1875  0.     -0.0625 -0.25    0.      0.      0.    ]
   [ 0.125   0.     -0.0625  0.0625  0.0625  0.      0.      0.
     0.0625 -0.0625  0.125  -0.0625 -0.0625  0.0625  0.      0.
     0.      0.0625  0.125  -0.0625  0.0625  0.      0.      0.0625
     0.      0.      0.     -0.0625 -0.0625  0.      0.0625  0.125 ]
   [ 0.      0.     -0.0625  0.0625  0.125   0.0625  0.0625  0.0625
     0.0625 -0.0625  0.      0.0625  0.0625  0.     -0.1875 -0.0625
     0.      0.0625  0.0625  0.      0.      0.     -0.125  -0.125
     0.      0.125   0.      0.0625 -0.0625  0.0625  0.0625  0.0625]
   [ 0.125   0.     -0.125  -0.0625  0.     -0.0625  0.      0.0625
     0.     -0.0625  0.      0.      0.0625  0.     -0.0625  0.
     0.      0.      0.0625  0.0625 -0.0625  0.0625  0.      0.
     0.125   0.      0.0625  0.      0.      0.125   0.      0.    ]
   [ 0.125  -0.0625 -0.0625  0.     -0.0625  0.0625  0.     -0.0625
     0.      0.0625 -0.0625 -0.125  -0.1875  0.1875  0.      0.
     0.     -0.0625 -0.125  -0.1875  0.0625  0.0625  0.0625  0.
     0.0625  0.0625  0.      0.      0.      0.0625 -0.0625 -0.125 ]
   [ 0.0625  0.0625 -0.125   0.0625  0.      0.      0.125   0.
     0.      0.0625  0.0625 -0.0625  0.125   0.0625  0.      0.
     0.     -0.125   0.1875  0.0625 -0.0625 -0.125   0.     -0.0625
     0.0625  0.0625  0.      0.     -0.125   0.0625  0.      0.125 ]
   [ 0.      0.     -0.0625  0.0625  0.0625  0.      0.125  -0.0625
     0.      0.0625  0.0625  0.0625 -0.0625  0.125   0.      0.0625
     0.     -0.0625 -0.0625  0.     -0.0625  0.0625  0.0625  0.0625
    -0.0625  0.0625  0.     -0.125  -0.0625  0.0625  0.0625  0.125 ]
   [-0.0625  0.     -0.0625  0.     -0.0625 -0.0625 -0.125   0.0625
     0.      0.     -0.0625 -0.125  -0.1875  0.      0.     -0.125
     0.     -0.125   0.0625  0.      0.      0.     -0.125  -0.0625
    -0.1875 -0.125  -0.3125  0.0625 -0.0625 -0.1875  0.      0.    ]
   [ 0.0625 -0.0625  0.      0.125  -0.0625  0.      0.125  -0.0625
     0.125   0.0625  0.0625  0.125   0.1875  0.      0.      0.0625
     0.      0.0625 -0.0625  0.125   0.     -0.125   0.0625  0.125
     0.      0.     -0.125   0.      0.0625 -0.0625  0.      0.    ]
   [-0.0625  0.     -0.125   0.0625  0.0625  0.      0.     -0.0625
     0.0625 -0.0625  0.     -0.0625 -0.0625 -0.0625  0.0625  0.
     0.      0.     -0.125  -0.0625  0.      0.0625  0.      0.0625
     0.0625  0.0625  0.     -0.0625 -0.0625  0.125   0.      0.    ]]

  [[ 0.1875  0.      0.0625  0.0625 -0.1875 -0.0625 -0.0625  0.
    -0.125   0.     -0.0625  0.0625  0.0625  0.     -0.0625  0.0625
     0.      0.      0.125  -0.0625  0.125   0.125   0.0625  0.0625
     0.1875  0.0625  0.0625  0.0625  0.125  -0.0625 -0.0625  0.0625]
   [ 0.0625  0.      0.      0.0625  0.0625 -0.0625  0.0625  0.
    -0.0625  0.     -0.0625 -0.0625  0.      0.      0.      0.
     0.      0.     -0.0625  0.0625 -0.0625  0.     -0.0625  0.
     0.     -0.0625  0.      0.0625  0.0625  0.      0.      0.0625]
   [ 0.0625 -0.125   0.0625 -0.125  -0.125   0.     -0.0625 -0.125
    -0.0625 -0.0625 -0.0625  0.1875  0.      0.0625 -0.0625 -0.0625
     0.      0.      0.0625 -0.0625  0.     -0.125   0.0625  0.125
     0.1875  0.125   0.      0.      0.125  -0.125   0.      0.0625]
   [ 0.      0.     -0.0625  0.0625  0.0625  0.0625  0.      0.
     0.0625 -0.0625  0.125  -0.0625 -0.0625  0.125   0.0625 -0.0625
     0.     -0.125   0.0625  0.0625  0.0625  0.     -0.0625 -0.0625
     0.      0.0625  0.      0.     -0.125   0.0625  0.0625  0.    ]
   [ 0.      0.0625 -0.0625  0.      0.     -0.125   0.0625 -0.0625
     0.     -0.125   0.      0.0625  0.      0.0625  0.     -0.0625
     0.      0.      0.      0.     -0.0625 -0.0625  0.      0.
     0.125   0.125   0.0625  0.0625  0.125   0.     -0.0625  0.    ]
   [ 0.      0.125  -0.125  -0.0625  0.0625  0.0625  0.1875 -0.0625
     0.0625  0.0625  0.1875  0.     -0.0625  0.0625 -0.0625  0.125
     0.     -0.0625  0.0625  0.     -0.125  -0.0625  0.      0.
     0.0625  0.0625  0.0625  0.125  -0.0625  0.      0.     -0.0625]
   [ 0.0625  0.125  -0.125   0.0625  0.0625  0.      0.125   0.
     0.125   0.0625  0.125   0.0625  0.0625  0.     -0.0625 -0.0625
     0.      0.      0.     -0.1875 -0.0625 -0.125  -0.125   0.125
    -0.0625  0.0625  0.     -0.125  -0.1875 -0.0625  0.1875  0.0625]
   [-0.125   0.0625 -0.0625  0.      0.      0.0625 -0.0625  0.125
     0.      0.0625  0.0625  0.125   0.125   0.0625 -0.0625  0.125
     0.     -0.0625 -0.125   0.0625  0.     -0.1875 -0.0625 -0.0625
     0.125   0.0625  0.      0.125  -0.0625  0.125   0.     -0.0625]
   [ 0.      0.0625  0.0625  0.0625 -0.125   0.0625  0.      0.
    -0.0625  0.      0.     -0.0625  0.      0.125  -0.0625  0.
     0.      0.     -0.0625 -0.0625  0.     -0.0625 -0.0625  0.0625
     0.1875  0.0625  0.125   0.0625  0.125  -0.0625  0.     -0.125 ]
   [ 0.      0.0625 -0.1875 -0.0625  0.0625  0.      0.125  -0.125
     0.     -0.0625  0.125   0.      0.0625  0.     -0.0625  0.
     0.      0.      0.0625 -0.125   0.     -0.0625 -0.125   0.
     0.0625  0.      0.125  -0.125  -0.0625  0.     -0.125   0.0625]
   [ 0.      0.      0.      0.      0.125   0.0625  0.      0.125
    -0.1875  0.0625 -0.0625  0.1875  0.      0.125  -0.0625  0.0625
     0.     -0.0625 -0.0625  0.1875 -0.125  -0.0625  0.1875  0.0625
     0.0625  0.0625  0.0625  0.0625  0.0625  0.0625  0.     -0.0625]
   [ 0.      0.0625 -0.125   0.0625  0.0625  0.125  -0.125  -0.125
     0.      0.0625  0.125   0.     -0.0625  0.      0.0625  0.0625
     0.     -0.0625 -0.0625  0.     -0.0625  0.0625  0.125   0.
    -0.0625 -0.0625  0.0625  0.125   0.      0.0625  0.125   0.0625]
   [ 0.0625 -0.1875  0.0625 -0.0625 -0.1875 -0.0625 -0.125  -0.0625
    -0.1875  0.     -0.1875 -0.0625  0.      0.0625  0.      0.
     0.      0.0625  0.     -0.0625 -0.0625  0.      0.      0.
     0.     -0.0625  0.      0.1875  0.1875  0.0625 -0.3125 -0.1875]
   [ 0.125   0.      0.0625  0.0625  0.125   0.0625  0.0625  0.125
    -0.0625 -0.125   0.0625  0.      0.     -0.125  -0.0625 -0.0625
     0.      0.0625 -0.0625 -0.25    0.0625  0.0625 -0.0625  0.
     0.125   0.1875  0.     -0.0625 -0.125   0.     -0.0625  0.    ]
   [ 0.0625 -0.0625 -0.1875 -0.0625  0.0625 -0.0625  0.125  -0.1875
     0.125   0.0625 -0.0625  0.125  -0.0625  0.     -0.0625  0.
     0.      0.      0.125  -0.0625  0.     -0.125   0.      0.0625
    -0.0625  0.1875  0.0625 -0.0625 -0.0625  0.      0.0625  0.125 ]
   [ 0.      0.0625 -0.0625  0.125   0.0625 -0.0625  0.      0.
    -0.125   0.0625  0.      0.0625  0.     -0.0625 -0.0625  0.125
     0.     -0.1875  0.      0.0625 -0.0625 -0.0625  0.      0.0625
     0.0625  0.0625  0.     -0.0625 -0.0625  0.125  -0.0625  0.125 ]
   [-0.0625  0.0625  0.      0.      0.1875  0.      0.125   0.
    -0.0625 -0.0625  0.0625  0.      0.0625  0.125   0.      0.125
     0.      0.     -0.0625  0.0625 -0.0625 -0.0625  0.0625  0.
     0.0625  0.0625 -0.0625 -0.0625  0.      0.0625  0.      0.0625]
   [ 0.0625  0.      0.125   0.      0.0625  0.0625  0.      0.
     0.      0.      0.0625 -0.0625  0.      0.      0.      0.0625
     0.      0.      0.      0.125   0.     -0.0625 -0.0625  0.0625
     0.0625  0.     -0.0625 -0.0625 -0.0625  0.      0.     -0.125 ]
   [-0.0625 -0.0625  0.      0.      0.      0.      0.125   0.
     0.      0.     -0.125   0.     -0.0625  0.0625 -0.125   0.
     0.      0.     -0.0625  0.      0.     -0.125  -0.1875 -0.0625
     0.      0.      0.      0.1875  0.125   0.      0.0625  0.0625]
   [ 0.1875 -0.125   0.      0.0625  0.      0.     -0.0625  0.0625
     0.0625  0.0625 -0.125   0.     -0.125   0.     -0.0625  0.
     0.      0.0625  0.0625 -0.1875 -0.0625  0.125   0.      0.
     0.125   0.125  -0.0625  0.0625  0.0625 -0.125  -0.0625  0.    ]
   [-0.1875 -0.0625 -0.0625  0.0625  0.     -0.125  -0.125   0.
     0.      0.     -0.0625  0.      0.1875  0.1875 -0.0625  0.
     0.     -0.0625 -0.125   0.125   0.     -0.1875 -0.0625  0.125
     0.     -0.125   0.0625  0.     -0.0625  0.      0.0625 -0.125 ]
   [-0.0625 -0.0625  0.      0.      0.      0.0625  0.0625  0.0625
     0.      0.125   0.      0.      0.0625  0.0625 -0.0625  0.125
     0.     -0.0625 -0.0625  0.125  -0.0625 -0.0625 -0.0625 -0.0625
     0.0625  0.      0.     -0.125   0.      0.0625  0.      0.    ]
   [ 0.      0.125  -0.1875  0.0625  0.125   0.0625  0.      0.0625
     0.      0.1875  0.125   0.125   0.1875  0.125   0.      0.0625
     0.     -0.0625 -0.125   0.0625 -0.125  -0.1875 -0.0625  0.0625
     0.      0.      0.      0.     -0.125  -0.0625  0.     -0.0625]
   [-0.0625  0.      0.0625  0.125   0.     -0.0625  0.0625 -0.125
    -0.0625  0.      0.0625  0.0625  0.0625  0.1875  0.      0.
     0.      0.125   0.0625 -0.125   0.      0.     -0.0625  0.125
     0.125   0.0625  0.125  -0.0625  0.     -0.1875  0.0625  0.125 ]
   [ 0.0625  0.0625  0.      0.      0.      0.      0.      0.
    -0.0625 -0.0625  0.0625  0.     -0.125   0.     -0.125  -0.0625
     0.     -0.0625 -0.0625  0.     -0.0625  0.      0.      0.
     0.0625  0.      0.     -0.0625 -0.0625  0.     -0.0625  0.    ]
   [ 0.0625  0.      0.      0.      0.0625  0.     -0.0625  0.
     0.      0.     -0.0625 -0.0625  0.0625  0.0625  0.      0.0625
     0.      0.      0.     -0.0625  0.     -0.0625 -0.0625  0.125
     0.1875 -0.0625  0.      0.125   0.125  -0.125  -0.0625 -0.0625]
   [ 0.0625 -0.0625 -0.0625 -0.0625  0.      0.      0.      0.0625
    -0.0625  0.     -0.0625  0.      0.     -0.0625 -0.125  -0.0625
     0.      0.     -0.125  -0.0625  0.      0.      0.0625  0.
    -0.0625  0.125   0.      0.      0.1875  0.0625  0.      0.    ]
   [-0.125   0.125  -0.0625  0.      0.125   0.      0.0625  0.0625
     0.0625  0.      0.      0.0625 -0.0625 -0.0625 -0.0625 -0.125
     0.     -0.0625  0.0625 -0.0625 -0.0625  0.0625 -0.0625  0.
     0.0625  0.      0.     -0.0625 -0.125  -0.0625  0.125   0.1875]
   [ 0.125   0.     -0.0625 -0.125   0.      0.      0.      0.
    -0.0625  0.     -0.0625  0.0625  0.      0.      0.      0.
     0.      0.     -0.1875  0.      0.0625 -0.0625  0.125  -0.0625
    -0.0625  0.0625  0.125  -0.125   0.      0.0625 -0.125  -0.0625]
   [-0.0625 -0.125  -0.0625 -0.0625 -0.0625 -0.0625  0.125   0.
     0.      0.0625 -0.125  -0.125   0.     -0.0625 -0.0625 -0.25
     0.      0.0625  0.125  -0.0625  0.0625  0.1875  0.0625  0.
    -0.0625 -0.125  -0.125   0.125   0.     -0.0625 -0.0625  0.125 ]
   [-0.0625  0.0625  0.0625  0.      0.125   0.0625  0.125   0.
     0.0625 -0.0625  0.      0.      0.      0.     -0.0625  0.0625
     0.      0.      0.      0.125  -0.0625 -0.0625 -0.0625  0.
    -0.0625  0.      0.0625 -0.0625 -0.0625  0.0625  0.0625 -0.0625]
   [-0.0625  0.     -0.125  -0.0625  0.0625  0.      0.0625 -0.0625
     0.      0.     -0.0625  0.      0.125   0.     -0.0625  0.0625
     0.     -0.0625 -0.0625  0.     -0.0625 -0.0625  0.0625  0.0625
     0.125   0.125   0.125  -0.125   0.     -0.0625 -0.125   0.0625]]]


 [[[ 0.125  -0.125  -0.0625  0.      0.      0.      0.      0.
     0.     -0.125   0.0625  0.     -0.125  -0.0625 -0.0625  0.
     0.     -0.0625  0.0625  0.0625  0.      0.0625  0.     -0.0625
     0.      0.      0.      0.      0.1875 -0.0625  0.0625  0.125 ]
   [-0.0625 -0.0625  0.      0.0625  0.125   0.0625  0.125   0.0625
     0.      0.0625 -0.125   0.0625  0.      0.0625  0.      0.
     0.      0.     -0.0625  0.      0.     -0.0625  0.0625  0.
     0.0625  0.      0.      0.     -0.0625  0.125   0.     -0.0625]
   [ 0.0625  0.125   0.0625  0.0625  0.      0.      0.0625  0.
     0.0625 -0.0625  0.0625  0.0625 -0.0625 -0.125  -0.0625 -0.0625
     0.     -0.0625  0.      0.0625  0.0625  0.      0.0625 -0.0625
    -0.0625  0.0625  0.      0.0625  0.      0.0625  0.     -0.0625]
   [-0.125  -0.0625  0.0625  0.0625  0.125   0.125   0.      0.3125
     0.125   0.0625 -0.0625  0.0625  0.0625  0.0625  0.125   0.125
     0.      0.     -0.0625  0.     -0.0625  0.      0.      0.125
     0.0625  0.125   0.      0.     -0.0625  0.     -0.1875 -0.1875]
   [ 0.      0.      0.0625  0.0625  0.      0.1875  0.0625  0.0625
     0.     -0.0625  0.0625  0.0625  0.     -0.125   0.0625 -0.0625
     0.     -0.0625 -0.0625  0.125   0.125  -0.0625  0.0625  0.
     0.0625  0.0625 -0.125   0.0625  0.125   0.0625  0.1875  0.    ]
   [ 0.0625  0.1875 -0.0625  0.0625  0.1875  0.0625  0.      0.0625
     0.      0.125  -0.0625  0.      0.125   0.0625 -0.0625  0.
     0.      0.     -0.0625  0.0625  0.     -0.0625  0.1875 -0.0625
     0.0625  0.     -0.0625  0.      0.      0.0625  0.0625  0.125 ]
   [-0.0625  0.0625 -0.0625  0.      0.0625 -0.0625  0.0625  0.0625
     0.      0.0625  0.      0.      0.0625  0.0625  0.     -0.0625
     0.      0.      0.      0.      0.      0.0625  0.      0.
     0.      0.     -0.0625 -0.0625 -0.125   0.     -0.0625 -0.0625]
   [ 0.      0.125  -0.0625  0.     -0.0625 -0.0625 -0.0625  0.0625
    -0.125   0.0625  0.125  -0.0625  0.125   0.0625 -0.0625  0.0625
     0.      0.0625 -0.0625 -0.0625 -0.0625  0.0625 -0.0625 -0.0625
    -0.0625  0.      0.      0.0625 -0.125  -0.0625 -0.0625 -0.0625]
   [ 0.      0.      0.      0.0625  0.     -0.125  -0.0625  0.
     0.0625  0.125  -0.0625  0.0625  0.      0.     -0.0625  0.
     0.      0.0625  0.125   0.      0.      0.      0.0625 -0.0625
     0.      0.      0.      0.0625 -0.0625  0.0625  0.0625  0.0625]
   [ 0.      0.0625  0.0625 -0.125  -0.0625  0.      0.      0.0625
     0.     -0.0625  0.0625 -0.0625  0.125   0.      0.0625  0.
     0.     -0.0625  0.      0.0625 -0.0625  0.0625  0.      0.125
     0.0625  0.0625 -0.0625  0.      0.0625  0.0625  0.      0.0625]
   [ 0.0625 -0.0625  0.125  -0.0625  0.     -0.125  -0.0625  0.0625
     0.      0.0625  0.     -0.0625  0.     -0.0625  0.1875  0.0625
     0.     -0.0625  0.      0.      0.1875  0.125   0.0625  0.125
     0.0625  0.0625 -0.125  -0.0625  0.      0.     -0.125   0.    ]
   [-0.0625  0.      0.0625  0.125   0.0625  0.      0.      0.0625
     0.      0.0625 -0.0625 -0.0625  0.0625  0.125   0.125   0.1875
     0.     -0.0625  0.     -0.0625  0.125  -0.0625  0.      0.125
     0.0625  0.0625  0.0625 -0.0625 -0.0625  0.125  -0.125   0.0625]
   [-0.0625  0.0625  0.0625 -0.0625 -0.0625 -0.125   0.      0.0625
    -0.125   0.0625  0.     -0.1875 -0.0625  0.      0.     -0.125
     0.      0.0625  0.     -0.0625  0.0625 -0.3125  0.0625  0.
     0.     -0.125  -0.125  -0.0625  0.0625 -0.0625 -0.0625 -0.0625]
   [ 0.125   0.0625 -0.25   -0.0625  0.125   0.      0.      0.
     0.      0.      0.0625  0.     -0.0625 -0.0625  0.      0.
     0.     -0.125   0.0625  0.      0.0625  0.      0.     -0.0625
     0.0625  0.125  -0.125   0.      0.1875  0.125   0.      0.125 ]
   [ 0.     -0.0625  0.0625  0.     -0.0625  0.      0.0625  0.0625
    -0.0625  0.125   0.0625  0.125   0.125   0.      0.0625 -0.0625
     0.      0.0625  0.125  -0.0625  0.0625  0.     -0.0625  0.0625
     0.      0.      0.0625 -0.125   0.0625  0.125  -0.0625  0.    ]
   [-0.0625  0.125   0.     -0.0625 -0.0625  0.125   0.      0.0625
    -0.125  -0.0625 -0.125   0.      0.125  -0.0625  0.      0.
     0.      0.0625  0.0625 -0.0625 -0.0625  0.     -0.0625  0.
     0.      0.125   0.      0.      0.0625  0.0625  0.     -0.0625]
   [-0.125   0.0625  0.0625  0.125   0.0625 -0.0625  0.0625 -0.0625
     0.125   0.0625 -0.0625  0.     -0.0625  0.      0.0625  0.
     0.     -0.125   0.      0.      0.125   0.     -0.125   0.
     0.0625 -0.0625  0.0625  0.      0.0625  0.125  -0.0625 -0.0625]
   [-0.125  -0.25    0.0625  0.      0.125  -0.125  -0.0625  0.0625
     0.125  -0.0625  0.      0.0625  0.0625  0.      0.      0.0625
     0.     -0.125   0.     -0.0625 -0.125   0.     -0.0625  0.125
    -0.0625  0.      0.1875  0.      0.0625 -0.0625 -0.0625 -0.125 ]
   [ 0.0625  0.      0.      0.      0.      0.0625  0.125   0.
     0.25    0.0625 -0.125   0.125   0.0625 -0.125   0.      0.
     0.     -0.125  -0.125   0.      0.      0.      0.     -0.0625
     0.0625  0.     -0.0625 -0.0625  0.125  -0.125   0.125   0.0625]
   [ 0.1875 -0.0625 -0.0625 -0.125   0.     -0.0625 -0.0625 -0.0625
    -0.125   0.125   0.0625 -0.0625 -0.25   -0.0625  0.      0.
     0.     -0.0625  0.0625  0.0625  0.0625 -0.0625  0.0625  0.125
     0.0625  0.      0.     -0.125  -0.125   0.0625 -0.0625  0.125 ]
   [-0.0625 -0.0625  0.0625  0.      0.      0.0625 -0.0625  0.0625
    -0.125  -0.0625  0.0625  0.0625  0.125   0.0625  0.0625 -0.0625
     0.      0.125   0.125   0.0625  0.0625  0.0625  0.0625  0.
    -0.0625  0.0625  0.      0.      0.      0.0625 -0.0625  0.    ]
   [-0.1875  0.     -0.0625  0.125  -0.0625  0.      0.     -0.0625
    -0.0625  0.     -0.0625  0.125   0.0625  0.      0.125  -0.0625
     0.      0.125   0.125   0.125   0.125   0.125   0.      0.
     0.0625  0.0625  0.0625  0.     -0.0625  0.0625 -0.0625 -0.1875]
   [ 0.      0.0625 -0.0625 -0.125   0.125   0.     -0.0625  0.
    -0.0625  0.0625  0.     -0.1875  0.     -0.0625 -0.125   0.
     0.      0.0625 -0.0625  0.      0.      0.0625  0.      0.
    -0.0625  0.0625 -0.0625 -0.0625 -0.0625  0.     -0.125   0.0625]
   [ 0.0625  0.     -0.0625  0.      0.      0.      0.      0.125
    -0.0625  0.0625  0.0625  0.0625  0.     -0.0625 -0.0625  0.0625
     0.      0.      0.      0.     -0.125   0.0625  0.125  -0.0625
     0.0625  0.0625  0.0625  0.0625  0.125  -0.0625  0.     -0.0625]
   [-0.0625  0.125  -0.0625  0.125   0.0625  0.      0.     -0.0625
     0.     -0.0625 -0.0625 -0.0625 -0.0625  0.     -0.0625 -0.0625
     0.     -0.0625 -0.125   0.125   0.      0.      0.      0.0625
     0.0625  0.0625  0.      0.125   0.0625  0.     -0.0625  0.    ]
   [ 0.0625  0.     -0.0625 -0.0625  0.      0.0625  0.0625 -0.0625
     0.0625  0.     -0.0625  0.125   0.0625 -0.125   0.      0.0625
     0.      0.0625  0.     -0.0625  0.      0.      0.0625  0.
     0.      0.      0.      0.0625  0.125  -0.0625 -0.125   0.0625]
   [-0.125  -0.0625  0.125   0.     -0.125   0.      0.0625 -0.0625
     0.0625 -0.0625  0.      0.      0.     -0.0625  0.1875  0.
     0.      0.125  -0.0625  0.      0.0625  0.0625 -0.0625  0.
    -0.0625  0.     -0.0625 -0.0625  0.      0.0625 -0.0625 -0.0625]
   [ 0.125   0.125  -0.0625 -0.1875  0.125   0.1875  0.125   0.
     0.      0.125   0.0625  0.125   0.     -0.0625 -0.125   0.0625
     0.     -0.0625  0.     -0.0625  0.0625 -0.0625 -0.0625  0.
     0.0625  0.1875 -0.0625  0.0625  0.      0.      0.125   0.0625]
   [ 0.      0.      0.125  -0.1875  0.     -0.0625 -0.0625  0.0625
    -0.0625  0.      0.     -0.0625 -0.0625 -0.1875  0.1875  0.0625
     0.     -0.125   0.0625  0.125   0.0625  0.0625  0.0625  0.
    -0.0625 -0.0625 -0.0625 -0.0625  0.1875 -0.0625 -0.0625  0.0625]
   [ 0.     -0.0625  0.125  -0.125   0.      0.      0.0625  0.1875
     0.0625  0.0625 -0.0625 -0.0625 -0.1875  0.      0.4375  0.
     0.     -0.125  -0.125   0.      0.125   0.      0.      0.0625
     0.     -0.0625 -0.0625 -0.0625  0.25   -0.0625  0.125   0.    ]
   [ 0.0625  0.      0.0625 -0.0625 -0.0625  0.0625 -0.0625  0.125
     0.0625  0.0625 -0.0625  0.      0.      0.0625  0.0625  0.
     0.     -0.125  -0.125   0.      0.      0.     -0.0625  0.
     0.125   0.0625 -0.0625  0.      0.      0.125   0.1875 -0.0625]
   [ 0.      0.     -0.0625  0.0625  0.0625 -0.1875  0.      0.0625
     0.0625 -0.0625 -0.0625  0.0625  0.     -0.0625  0.      0.
     0.      0.0625  0.     -0.0625 -0.0625  0.0625 -0.0625  0.
     0.      0.      0.      0.      0.     -0.125   0.     -0.0625]]

  [[ 0.      0.     -0.0625 -0.0625  0.      0.      0.      0.
    -0.0625 -0.0625  0.125  -0.125   0.0625 -0.0625  0.     -0.0625
     0.     -0.0625  0.      0.125  -0.0625 -0.0625  0.125   0.125
     0.0625  0.125  -0.0625  0.      0.125   0.125   0.      0.0625]
   [ 0.      0.      0.0625  0.     -0.0625  0.     -0.0625 -0.0625
     0.0625  0.     -0.0625  0.      0.      0.      0.      0.0625
     0.      0.     -0.125   0.      0.0625 -0.125  -0.0625  0.
     0.0625  0.      0.0625  0.     -0.0625  0.      0.0625 -0.0625]
   [ 0.0625  0.      0.0625  0.0625  0.0625  0.125   0.125  -0.0625
     0.0625 -0.1875  0.0625  0.0625  0.      0.     -0.125   0.0625
     0.      0.      0.0625  0.125   0.     -0.125   0.125  -0.0625
     0.      0.      0.0625 -0.0625  0.0625  0.1875  0.      0.0625]
   [-0.0625  0.0625  0.      0.0625  0.     -0.125  -0.0625  0.
     0.125  -0.0625  0.0625 -0.0625  0.     -0.0625  0.      0.0625
     0.     -0.0625 -0.1875 -0.0625  0.0625  0.0625  0.0625  0.
     0.0625  0.     -0.0625 -0.125  -0.1875  0.0625  0.      0.    ]
   [-0.0625  0.125   0.      0.0625  0.0625  0.125   0.     -0.0625
    -0.0625 -0.0625  0.      0.      0.0625  0.0625 -0.125   0.
     0.      0.      0.0625  0.      0.125   0.      0.      0.0625
     0.0625 -0.0625  0.125  -0.0625  0.125   0.0625  0.     -0.0625]
   [ 0.0625 -0.0625 -0.125   0.0625  0.     -0.125   0.0625  0.0625
    -0.125  -0.125   0.125  -0.0625  0.      0.0625  0.0625  0.
     0.     -0.0625  0.      0.0625  0.      0.      0.125   0.0625
     0.      0.      0.     -0.0625 -0.0625 -0.0625  0.0625  0.0625]
   [ 0.      0.0625 -0.0625 -0.0625 -0.0625  0.      0.      0.
     0.      0.      0.0625  0.      0.0625  0.0625  0.0625  0.0625
     0.     -0.0625  0.0625 -0.125   0.      0.0625 -0.0625  0.
     0.0625 -0.0625  0.0625 -0.125   0.125   0.      0.      0.125 ]
   [-0.125   0.0625  0.125   0.0625 -0.125  -0.125  -0.0625  0.
     0.      0.0625  0.     -0.0625 -0.0625  0.0625 -0.0625  0.0625
     0.      0.      0.      0.0625  0.      0.     -0.0625 -0.0625
     0.0625 -0.125   0.     -0.0625  0.     -0.0625 -0.0625  0.    ]
   [-0.0625  0.0625  0.125   0.0625  0.      0.0625  0.0625  0.0625
     0.      0.     -0.0625 -0.0625  0.      0.0625  0.      0.
     0.      0.      0.0625  0.0625  0.      0.      0.      0.
     0.      0.0625  0.0625  0.0625  0.      0.125   0.      0.    ]
   [ 0.      0.0625  0.0625  0.      0.0625  0.     -0.0625 -0.125
    -0.0625 -0.125   0.125   0.0625 -0.0625  0.      0.      0.
     0.      0.0625  0.      0.      0.      0.0625  0.     -0.0625
     0.      0.      0.     -0.0625  0.125   0.      0.      0.0625]
   [ 0.1875 -0.0625  0.     -0.125   0.0625 -0.125   0.      0.0625
     0.125   0.      0.0625 -0.0625  0.     -0.125   0.      0.
     0.     -0.0625  0.0625  0.125  -0.0625 -0.125  -0.0625  0.
    -0.0625  0.0625 -0.125  -0.0625 -0.0625 -0.125   0.      0.0625]
   [ 0.0625 -0.0625 -0.125   0.125   0.0625 -0.1875  0.      0.0625
     0.0625  0.      0.0625 -0.0625 -0.125   0.     -0.0625  0.125
     0.     -0.125   0.     -0.125   0.125   0.125   0.0625  0.
    -0.0625  0.      0.     -0.0625  0.     -0.125   0.      0.0625]
   [-0.125   0.      0.     -0.0625  0.0625 -0.125   0.125  -0.0625
     0.     -0.125  -0.125  -0.0625 -0.125   0.      0.      0.
     0.      0.1875  0.125  -0.0625 -0.0625  0.0625  0.0625 -0.125
    -0.125  -0.125  -0.125   0.      0.0625 -0.0625 -0.0625 -0.0625]
   [ 0.      0.     -0.125  -0.0625  0.      0.125   0.     -0.125
     0.      0.0625  0.0625  0.0625 -0.0625 -0.125   0.0625  0.0625
     0.      0.      0.     -0.1875  0.0625  0.      0.      0.0625
    -0.0625  0.0625  0.     -0.3125 -0.125   0.     -0.0625 -0.0625]
   [ 0.      0.      0.0625 -0.125  -0.0625  0.     -0.1875  0.0625
     0.     -0.125   0.      0.      0.0625  0.0625  0.      0.
     0.      0.0625 -0.0625  0.      0.      0.     -0.25    0.
     0.      0.0625  0.     -0.0625 -0.0625 -0.0625 -0.125   0.    ]
   [ 0.      0.0625  0.0625  0.      0.125   0.0625  0.0625  0.0625
     0.0625 -0.125   0.     -0.0625 -0.0625  0.      0.     -0.0625
     0.     -0.0625 -0.0625  0.      0.0625 -0.0625 -0.0625  0.
    -0.0625  0.     -0.0625  0.0625  0.     -0.0625  0.      0.    ]
   [ 0.0625 -0.0625 -0.0625  0.0625  0.      0.      0.0625  0.0625
    -0.0625  0.      0.0625  0.      0.0625  0.0625  0.0625  0.
     0.     -0.0625  0.      0.0625 -0.0625  0.      0.0625  0.
     0.0625  0.     -0.0625 -0.125   0.0625 -0.0625  0.     -0.0625]
   [ 0.     -0.125   0.0625  0.     -0.0625 -0.0625 -0.1875  0.
    -0.0625  0.0625  0.      0.      0.      0.0625  0.     -0.0625
     0.      0.     -0.0625  0.0625  0.0625 -0.0625  0.      0.
     0.125   0.     -0.0625  0.      0.      0.      0.125   0.0625]
   [-0.125   0.      0.      0.     -0.0625  0.125   0.0625  0.
     0.     -0.0625 -0.125  -0.0625  0.0625 -0.0625  0.0625 -0.0625
     0.      0.      0.      0.0625  0.      0.      0.      0.
    -0.125   0.0625  0.     -0.0625  0.      0.0625  0.0625  0.    ]
   [ 0.0625 -0.125  -0.0625 -0.0625  0.     -0.0625  0.0625  0.0625
     0.     -0.0625 -0.0625  0.     -0.125   0.0625  0.      0.0625
     0.     -0.0625 -0.0625  0.      0.0625  0.0625  0.1875  0.0625
     0.0625  0.0625 -0.0625 -0.0625  0.      0.     -0.125   0.0625]
   [-0.125  -0.0625  0.     -0.125  -0.0625 -0.125  -0.0625  0.0625
    -0.0625  0.0625 -0.0625 -0.0625  0.      0.0625 -0.0625 -0.125
     0.      0.     -0.0625  0.0625 -0.0625 -0.0625  0.      0.
     0.      0.     -0.0625  0.0625 -0.0625 -0.0625 -0.0625 -0.0625]
   [-0.0625  0.125   0.      0.     -0.0625 -0.0625  0.      0.0625
     0.     -0.0625 -0.0625  0.      0.125   0.0625 -0.0625  0.125
     0.      0.0625  0.0625  0.      0.0625  0.      0.     -0.0625
     0.      0.      0.      0.0625  0.0625  0.      0.     -0.125 ]
   [ 0.0625  0.      0.      0.0625 -0.0625 -0.0625 -0.0625  0.
     0.     -0.0625  0.0625  0.      0.     -0.0625  0.125   0.
     0.     -0.0625  0.      0.      0.0625 -0.0625  0.     -0.0625
     0.      0.0625 -0.125  -0.125  -0.125  -0.0625 -0.125  -0.0625]
   [ 0.      0.0625  0.0625 -0.0625  0.0625  0.0625  0.125   0.0625
     0.0625 -0.0625  0.125  -0.125   0.0625  0.      0.0625  0.
     0.      0.      0.      0.     -0.0625 -0.0625  0.      0.
     0.0625  0.      0.      0.      0.0625 -0.0625 -0.0625  0.0625]
   [ 0.     -0.0625  0.0625  0.125  -0.0625  0.0625  0.      0.0625
     0.      0.0625 -0.0625 -0.0625  0.0625  0.0625  0.0625  0.0625
     0.      0.0625  0.0625 -0.0625  0.      0.125   0.0625  0.
     0.     -0.0625  0.0625  0.      0.      0.125   0.0625  0.    ]
   [-0.0625  0.      0.      0.     -0.0625  0.      0.      0.0625
    -0.0625 -0.125   0.0625  0.     -0.0625 -0.0625 -0.0625 -0.0625
     0.      0.0625 -0.125   0.      0.     -0.125   0.     -0.0625
     0.      0.0625  0.      0.0625  0.0625  0.125   0.125  -0.125 ]
   [ 0.      0.      0.0625  0.      0.      0.      0.      0.
     0.0625 -0.125   0.     -0.125   0.      0.0625  0.0625  0.
     0.      0.0625 -0.0625  0.0625  0.     -0.125  -0.125  -0.0625
     0.      0.0625  0.     -0.0625  0.      0.     -0.0625 -0.125 ]
   [-0.125   0.     -0.0625 -0.125  -0.0625  0.125   0.      0.
     0.     -0.125  -0.0625  0.     -0.125  -0.1875  0.0625  0.125
     0.     -0.125   0.     -0.125   0.0625  0.0625 -0.0625  0.125
    -0.0625  0.125   0.0625 -0.1875  0.     -0.0625 -0.0625 -0.0625]
   [ 0.     -0.0625  0.1875 -0.1875  0.0625 -0.0625  0.      0.
     0.      0.     -0.0625  0.0625  0.     -0.125   0.0625  0.0625
     0.      0.125   0.0625  0.     -0.125  -0.125   0.      0.
     0.      0.0625 -0.125  -0.125  -0.0625  0.      0.0625 -0.0625]
   [ 0.0625 -0.0625 -0.0625 -0.25    0.      0.0625 -0.0625 -0.0625
    -0.0625 -0.125  -0.125  -0.1875  0.0625 -0.25    0.     -0.125
     0.      0.0625  0.     -0.25    0.1875  0.125   0.     -0.25
    -0.1875 -0.125  -0.0625 -0.1875  0.      0.     -0.0625 -0.0625]
   [ 0.     -0.0625  0.0625  0.      0.      0.      0.      0.
     0.      0.125  -0.0625  0.      0.     -0.0625 -0.0625  0.0625
     0.      0.      0.      0.0625  0.0625 -0.0625 -0.0625  0.0625
     0.125  -0.0625  0.0625 -0.0625  0.      0.      0.     -0.0625]
   [ 0.      0.125   0.      0.      0.      0.0625  0.0625 -0.0625
     0.0625  0.0625  0.     -0.0625  0.0625  0.      0.      0.
     0.      0.0625 -0.0625  0.0625  0.      0.     -0.0625  0.0625
     0.0625  0.     -0.0625  0.      0.      0.0625  0.      0.    ]]

  [[ 0.      0.0625  0.0625  0.0625  0.1875  0.125  -0.0625 -0.125
    -0.0625  0.      0.1875  0.125   0.0625  0.25    0.0625  0.
     0.      0.0625  0.      0.     -0.1875 -0.125   0.      0.125
     0.      0.125   0.0625  0.0625  0.125   0.125   0.0625 -0.125 ]
   [ 0.0625  0.125  -0.0625  0.0625  0.0625  0.125   0.0625  0.
    -0.0625  0.125   0.      0.0625  0.      0.      0.      0.0625
     0.     -0.0625  0.      0.      0.0625  0.0625 -0.0625  0.0625
    -0.0625  0.0625  0.     -0.125  -0.0625 -0.0625  0.      0.    ]
   [ 0.      0.0625  0.0625  0.0625  0.0625  0.125  -0.1875 -0.125
     0.      0.      0.125   0.0625  0.0625  0.0625 -0.0625  0.
     0.      0.0625  0.0625  0.125  -0.0625 -0.125  -0.125   0.
     0.125   0.0625  0.      0.0625  0.125   0.      0.0625  0.0625]
   [ 0.125   0.     -0.0625  0.     -0.0625 -0.0625  0.125   0.0625
     0.0625  0.125  -0.1875  0.      0.0625  0.0625  0.     -0.0625
     0.     -0.0625  0.      0.      0.      0.0625  0.0625 -0.0625
     0.      0.      0.     -0.125   0.0625  0.      0.     -0.0625]
   [-0.125   0.      0.0625  0.      0.      0.0625 -0.0625  0.
     0.      0.      0.0625  0.0625  0.125   0.0625 -0.0625  0.125
     0.      0.0625  0.125   0.     -0.125  -0.0625  0.      0.
     0.0625  0.      0.      0.125   0.0625  0.125   0.      0.125 ]
   [ 0.0625 -0.1875 -0.125   0.125   0.      0.      0.0625  0.
     0.0625  0.      0.0625 -0.0625  0.     -0.0625  0.      0.0625
     0.     -0.125   0.      0.     -0.0625  0.1875  0.0625 -0.0625
    -0.0625  0.     -0.0625  0.      0.     -0.0625  0.     -0.125 ]
   [ 0.0625  0.0625 -0.125   0.      0.     -0.0625  0.1875 -0.0625
     0.     -0.1875 -0.125  -0.125   0.125  -0.0625 -0.0625  0.
     0.      0.0625 -0.0625  0.      0.      0.0625 -0.125   0.0625
     0.0625  0.125  -0.0625  0.125  -0.0625  0.      0.      0.0625]
   [-0.125  -0.0625 -0.0625  0.0625  0.0625  0.      0.0625  0.0625
     0.      0.125  -0.0625  0.0625  0.      0.     -0.0625  0.0625
     0.     -0.125   0.     -0.0625 -0.0625 -0.0625 -0.1875 -0.0625
    -0.125  -0.0625  0.      0.     -0.0625 -0.0625  0.0625 -0.0625]
   [-0.0625  0.      0.      0.0625  0.0625 -0.0625 -0.0625  0.0625
     0.      0.      0.      0.     -0.0625  0.      0.      0.125
     0.      0.      0.      0.      0.      0.      0.      0.
     0.      0.      0.0625  0.0625 -0.0625  0.      0.125  -0.0625]
   [ 0.0625  0.      0.     -0.125   0.      0.      0.0625  0.125
     0.0625 -0.125   0.      0.      0.     -0.0625  0.      0.0625
     0.      0.      0.0625  0.125   0.0625  0.0625 -0.0625  0.0625
     0.0625 -0.0625  0.      0.0625  0.125   0.0625 -0.0625  0.0625]
   [-0.0625  0.     -0.0625  0.125   0.0625  0.125   0.0625  0.
     0.0625  0.0625  0.25   -0.0625  0.0625  0.      0.     -0.0625
     0.      0.0625  0.      0.0625 -0.0625 -0.125  -0.1875 -0.1875
     0.      0.      0.     -0.0625  0.0625 -0.0625  0.0625 -0.0625]
   [ 0.0625  0.      0.0625  0.      0.0625  0.0625 -0.0625  0.125
     0.      0.0625 -0.25    0.      0.0625  0.      0.125  -0.125
     0.     -0.1875  0.      0.      0.      0.0625 -0.0625 -0.0625
    -0.0625  0.0625  0.     -0.25    0.0625  0.      0.0625  0.125 ]
   [-0.0625 -0.125  -0.0625  0.      0.      0.1875 -0.125   0.
    -0.0625 -0.0625  0.      0.      0.     -0.125  -0.0625 -0.1875
     0.      0.0625 -0.0625 -0.0625 -0.1875 -0.0625  0.0625 -0.1875
    -0.1875  0.      0.      0.      0.0625  0.125   0.      0.    ]
   [-0.0625 -0.1875  0.0625 -0.0625  0.0625 -0.0625 -0.0625 -0.0625
     0.     -0.0625  0.      0.0625  0.0625  0.125   0.0625  0.
     0.      0.     -0.0625 -0.125   0.      0.      0.125   0.125
     0.      0.0625 -0.125   0.      0.125  -0.125  -0.125   0.    ]
   [ 0.      0.     -0.0625 -0.125   0.0625  0.0625  0.125   0.
     0.      0.1875  0.0625 -0.125   0.      0.0625  0.      0.
     0.      0.0625  0.      0.0625  0.     -0.0625 -0.1875  0.
     0.0625  0.0625  0.     -0.125   0.125   0.     -0.0625  0.125 ]
   [ 0.     -0.0625 -0.0625  0.0625  0.      0.      0.0625  0.
    -0.0625  0.      0.125   0.     -0.0625  0.125  -0.0625  0.125
     0.     -0.0625  0.      0.      0.     -0.0625 -0.0625  0.125
     0.      0.      0.     -0.0625  0.     -0.0625  0.0625  0.    ]
   [-0.125   0.125   0.      0.      0.0625  0.0625  0.      0.0625
     0.0625  0.125   0.     -0.0625 -0.0625  0.      0.      0.125
     0.      0.0625 -0.0625  0.      0.     -0.125   0.      0.
     0.0625 -0.0625  0.0625  0.      0.0625 -0.0625  0.     -0.0625]
   [ 0.      0.      0.      0.0625 -0.0625 -0.0625  0.0625  0.0625
     0.      0.0625 -0.0625  0.0625 -0.0625  0.0625  0.      0.0625
     0.      0.0625  0.      0.      0.     -0.0625 -0.0625  0.0625
     0.      0.125   0.0625  0.      0.0625  0.0625 -0.125   0.    ]
   [-0.0625  0.      0.      0.0625  0.      0.     -0.125   0.0625
    -0.0625  0.     -0.0625  0.      0.      0.125  -0.0625 -0.0625
     0.      0.      0.      0.125   0.0625  0.      0.      0.0625
     0.0625  0.      0.      0.      0.     -0.0625 -0.0625  0.0625]
   [ 0.0625 -0.0625  0.0625 -0.0625  0.      0.      0.0625 -0.0625
    -0.1875  0.      0.0625 -0.0625 -0.0625 -0.0625  0.     -0.0625
     0.     -0.0625 -0.125  -0.0625  0.0625  0.0625  0.1875 -0.125
     0.0625  0.0625 -0.125  -0.0625  0.125   0.0625  0.     -0.1875]
   [-0.0625 -0.0625 -0.0625  0.0625  0.125  -0.0625 -0.125   0.125
    -0.125   0.0625 -0.0625  0.      0.125   0.0625 -0.0625  0.0625
     0.     -0.1875  0.     -0.125   0.      0.      0.      0.
    -0.0625 -0.0625 -0.0625  0.     -0.0625  0.0625 -0.125   0.0625]
   [ 0.      0.      0.      0.      0.0625 -0.0625 -0.0625 -0.0625
     0.      0.125   0.0625  0.     -0.0625  0.      0.      0.
     0.     -0.0625  0.      0.0625 -0.0625 -0.125  -0.125  -0.0625
     0.      0.      0.      0.125   0.      0.125  -0.0625  0.    ]
   [ 0.0625 -0.125  -0.125   0.      0.0625  0.      0.0625  0.125
     0.0625  0.     -0.25   -0.0625  0.0625  0.     -0.125  -0.0625
     0.      0.     -0.125   0.     -0.1875 -0.125  -0.125   0.
    -0.0625 -0.0625 -0.0625  0.0625 -0.0625  0.     -0.0625  0.    ]
   [ 0.125   0.      0.0625 -0.0625  0.125   0.0625  0.     -0.0625
    -0.0625  0.      0.      0.      0.0625  0.      0.      0.125
     0.     -0.0625 -0.0625  0.0625  0.      0.     -0.0625  0.
    -0.0625  0.0625 -0.0625  0.125   0.      0.0625 -0.0625  0.0625]
   [ 0.0625  0.0625  0.0625  0.0625  0.125  -0.0625 -0.125   0.
    -0.125   0.     -0.0625  0.      0.0625  0.      0.      0.
     0.     -0.0625 -0.0625 -0.0625  0.0625  0.     -0.0625  0.0625
     0.0625  0.      0.0625  0.125   0.0625  0.0625  0.     -0.0625]
   [-0.0625  0.125   0.0625  0.      0.      0.0625 -0.0625  0.0625
    -0.0625  0.     -0.0625  0.0625  0.      0.0625 -0.0625  0.
     0.     -0.125   0.      0.0625 -0.0625  0.     -0.0625  0.0625
     0.0625  0.1875  0.0625  0.0625  0.      0.125  -0.0625 -0.1875]
   [-0.0625  0.125   0.     -0.0625  0.125   0.0625  0.0625  0.
    -0.0625  0.1875  0.0625  0.      0.      0.0625  0.      0.0625
     0.      0.      0.      0.0625  0.     -0.0625 -0.0625  0.125
    -0.0625  0.      0.0625  0.      0.1875  0.      0.      0.0625]
   [ 0.125   0.      0.0625  0.     -0.0625  0.      0.     -0.0625
     0.     -0.0625  0.125  -0.0625  0.0625 -0.125  -0.0625 -0.0625
     0.      0.125   0.     -0.125   0.      0.0625 -0.0625  0.0625
    -0.0625  0.0625  0.     -0.125   0.0625 -0.125  -0.25    0.    ]
   [ 0.     -0.125   0.     -0.0625  0.125   0.0625 -0.0625 -0.125
     0.     -0.0625  0.0625  0.0625  0.      0.      0.      0.
     0.      0.      0.0625 -0.0625 -0.125  -0.125  -0.0625  0.
     0.      0.     -0.125   0.      0.      0.      0.      0.    ]
   [ 0.     -0.0625  0.     -0.0625 -0.125  -0.3125 -0.125   0.0625
     0.     -0.1875 -0.0625  0.0625  0.0625  0.     -0.0625 -0.3125
     0.      0.125   0.0625  0.      0.      0.      0.125   0.
     0.0625  0.0625 -0.0625  0.      0.      0.125  -0.125  -0.125 ]
   [ 0.      0.     -0.0625  0.0625  0.0625  0.      0.0625  0.0625
     0.      0.0625  0.      0.     -0.0625  0.      0.      0.125
     0.      0.125   0.125   0.      0.      0.     -0.1875 -0.0625
     0.0625 -0.0625  0.     -0.0625  0.0625 -0.125   0.      0.0625]
   [ 0.      0.125   0.      0.      0.125   0.0625  0.0625  0.
     0.      0.0625  0.0625 -0.0625  0.0625  0.      0.      0.0625
     0.      0.      0.0625  0.     -0.0625  0.      0.0625 -0.0625
    -0.0625 -0.0625  0.      0.0625  0.0625 -0.0625  0.0625 -0.0625]]]


 [[[ 0.      0.0625  0.0625  0.0625  0.0625  0.     -0.0625  0.
     0.0625 -0.0625 -0.0625  0.     -0.0625  0.0625 -0.125   0.
     0.      0.0625 -0.0625  0.0625  0.125   0.      0.      0.0625
     0.0625 -0.0625  0.     -0.0625 -0.0625  0.0625 -0.0625  0.    ]
   [-0.1875  0.125   0.      0.1875  0.     -0.125   0.      0.0625
    -0.125   0.0625  0.125   0.0625  0.      0.0625  0.0625 -0.125
     0.      0.      0.     -0.0625 -0.0625  0.      0.      0.0625
     0.      0.0625  0.      0.0625  0.      0.      0.125   0.    ]
   [ 0.0625  0.      0.      0.      0.     -0.0625  0.125   0.0625
     0.0625  0.     -0.0625  0.125   0.0625  0.0625 -0.0625  0.125
     0.     -0.125   0.      0.      0.0625 -0.0625 -0.0625 -0.0625
     0.125   0.0625 -0.125   0.0625 -0.0625 -0.0625 -0.0625  0.0625]
   [ 0.125  -0.0625  0.0625 -0.125  -0.0625 -0.0625  0.0625 -0.125
    -0.125   0.0625  0.125   0.     -0.0625  0.      0.     -0.0625
     0.     -0.0625 -0.0625  0.     -0.0625  0.125   0.      0.0625
    -0.0625  0.     -0.0625 -0.125  -0.0625 -0.0625  0.0625 -0.125 ]
   [ 0.125   0.0625  0.0625  0.1875 -0.0625  0.0625  0.      0.125
     0.125   0.125  -0.0625  0.0625  0.0625  0.0625 -0.0625  0.0625
     0.      0.     -0.1875  0.      0.      0.      0.      0.0625
     0.      0.      0.     -0.0625  0.      0.0625  0.      0.    ]
   [ 0.125  -0.1875 -0.0625 -0.125   0.      0.0625  0.1875  0.
     0.0625  0.0625  0.      0.      0.0625 -0.125   0.      0.0625
     0.     -0.125   0.125   0.125   0.1875 -0.0625  0.0625 -0.0625
     0.0625  0.     -0.125  -0.0625 -0.0625  0.125   0.      0.0625]
   [ 0.0625  0.0625  0.0625  0.0625 -0.0625  0.      0.      0.0625
     0.125   0.0625 -0.0625  0.      0.     -0.0625  0.0625  0.0625
     0.      0.     -0.0625  0.125   0.0625 -0.0625  0.0625 -0.0625
     0.125   0.0625  0.      0.      0.0625  0.0625 -0.0625 -0.0625]
   [ 0.0625  0.      0.0625 -0.125   0.0625  0.      0.0625  0.125
    -0.0625  0.0625  0.      0.0625 -0.0625 -0.0625 -0.0625 -0.0625
     0.     -0.0625  0.0625  0.      0.      0.0625  0.      0.
    -0.0625  0.     -0.0625 -0.0625 -0.0625  0.      0.0625  0.125 ]
   [ 0.0625  0.0625  0.      0.1875  0.0625  0.     -0.0625  0.0625
     0.      0.1875  0.0625  0.     -0.0625 -0.0625 -0.1875 -0.0625
     0.      0.      0.0625  0.      0.      0.0625  0.125   0.0625
     0.125   0.      0.0625 -0.125   0.     -0.0625  0.1875 -0.0625]
   [ 0.      0.0625 -0.0625  0.1875  0.     -0.125   0.      0.125
     0.0625  0.      0.      0.0625  0.      0.      0.0625  0.
     0.     -0.0625  0.      0.      0.      0.      0.0625  0.0625
    -0.0625  0.      0.     -0.0625  0.      0.0625  0.0625  0.125 ]
   [ 0.      0.      0.     -0.0625 -0.0625 -0.0625  0.0625 -0.125
     0.0625  0.     -0.125   0.     -0.0625 -0.0625  0.125   0.
     0.      0.     -0.0625  0.      0.      0.0625 -0.0625  0.125
     0.      0.      0.0625  0.      0.125   0.      0.     -0.0625]
   [ 0.125  -0.1875  0.     -0.1875  0.      0.      0.25   -0.0625
     0.125   0.      0.0625 -0.0625  0.      0.     -0.0625 -0.0625
     0.      0.      0.      0.      0.125   0.0625  0.      0.0625
     0.0625  0.1875 -0.0625  0.      0.0625  0.0625 -0.0625 -0.0625]
   [ 0.0625 -0.1875 -0.1875 -0.25   -0.0625  0.0625  0.0625  0.125
     0.     -0.125   0.0625 -0.0625 -0.125   0.     -0.0625  0.
     0.     -0.1875  0.0625 -0.125   0.0625  0.      0.0625  0.0625
     0.     -0.1875 -0.1875 -0.1875  0.0625  0.0625  0.0625  0.    ]
   [ 0.125  -0.25   -0.125   0.0625  0.125  -0.0625  0.0625 -0.25
     0.125   0.      0.125  -0.0625 -0.1875 -0.125  -0.1875  0.
     0.     -0.1875  0.      0.     -0.0625  0.     -0.0625  0.0625
     0.1875 -0.125   0.0625 -0.125  -0.0625  0.     -0.125   0.125 ]
   [-0.1875  0.1875  0.125   0.125   0.     -0.1875 -0.125   0.125
     0.     -0.125   0.      0.0625  0.125   0.0625  0.0625  0.
     0.      0.1875  0.      0.     -0.25    0.      0.      0.0625
     0.      0.      0.     -0.0625  0.     -0.0625  0.0625  0.    ]
   [ 0.0625  0.      0.     -0.125   0.     -0.125   0.125  -0.0625
     0.1875 -0.0625 -0.1875  0.      0.0625 -0.125   0.     -0.125
     0.      0.0625 -0.0625  0.125  -0.0625 -0.0625  0.125  -0.0625
    -0.0625  0.     -0.125   0.      0.125   0.      0.125  -0.0625]
   [ 0.      0.      0.      0.0625  0.     -0.125   0.0625  0.
     0.      0.1875  0.      0.125   0.0625 -0.0625 -0.0625 -0.125
     0.      0.      0.     -0.0625 -0.0625  0.      0.125   0.0625
    -0.0625  0.125   0.      0.0625  0.125  -0.0625  0.      0.    ]
   [-0.1875  0.125   0.125  -0.0625  0.     -0.125  -0.0625 -0.0625
    -0.125   0.0625  0.0625  0.0625  0.25    0.125   0.0625 -0.0625
     0.      0.0625  0.      0.0625  0.      0.      0.1875  0.125
    -0.1875  0.0625 -0.0625 -0.0625 -0.0625 -0.1875  0.125  -0.1875]
   [ 0.125  -0.25    0.      0.125   0.0625 -0.0625 -0.0625  0.
     0.      0.      0.125   0.     -0.0625  0.0625 -0.1875  0.0625
     0.     -0.1875 -0.125  -0.125   0.      0.125   0.      0.125
     0.0625  0.125  -0.0625  0.      0.0625  0.0625 -0.125  -0.0625]
   [ 0.1875  0.     -0.0625  0.      0.0625 -0.125   0.0625 -0.1875
     0.125   0.      0.25    0.0625 -0.25    0.125  -0.125   0.125
     0.     -0.1875  0.     -0.0625  0.1875  0.     -0.0625  0.
     0.      0.     -0.0625 -0.0625  0.      0.0625 -0.1875  0.    ]
   [-0.0625  0.125   0.125  -0.25   -0.0625  0.1875  0.0625  0.
    -0.125   0.     -0.0625 -0.0625 -0.125   0.0625  0.0625  0.0625
     0.      0.0625  0.      0.      0.0625  0.      0.     -0.0625
    -0.125   0.0625  0.      0.0625  0.     -0.25    0.      0.0625]
   [-0.0625  0.      0.125   0.      0.      0.1875  0.125   0.125
    -0.0625  0.      0.      0.      0.1875 -0.0625  0.125  -0.125
     0.      0.      0.      0.1875 -0.0625  0.      0.0625  0.
    -0.125   0.0625  0.      0.0625 -0.0625 -0.0625  0.25    0.    ]
   [ 0.125  -0.125  -0.0625 -0.3125  0.      0.0625  0.0625  0.
     0.0625  0.      0.     -0.0625  0.     -0.0625  0.0625  0.125
     0.     -0.125   0.      0.0625  0.1875  0.125   0.     -0.125
     0.0625  0.      0.     -0.0625  0.0625  0.     -0.1875  0.    ]
   [ 0.125  -0.0625  0.0625 -0.0625 -0.0625  0.      0.     -0.0625
     0.0625 -0.0625  0.0625  0.0625  0.0625 -0.125  -0.0625  0.0625
     0.      0.0625 -0.0625  0.0625  0.     -0.0625 -0.0625 -0.0625
     0.0625  0.     -0.0625  0.      0.     -0.0625  0.0625  0.    ]
   [ 0.125   0.     -0.125   0.      0.      0.1875 -0.0625 -0.0625
     0.0625  0.      0.      0.125   0.0625  0.     -0.1875 -0.0625
     0.      0.     -0.0625  0.125   0.125  -0.0625 -0.0625 -0.0625
     0.      0.125   0.      0.      0.0625  0.125   0.0625  0.    ]
   [-0.0625 -0.1875  0.125   0.0625 -0.0625 -0.1875  0.     -0.0625
     0.0625  0.125   0.125   0.     -0.125   0.0625 -0.1875 -0.0625
     0.     -0.0625 -0.0625  0.      0.      0.      0.125   0.1875
    -0.0625 -0.0625 -0.0625 -0.0625 -0.0625 -0.125   0.      0.0625]
   [-0.0625  0.125   0.125   0.1875  0.      0.0625  0.0625  0.
    -0.0625  0.0625  0.0625  0.0625  0.0625  0.0625  0.125  -0.0625
     0.      0.0625 -0.0625  0.     -0.125   0.0625  0.      0.
     0.      0.0625  0.0625 -0.0625 -0.125   0.     -0.125   0.    ]
   [ 0.0625  0.      0.      0.125  -0.0625 -0.125  -0.0625 -0.0625
     0.125  -0.1875  0.0625  0.0625 -0.0625  0.      0.0625  0.0625
     0.      0.      0.1875  0.      0.0625  0.0625 -0.1875 -0.0625
     0.25   -0.0625  0.0625 -0.0625  0.0625 -0.125  -0.125   0.    ]
   [ 0.0625 -0.125   0.125  -0.125   0.0625 -0.0625  0.125   0.0625
     0.      0.0625  0.      0.0625 -0.1875  0.      0.125   0.0625
     0.     -0.0625  0.     -0.0625  0.      0.125   0.      0.1875
     0.0625 -0.125  -0.0625 -0.125   0.0625 -0.125   0.      0.    ]
   [-0.125  -0.125   0.      0.      0.0625 -0.0625  0.      0.
     0.0625  0.      0.      0.     -0.125   0.0625  0.0625 -0.125
     0.     -0.0625 -0.0625  0.     -0.125   0.0625  0.      0.
    -0.125   0.125  -0.125   0.     -0.125  -0.0625 -0.125  -0.1875]
   [ 0.     -0.0625  0.125   0.0625  0.     -0.125  -0.0625  0.0625
    -0.125   0.      0.0625  0.0625  0.      0.0625  0.     -0.1875
     0.      0.      0.0625 -0.1875  0.      0.0625  0.0625  0.0625
    -0.0625  0.      0.     -0.0625  0.      0.125   0.0625  0.    ]
   [ 0.125   0.      0.0625  0.0625  0.      0.0625  0.0625  0.125
     0.      0.125  -0.125   0.      0.     -0.0625  0.     -0.0625
     0.      0.     -0.125   0.125   0.     -0.0625  0.0625  0.125
    -0.125   0.0625 -0.0625  0.0625  0.      0.      0.1875  0.    ]]

  [[ 0.      0.0625  0.0625  0.0625  0.0625  0.      0.      0.
    -0.0625  0.      0.0625  0.      0.0625  0.0625 -0.0625  0.
     0.      0.      0.0625  0.      0.      0.     -0.0625  0.
     0.      0.      0.0625  0.      0.0625 -0.125   0.0625  0.    ]
   [ 0.0625  0.     -0.0625  0.      0.      0.      0.0625 -0.0625
    -0.0625  0.      0.0625 -0.0625  0.125  -0.0625  0.     -0.125
     0.      0.      0.     -0.0625  0.0625  0.      0.      0.
     0.      0.0625 -0.125   0.0625  0.0625  0.      0.      0.0625]
   [-0.125   0.125   0.0625  0.      0.      0.1875  0.      0.
    -0.125  -0.0625  0.0625  0.0625 -0.125   0.0625  0.      0.
     0.      0.125   0.     -0.0625 -0.0625 -0.0625  0.     -0.0625
     0.0625  0.      0.125   0.125  -0.0625 -0.0625 -0.0625 -0.0625]
   [ 0.1875 -0.0625  0.     -0.0625 -0.0625  0.0625  0.     -0.0625
     0.     -0.0625  0.0625  0.      0.0625 -0.1875 -0.0625 -0.0625
     0.     -0.0625 -0.0625  0.      0.1875  0.0625  0.125  -0.125
     0.      0.0625 -0.125  -0.0625  0.      0.125  -0.0625 -0.0625]
   [ 0.      0.      0.      0.1875  0.0625 -0.125  -0.125  -0.0625
     0.125   0.      0.      0.      0.      0.0625 -0.125   0.
     0.     -0.0625  0.     -0.0625 -0.0625  0.0625  0.      0.125
     0.125   0.0625  0.1875 -0.125   0.      0.     -0.0625 -0.0625]
   [-0.0625 -0.0625 -0.0625  0.      0.      0.     -0.0625 -0.125
    -0.125   0.0625  0.0625  0.     -0.0625 -0.0625 -0.1875  0.0625
     0.      0.      0.0625 -0.0625  0.0625  0.0625  0.     -0.0625
     0.      0.     -0.125  -0.0625 -0.125  -0.0625  0.0625  0.    ]
   [-0.0625  0.1875  0.     -0.0625  0.0625  0.0625  0.0625  0.0625
    -0.125   0.      0.0625  0.      0.0625  0.      0.0625  0.0625
     0.     -0.0625  0.      0.125   0.     -0.0625  0.     -0.1875
    -0.0625  0.      0.0625 -0.0625  0.125   0.125   0.125  -0.0625]
   [ 0.125  -0.1875 -0.0625  0.0625 -0.0625  0.0625  0.125  -0.0625
     0.      0.     -0.0625 -0.0625 -0.125   0.     -0.125   0.
     0.     -0.125   0.     -0.0625  0.1875 -0.0625  0.      0.
    -0.0625 -0.0625 -0.125  -0.0625  0.      0.     -0.0625  0.0625]
   [ 0.0625  0.      0.      0.      0.0625 -0.0625 -0.125   0.
    -0.0625  0.      0.      0.0625 -0.0625  0.     -0.125   0.
     0.      0.      0.125   0.     -0.0625  0.      0.0625  0.125
     0.     -0.0625  0.      0.0625  0.0625 -0.125  -0.0625  0.    ]
   [ 0.     -0.0625  0.      0.125   0.      0.     -0.0625  0.
     0.      0.0625 -0.0625  0.0625  0.      0.0625  0.      0.
     0.     -0.125  -0.0625 -0.0625  0.      0.      0.0625  0.
     0.     -0.0625  0.      0.0625 -0.0625  0.0625  0.      0.    ]
   [-0.0625  0.0625  0.0625  0.0625 -0.0625  0.      0.0625  0.
     0.     -0.125   0.      0.0625  0.0625  0.125   0.      0.
     0.      0.     -0.125  -0.0625  0.      0.0625  0.      0.125
    -0.125   0.0625  0.125  -0.0625  0.0625  0.      0.0625 -0.0625]
   [ 0.0625  0.0625 -0.0625  0.      0.     -0.0625  0.0625 -0.125
     0.      0.      0.     -0.0625  0.125  -0.125  -0.0625  0.
     0.      0.      0.     -0.0625  0.125   0.125  -0.125   0.125
     0.      0.1875  0.      0.125   0.0625  0.1875  0.      0.    ]
   [ 0.     -0.0625  0.      0.0625  0.     -0.0625  0.      0.
     0.      0.0625 -0.0625 -0.125   0.0625  0.     -0.0625  0.0625
     0.     -0.0625  0.      0.0625  0.     -0.125   0.0625  0.
     0.      0.     -0.125  -0.0625 -0.125  -0.125   0.0625 -0.0625]
   [-0.125   0.0625  0.0625  0.     -0.0625 -0.125  -0.125  -0.125
     0.     -0.1875  0.125   0.125   0.0625  0.      0.125   0.
     0.      0.     -0.0625 -0.25    0.      0.0625 -0.125  -0.0625
    -0.0625  0.      0.     -0.0625 -0.0625  0.     -0.0625  0.    ]
   [ 0.     -0.125  -0.0625 -0.125   0.0625  0.      0.      0.0625
     0.125  -0.0625 -0.0625  0.0625 -0.0625  0.0625 -0.0625  0.
     0.      0.      0.      0.0625  0.     -0.125   0.0625 -0.125
    -0.125  -0.0625 -0.125   0.125   0.0625  0.0625 -0.125  -0.0625]
   [ 0.     -0.0625 -0.125   0.0625  0.0625  0.125   0.0625  0.
     0.125   0.125   0.      0.0625 -0.125  -0.0625 -0.0625  0.0625
     0.      0.     -0.125   0.0625  0.0625 -0.125   0.125   0.
     0.      0.0625  0.0625  0.0625  0.0625  0.0625 -0.125  -0.0625]
   [ 0.0625  0.      0.0625 -0.0625  0.     -0.0625  0.125   0.0625
     0.      0.     -0.125   0.0625  0.      0.     -0.0625  0.0625
     0.      0.0625  0.      0.0625  0.      0.      0.0625  0.
     0.0625  0.      0.      0.      0.0625  0.      0.125   0.    ]
   [ 0.     -0.0625  0.      0.     -0.0625  0.      0.      0.
    -0.0625  0.      0.      0.      0.125  -0.0625  0.     -0.125
     0.      0.     -0.0625  0.0625  0.0625 -0.0625 -0.0625 -0.0625
    -0.0625  0.     -0.125   0.0625  0.      0.      0.      0.    ]
   [-0.0625  0.125  -0.0625  0.25   -0.0625 -0.0625 -0.125   0.
    -0.0625  0.125   0.125   0.0625  0.125   0.     -0.0625  0.
     0.      0.0625 -0.0625 -0.125   0.      0.     -0.0625  0.125
     0.125   0.      0.125   0.0625  0.      0.      0.     -0.0625]
   [-0.0625  0.      0.0625  0.0625 -0.0625  0.      0.      0.125
    -0.1875 -0.0625  0.125   0.0625  0.      0.0625 -0.1875  0.
     0.      0.0625  0.0625 -0.125   0.      0.      0.0625  0.
     0.0625  0.0625  0.     -0.1875 -0.125  -0.125   0.0625  0.    ]
   [ 0.125  -0.25   -0.125  -0.125  -0.0625  0.0625  0.0625  0.0625
    -0.0625  0.0625 -0.0625  0.     -0.0625 -0.0625 -0.125   0.0625
     0.     -0.125   0.0625 -0.0625  0.0625  0.     -0.125  -0.125
     0.0625 -0.0625 -0.25    0.0625  0.0625 -0.0625 -0.125   0.    ]
   [ 0.     -0.0625 -0.125   0.125   0.0625 -0.0625  0.125  -0.0625
     0.      0.0625 -0.0625 -0.0625 -0.0625  0.0625 -0.0625 -0.0625
     0.      0.0625  0.      0.0625  0.0625  0.0625  0.125   0.125
    -0.0625 -0.125   0.      0.      0.0625  0.      0.0625  0.0625]
   [ 0.0625 -0.0625 -0.125  -0.1875  0.      0.0625  0.     -0.0625
    -0.0625 -0.1875  0.1875 -0.0625  0.0625  0.     -0.0625  0.0625
     0.      0.      0.0625 -0.0625  0.      0.0625  0.0625  0.0625
     0.      0.      0.     -0.0625  0.0625  0.      0.0625  0.0625]
   [-0.0625  0.125   0.0625 -0.0625  0.      0.125   0.125  -0.0625
    -0.0625  0.      0.0625  0.      0.0625  0.0625  0.      0.0625
     0.      0.      0.      0.0625  0.     -0.125   0.0625 -0.125
     0.     -0.0625  0.      0.1875  0.      0.0625  0.      0.    ]
   [-0.125   0.1875  0.0625  0.0625  0.0625  0.     -0.0625  0.
    -0.125   0.125   0.      0.      0.125   0.125   0.      0.125
     0.      0.0625  0.      0.0625  0.      0.      0.0625  0.
     0.0625 -0.0625  0.0625  0.125   0.125   0.0625  0.0625  0.    ]
   [ 0.     -0.0625  0.      0.125   0.0625 -0.0625 -0.0625  0.0625
    -0.0625  0.125  -0.125   0.     -0.0625  0.0625 -0.0625 -0.125
     0.      0.      0.      0.     -0.0625 -0.125   0.0625  0.
     0.      0.0625 -0.0625 -0.125   0.0625 -0.0625  0.      0.125 ]
   [ 0.      0.      0.      0.      0.0625 -0.125  -0.0625  0.
     0.125   0.0625 -0.125  -0.0625  0.      0.     -0.125  -0.0625
     0.     -0.0625 -0.125  -0.0625 -0.0625  0.      0.      0.
     0.      0.      0.      0.      0.0625 -0.0625  0.      0.    ]
   [ 0.      0.0625  0.125   0.125   0.      0.     -0.125  -0.1875
    -0.0625  0.      0.0625  0.0625 -0.0625  0.0625  0.      0.0625
     0.      0.0625 -0.0625  0.      0.     -0.0625  0.      0.
    -0.0625  0.0625  0.125   0.0625  0.0625 -0.0625 -0.0625 -0.0625]
   [ 0.125  -0.0625  0.     -0.125  -0.0625  0.     -0.0625  0.
     0.      0.     -0.0625 -0.0625 -0.125  -0.0625 -0.0625  0.
     0.      0.      0.     -0.0625  0.0625  0.0625 -0.125   0.125
     0.      0.0625  0.0625 -0.1875  0.0625  0.     -0.0625 -0.125 ]
   [-0.0625  0.     -0.0625  0.      0.0625  0.     -0.0625  0.
    -0.1875 -0.0625 -0.125   0.0625 -0.0625  0.      0.0625 -0.1875
     0.      0.125  -0.1875  0.0625  0.0625 -0.0625  0.0625 -0.0625
     0.125   0.     -0.125   0.0625 -0.125   0.125   0.     -0.125 ]
   [ 0.125   0.0625 -0.0625 -0.125  -0.0625 -0.0625 -0.0625  0.
    -0.0625  0.0625  0.0625  0.125   0.0625  0.125  -0.0625 -0.125
     0.      0.      0.     -0.0625  0.0625  0.0625  0.     -0.0625
    -0.0625  0.0625 -0.0625  0.0625  0.0625 -0.0625  0.     -0.0625]
   [ 0.      0.0625  0.0625  0.0625  0.0625 -0.0625 -0.0625  0.0625
     0.      0.     -0.0625  0.      0.      0.0625  0.      0.0625
     0.     -0.0625  0.      0.0625 -0.0625  0.0625  0.0625 -0.0625
     0.0625 -0.0625  0.     -0.0625  0.     -0.0625  0.      0.0625]]

  [[ 0.0625 -0.0625  0.      0.0625  0.125  -0.0625 -0.0625 -0.125
     0.0625  0.      0.125  -0.0625  0.      0.125  -0.0625 -0.0625
     0.     -0.0625  0.      0.0625 -0.25   -0.125  -0.0625  0.
     0.125  -0.0625  0.125   0.     -0.0625 -0.1875  0.1875 -0.0625]
   [ 0.125   0.     -0.125   0.      0.0625  0.0625  0.0625  0.0625
    -0.0625  0.0625 -0.0625  0.0625  0.0625  0.     -0.0625  0.0625
     0.     -0.125  -0.0625 -0.0625  0.0625  0.      0.0625  0.
    -0.0625  0.     -0.0625 -0.125  -0.0625  0.0625  0.      0.    ]
   [ 0.     -0.125   0.1875  0.      0.0625 -0.0625 -0.0625 -0.0625
     0.0625  0.0625 -0.0625 -0.125   0.      0.125  -0.0625 -0.125
     0.      0.     -0.0625  0.0625 -0.125  -0.125   0.      0.0625
     0.0625  0.      0.0625  0.0625  0.0625 -0.125   0.0625  0.    ]
   [ 0.      0.1875  0.      0.0625  0.0625  0.      0.125   0.0625
     0.      0.      0.1875  0.      0.1875 -0.125  -0.0625  0.125
     0.      0.1875  0.      0.      0.0625  0.0625  0.     -0.125
     0.      0.0625  0.0625  0.125   0.      0.1875  0.0625  0.    ]
   [ 0.      0.0625 -0.0625  0.0625  0.     -0.0625  0.     -0.125
     0.      0.125  -0.0625 -0.0625  0.      0.0625 -0.0625  0.
     0.      0.      0.     -0.125  -0.125   0.     -0.0625  0.1875
     0.0625  0.      0.0625  0.0625  0.      0.      0.     -0.0625]
   [-0.0625  0.     -0.1875 -0.0625  0.      0.     -0.0625 -0.0625
    -0.0625 -0.125   0.0625  0.      0.125   0.     -0.0625 -0.0625
     0.     -0.0625  0.     -0.1875  0.      0.     -0.0625  0.
    -0.0625  0.0625  0.      0.0625 -0.125   0.125   0.      0.0625]
   [-0.0625  0.0625 -0.0625 -0.125  -0.125   0.0625  0.1875  0.125
    -0.0625 -0.125   0.125   0.0625  0.      0.0625 -0.125   0.1875
     0.      0.     -0.0625 -0.0625 -0.0625  0.125   0.0625 -0.0625
    -0.0625  0.0625  0.0625  0.1875  0.      0.125   0.     -0.1875]
   [ 0.0625  0.     -0.1875  0.125  -0.125  -0.125   0.0625  0.
     0.125  -0.0625 -0.0625 -0.125   0.     -0.0625 -0.125   0.0625
     0.     -0.0625  0.0625 -0.0625 -0.0625  0.      0.     -0.0625
     0.0625  0.     -0.125   0.125  -0.125   0.     -0.0625  0.1875]
   [-0.0625 -0.0625 -0.0625  0.0625 -0.125   0.     -0.0625  0.
    -0.0625  0.     -0.0625 -0.0625  0.      0.125  -0.0625  0.0625
     0.     -0.125   0.      0.125  -0.0625  0.      0.125   0.0625
     0.125  -0.0625 -0.0625  0.125   0.      0.0625  0.0625  0.125 ]
   [ 0.125   0.      0.      0.0625 -0.1875  0.0625 -0.0625  0.
    -0.0625  0.      0.0625  0.     -0.125   0.0625 -0.0625  0.125
     0.     -0.0625 -0.0625 -0.0625  0.      0.      0.0625 -0.125
     0.      0.      0.     -0.0625  0.0625 -0.0625  0.0625  0.0625]
   [ 0.      0.      0.125   0.     -0.0625  0.0625  0.     -0.0625
     0.1875 -0.0625  0.     -0.125   0.125  -0.0625 -0.0625  0.
     0.      0.      0.0625  0.      0.0625  0.125   0.      0.25
     0.0625 -0.0625  0.0625  0.      0.     -0.125   0.0625  0.    ]
   [-0.0625  0.125   0.      0.0625  0.0625 -0.0625  0.      0.125
     0.0625  0.      0.     -0.0625  0.3125  0.     -0.0625  0.
     0.      0.0625 -0.0625  0.      0.125   0.1875  0.0625  0.125
     0.      0.0625  0.125   0.125   0.      0.125  -0.0625  0.    ]
   [ 0.0625  0.     -0.0625  0.1875 -0.1875 -0.0625 -0.0625 -0.125
     0.0625 -0.125   0.     -0.0625  0.      0.0625 -0.1875  0.
     0.      0.     -0.125   0.      0.     -0.0625  0.0625  0.125
     0.0625  0.      0.125   0.125  -0.0625 -0.125   0.125   0.    ]
   [ 0.0625  0.0625  0.      0.125  -0.0625 -0.1875  0.      0.1875
     0.     -0.125   0.125   0.1875 -0.125   0.0625  0.     -0.1875
     0.      0.      0.      0.     -0.0625 -0.25    0.      0.
     0.0625  0.     -0.0625  0.0625  0.     -0.125  -0.125   0.    ]
   [ 0.0625 -0.0625  0.      0.      0.      0.0625  0.1875  0.0625
     0.      0.0625 -0.125  -0.125  -0.0625 -0.0625 -0.0625  0.25
     0.      0.     -0.0625  0.0625  0.      0.     -0.0625 -0.1875
    -0.0625  0.     -0.125  -0.0625  0.0625  0.0625 -0.125  -0.0625]
   [ 0.     -0.0625 -0.125   0.0625  0.      0.      0.0625  0.125
    -0.0625 -0.0625 -0.0625 -0.125   0.0625  0.0625 -0.0625  0.125
     0.      0.125  -0.0625  0.0625  0.0625  0.      0.      0.
     0.      0.      0.     -0.0625  0.      0.1875  0.0625  0.0625]
   [ 0.0625  0.     -0.0625  0.125  -0.0625  0.      0.0625  0.0625
    -0.0625  0.125   0.     -0.0625  0.      0.0625  0.      0.
     0.      0.0625  0.0625  0.      0.0625  0.      0.      0.0625
     0.0625  0.      0.      0.     -0.0625  0.0625  0.      0.    ]
   [ 0.0625  0.0625  0.     -0.0625  0.125   0.1875  0.0625 -0.0625
    -0.0625  0.0625  0.      0.125   0.     -0.0625  0.      0.0625
     0.      0.0625  0.      0.0625  0.0625 -0.125  -0.0625 -0.125
    -0.0625  0.0625  0.0625 -0.0625  0.0625 -0.0625  0.1875  0.0625]
   [ 0.      0.0625 -0.125   0.0625  0.     -0.1875  0.      0.
    -0.125   0.125   0.      0.      0.      0.125   0.      0.
     0.     -0.125  -0.0625  0.      0.125  -0.0625  0.125   0.
     0.0625  0.0625  0.      0.0625  0.      0.0625  0.125   0.    ]
   [-0.125   0.0625  0.      0.125  -0.0625  0.     -0.0625 -0.0625
     0.     -0.0625  0.0625  0.0625  0.      0.0625 -0.0625 -0.0625
     0.      0.0625  0.0625  0.0625 -0.0625 -0.1875  0.0625  0.
     0.0625  0.      0.0625 -0.125  -0.0625 -0.1875  0.125   0.0625]
   [ 0.     -0.0625 -0.25    0.      0.125   0.      0.      0.0625
     0.     -0.125  -0.125  -0.0625  0.     -0.1875 -0.125   0.125
     0.      0.0625  0.     -0.125  -0.125   0.0625 -0.0625  0.
     0.      0.     -0.1875  0.      0.      0.125  -0.0625  0.125 ]
   [ 0.0625  0.      0.      0.0625  0.     -0.0625  0.0625  0.
     0.     -0.0625 -0.0625  0.      0.      0.     -0.0625  0.0625
     0.      0.      0.      0.      0.125  -0.0625  0.0625  0.
     0.     -0.0625  0.      0.      0.     -0.0625  0.0625  0.125 ]
   [ 0.      0.     -0.125  -0.125  -0.0625 -0.0625  0.      0.0625
     0.     -0.0625  0.125   0.      0.125  -0.125  -0.1875  0.125
     0.     -0.1875  0.     -0.0625  0.      0.     -0.125   0.125
     0.      0.     -0.0625  0.0625 -0.125   0.      0.0625  0.    ]
   [ 0.      0.0625  0.      0.0625  0.      0.      0.      0.0625
     0.      0.0625  0.0625  0.      0.      0.     -0.125   0.125
     0.     -0.0625 -0.0625  0.     -0.0625  0.      0.125   0.
     0.0625 -0.125   0.      0.      0.      0.      0.0625 -0.0625]
   [ 0.      0.0625  0.      0.0625  0.0625  0.0625  0.     -0.0625
    -0.1875  0.      0.125   0.      0.      0.      0.      0.0625
     0.      0.0625  0.0625  0.      0.      0.0625  0.125   0.125
     0.125  -0.0625  0.     -0.0625  0.0625  0.1875  0.125   0.0625]
   [ 0.0625  0.0625  0.      0.1875 -0.125  -0.125   0.     -0.0625
    -0.125   0.0625 -0.125   0.0625 -0.125   0.1875  0.     -0.0625
     0.     -0.125   0.      0.      0.0625 -0.25    0.0625  0.
    -0.0625 -0.0625  0.0625 -0.125  -0.0625  0.      0.      0.0625]
   [-0.0625  0.0625  0.      0.0625  0.0625 -0.125   0.0625 -0.125
     0.0625  0.0625 -0.0625  0.      0.125   0.      0.     -0.0625
     0.      0.      0.      0.0625  0.      0.0625 -0.125   0.
     0.0625 -0.125  -0.0625 -0.125   0.     -0.125  -0.0625  0.125 ]
   [ 0.      0.125   0.1875  0.      0.     -0.0625  0.      0.0625
     0.      0.0625  0.     -0.0625  0.      0.0625  0.0625  0.0625
     0.      0.0625 -0.0625  0.     -0.0625 -0.25    0.1875  0.
     0.      0.      0.      0.      0.125  -0.0625  0.0625 -0.125 ]
   [-0.125  -0.125   0.0625  0.      0.     -0.0625 -0.1875 -0.1875
     0.125   0.     -0.125   0.      0.0625  0.0625 -0.125  -0.125
     0.      0.      0.0625 -0.0625  0.0625  0.0625 -0.125   0.125
     0.      0.      0.0625 -0.0625  0.0625 -0.0625 -0.0625  0.125 ]
   [ 0.0625  0.125   0.0625  0.      0.      0.     -0.0625  0.
    -0.0625 -0.125   0.125   0.125  -0.1875  0.      0.      0.0625
     0.     -0.0625  0.     -0.125  -0.0625 -0.125   0.0625 -0.125
    -0.1875 -0.0625  0.125  -0.0625  0.0625 -0.125   0.1875 -0.0625]
   [-0.0625  0.     -0.125   0.125  -0.0625  0.      0.0625  0.125
    -0.0625  0.125   0.     -0.0625  0.0625  0.0625 -0.0625 -0.0625
     0.     -0.0625  0.0625 -0.0625  0.125   0.0625  0.0625  0.
     0.125  -0.0625  0.      0.0625 -0.0625  0.0625  0.      0.0625]
   [ 0.0625 -0.0625  0.      0.125  -0.0625  0.      0.0625  0.
    -0.0625  0.      0.      0.      0.      0.0625 -0.125   0.1875
     0.      0.      0.125   0.0625  0.125  -0.0625 -0.0625  0.
     0.125   0.      0.0625  0.     -0.0625  0.0625  0.0625  0.0625]]]]

Bias shape : (32,)
[-0.0625  0.      0.      0.      0.0625  0.      0.      0.      0.
  0.      0.      0.      0.0625  0.      0.125   0.     -0.0625  0.
  0.     -0.0625 -0.0625  0.     -0.0625 -0.0625  0.      0.     -0.0625
  0.     -0.0625  0.      0.     -0.0625]

Layer index: 10
Layer: dense
Weight shape: (32, 16)
[[-0.1875 -0.25   -0.125   0.1875  0.1875 -0.1875 -0.3125 -0.125  -0.4375
  -0.25   -0.125   0.1875 -0.125   0.1875 -0.1875 -0.25  ]
 [ 0.25    0.125   0.0625  0.     -0.3125  0.     -0.3125 -0.1875  0.125
  -0.125   0.375  -0.1875 -0.1875 -0.1875  0.375  -0.25  ]
 [ 0.125  -0.0625  0.125   0.25    0.375  -0.125   0.3125 -0.0625 -0.375
   0.4375  0.125  -0.125   0.125  -0.4375 -0.1875  0.    ]
 [-0.1875  0.375  -0.3125 -0.3125 -0.25    0.      0.125   0.1875 -0.25
   0.      0.0625  0.     -0.0625 -0.375   0.     -0.1875]
 [ 0.1875  0.125   0.1875 -0.125   0.1875  0.125   0.1875  0.3125  0.3125
   0.4375 -0.25    0.      0.     -0.0625  0.375   0.375 ]
 [ 0.125  -0.125   0.5    -0.4375  0.     -0.0625 -0.3125  0.1875 -0.1875
  -0.4375  0.375  -0.1875  0.0625  0.125   0.0625 -0.375 ]
 [-0.1875  0.25    0.3125 -0.4375  0.1875 -0.375  -0.125   0.3125 -0.0625
   0.25    0.375  -0.1875 -0.125   0.125  -0.125  -0.125 ]
 [ 0.      0.0625  0.0625  0.      0.0625  0.375   0.1875  0.4375  0.3125
   0.0625 -0.125  -0.1875 -0.3125 -0.375  -0.25    0.    ]
 [-0.3125  0.25    0.1875 -0.3125  0.0625  0.3125  0.375   0.5     0.
   0.1875 -0.3125  0.      0.1875  0.125  -0.375  -0.25  ]
 [ 0.25   -0.1875 -0.0625  0.0625  0.125  -0.125   0.3125 -0.125   0.0625
  -0.25   -0.0625 -0.0625 -0.4375 -0.3125 -0.25   -0.3125]
 [-0.25    0.1875  0.      0.     -0.375   0.3125 -0.0625  0.     -0.3125
  -0.25    0.25    0.3125 -0.4375  0.25    0.0625  0.1875]
 [-0.0625 -0.1875 -0.125  -0.3125 -0.25   -0.3125  0.     -0.25    0.
  -0.25   -0.3125 -0.375   0.1875  0.125  -0.125  -0.125 ]
 [ 0.375  -0.0625 -0.0625  0.125  -0.375  -0.0625  0.125  -0.3125  0.4375
   0.     -0.125  -0.3125  0.375   0.      0.      0.3125]
 [-0.375  -0.25   -0.0625 -0.125   0.     -0.0625 -0.25   -0.375  -0.0625
  -0.0625 -0.1875 -0.125  -0.25   -0.25    0.     -0.375 ]
 [-0.4375 -0.125   0.3125 -0.25    0.125   0.1875  0.125  -0.4375 -0.4375
   0.4375  0.3125  0.     -0.25    0.      0.1875  0.25  ]
 [-0.0625 -0.4375  0.4375  0.125   0.375  -0.0625  0.0625 -0.125   0.125
  -0.25    0.3125  0.0625  0.1875  0.1875 -0.0625 -0.0625]
 [-0.0625  0.0625 -0.0625 -0.25    0.125   0.125  -0.0625  0.25    0.
  -0.1875  0.125  -0.1875  0.0625  0.125   0.125  -0.0625]
 [-0.1875  0.1875  0.0625 -0.3125  0.0625 -0.4375 -0.125   0.     -0.125
   0.1875 -0.1875  0.125   0.5     0.0625  0.     -0.1875]
 [ 0.      0.375   0.0625  0.125  -0.3125 -0.125  -0.375   0.3125  0.
   0.125   0.25    0.375  -0.1875  0.1875  0.375  -0.0625]
 [ 0.4375  0.3125  0.1875  0.125   0.125   0.1875  0.25    0.3125 -0.125
  -0.1875  0.375   0.125  -0.0625 -0.125  -0.125  -0.3125]
 [ 0.      0.     -0.1875 -0.0625  0.1875 -0.4375 -0.1875  0.0625 -0.375
   0.     -0.0625  0.375  -0.125   0.     -0.4375  0.125 ]
 [-0.25   -0.125   0.0625  0.1875 -0.1875  0.375  -0.25   -0.1875  0.0625
  -0.1875 -0.25    0.125   0.5     0.1875  0.1875 -0.0625]
 [ 0.      0.     -0.125   0.4375  0.125   0.     -0.125  -0.1875 -0.0625
   0.25   -0.125   0.0625  0.0625 -0.375  -0.125  -0.4375]
 [-0.375   0.25   -0.4375  0.1875 -0.25    0.0625 -0.125   0.0625 -0.1875
  -0.0625 -0.125  -0.3125 -0.1875  0.1875  0.3125  0.1875]
 [ 0.125  -0.125   0.1875  0.1875  0.1875  0.0625  0.1875 -0.25    0.375
   0.25   -0.0625  0.25    0.375   0.1875 -0.25    0.25  ]
 [-0.125  -0.3125 -0.0625 -0.1875 -0.0625 -0.1875  0.1875  0.125   0.
  -0.4375  0.25   -0.3125  0.1875  0.25    0.      0.375 ]
 [-0.3125  0.     -0.25    0.0625 -0.1875  0.0625 -0.375   0.25   -0.3125
   0.      0.125   0.0625  0.      0.125   0.     -0.1875]
 [-0.4375 -0.1875  0.125  -0.25    0.0625  0.0625 -0.25    0.      0.
   0.1875 -0.0625  0.1875  0.5     0.      0.      0.25  ]
 [ 0.5    -0.0625 -0.0625  0.3125  0.125   0.125  -0.0625  0.0625  0.1875
  -0.25   -0.375   0.     -0.0625  0.1875 -0.4375 -0.125 ]
 [ 0.     -0.0625 -0.25    0.3125  0.1875  0.5     0.0625 -0.3125 -0.0625
  -0.1875  0.      0.0625 -0.125   0.3125  0.375   0.3125]
 [ 0.4375  0.25   -0.25    0.     -0.0625 -0.4375 -0.3125 -0.1875  0.125
  -0.0625  0.375  -0.0625  0.1875 -0.1875  0.25   -0.3125]
 [ 0.3125  0.25   -0.25    0.3125 -0.25   -0.1875  0.125   0.0625 -0.3125
   0.4375 -0.1875  0.3125  0.125  -0.125  -0.0625  0.1875]]

Bias shape : (16,)
[ 0.     -0.0625  0.0625 -0.0625  0.      0.      0.0625 -0.0625  0.
  0.0625  0.0625 -0.0625 -0.0625 -0.0625  0.0625  0.125 ]

Layer index: 11
Layer: dense_1
Weight shape: (16, 10)
[[-0.4375 -0.4375  0.5    -0.4375  0.5    -0.4375 -0.1875  0.5     0.5
  -0.4375]
 [ 0.5    -0.4375  0.5     0.5    -0.4375 -0.4375 -0.4375 -0.4375 -0.125
   0.3125]
 [-0.4375  0.5    -0.4375 -0.4375  0.5    -0.4375 -0.4375  0.5     0.0625
   0.5   ]
 [-0.4375 -0.25    0.5     0.5    -0.4375  0.5     0.5     0.5    -0.4375
  -0.4375]
 [-0.4375  0.5    -0.4375 -0.4375  0.5    -0.0625  0.4375  0.5    -0.4375
   0.5   ]
 [-0.4375  0.3125 -0.4375  0.5     0.5    -0.4375  0.5    -0.4375 -0.4375
  -0.4375]
 [ 0.5     0.5    -0.4375 -0.4375  0.5    -0.4375  0.5     0.5    -0.4375
  -0.4375]
 [ 0.5    -0.4375  0.     -0.125   0.5    -0.4375 -0.4375  0.5    -0.4375
   0.5   ]
 [ 0.5    -0.4375 -0.4375 -0.125   0.5    -0.4375  0.5     0.5     0.5
  -0.4375]
 [ 0.5     0.5     0.5    -0.4375 -0.4375 -0.4375  0.5     0.5    -0.4375
  -0.125 ]
 [-0.4375  0.5     0.5     0.3125  0.5    -0.4375 -0.4375 -0.3125  0.5
   0.5   ]
 [-0.4375 -0.4375  0.5     0.5    -0.4375  0.4375 -0.4375  0.5    -0.4375
   0.5   ]
 [ 0.5    -0.4375 -0.4375 -0.4375 -0.4375  0.5     0.5     0.5     0.5
   0.5   ]
 [-0.4375 -0.4375 -0.4375  0.5    -0.4375  0.5    -0.4375  0.5     0.5
   0.5   ]
 [ 0.5     0.5     0.25    0.5    -0.4375 -0.4375 -0.4375 -0.4375  0.5
  -0.4375]
 [ 0.5     0.5    -0.4375  0.5    -0.4375  0.0625 -0.4375  0.5    -0.4375
  -0.4375]]

Bias shape : (10,)
[-0.0625  0.0625  0.1875  0.0625 -0.125  -0.125  -0.25    0.0625  0.125
 -0.0625]

