Layer index: 0
Layer: conv2d
Weight shape: (3, 3, 1, 16)
[[[[ 1.97340369e-01 -6.69147670e-02  4.97141555e-02  5.49775534e-32
    -2.29034014e-02  6.27673045e-02  7.43154883e-02  1.61648527e-01
    -1.79379120e-01  1.15832627e-01 -1.48437604e-01 -1.00056536e-01
    -6.61085472e-02 -1.62048146e-01 -5.21580279e-01 -3.31244081e-01]]

  [[-5.72598688e-02  2.86270559e-01 -9.97506827e-02  1.51383498e-32
     1.38321877e-01  3.79108824e-02  2.91800767e-01 -1.26277283e-01
     1.95189286e-02 -9.03492123e-02 -1.26972675e-01  3.79838012e-02
    -4.73410115e-02 -3.24227810e-01 -4.96981353e-01 -2.24876642e-01]]

  [[-3.82229567e-01 -1.54380754e-01 -6.51440695e-02  2.41415595e-32
    -2.25570917e-01  9.79699865e-02  3.81868958e-01  7.87347481e-02
     1.70268029e-01 -1.83363840e-01  1.60126925e-01 -2.98300553e-02
     2.12139696e-01 -1.65544555e-01 -3.62814128e-01  2.26453897e-02]]]


 [[[ 1.70809492e-01 -1.49336666e-01 -1.10796958e-01 -5.40063306e-32
    -2.41101850e-02 -3.99114005e-02 -3.91627759e-01  2.01020405e-01
    -3.22441757e-02  4.28599045e-02 -3.77904952e-01 -1.44059032e-01
     7.25737363e-02  1.27044365e-01  8.69780108e-02 -1.28504083e-01]]

  [[ 1.54940352e-01  3.18631567e-02 -2.18855962e-01  3.79178302e-32
     4.80237417e-02  1.67459752e-02 -7.92906731e-02 -3.87105793e-02
     9.44539234e-02  1.80140391e-01  7.00805709e-02  2.19875246e-01
    -7.95868561e-02  9.96631011e-02  2.76880860e-01  1.02387503e-01]]

  [[-9.21523869e-02  4.00612727e-02 -2.72936106e-01  1.31387678e-32
    -3.05627644e-01  9.56155285e-02  1.99479163e-01 -1.17626518e-01
     2.19280854e-01 -1.13092393e-01  1.24156490e-01  3.95611301e-02
     1.92907825e-02  4.54176925e-02 -1.78801462e-01  2.74436921e-01]]]


 [[[-1.01133354e-01 -1.11024510e-02  2.69822180e-01 -2.12830966e-32
     1.16095923e-01  4.02765684e-02 -1.83024973e-01  3.32915932e-02
     1.32861078e-01  5.60247479e-03 -1.11790664e-01  1.42043233e-01
     1.15013748e-01  1.39928609e-01  1.58488110e-01  1.29054695e-01]]

  [[ 1.25253499e-01 -2.06418447e-02  2.96870589e-01  2.28835087e-32
     2.60285228e-01  1.49736628e-01 -4.42660213e-01  7.41738081e-02
    -2.29194760e-02  1.01198189e-01  1.22681372e-01  1.96718067e-01
    -1.18838750e-01  1.96835771e-01  9.61032957e-02  1.38091996e-01]]

  [[-4.49693315e-02  1.22182101e-01  2.62130499e-01  2.73561839e-32
    -1.91335045e-02  6.49289116e-02 -2.91398704e-01  7.91014135e-02
    -4.90503967e-01  2.11991578e-01  1.62224174e-01 -2.24884167e-01
     4.17881757e-02  1.38922960e-01  1.34539947e-01 -3.15976292e-02]]]]

Bias shape : (16,)
[-0.01872988 -0.00415031 -0.03361509 -0.01383679 -0.00547756 -0.00282055
 -0.00108104 -0.00740605 -0.00803103 -0.00291583 -0.00427618 -0.00405836
 -0.00799705 -0.0444191   0.08089939 -0.00788488]

Layer index: 3
Layer: conv2d_1
Weight shape: (3, 3, 16, 32)
[[[[ 9.54099968e-02  2.02121232e-02  1.19792052e-01 -3.30181839e-03
    -2.88838372e-02  1.01833440e-01  6.49576187e-02 -2.11602487e-02
     9.02608931e-02  1.78974103e-02  1.45402208e-01 -1.38976634e-01
     4.91570728e-03  7.21105710e-02 -7.14726597e-02  3.58167402e-02
    -8.95479098e-02  5.08311652e-02 -9.69868079e-02 -7.36781512e-04
     1.32861091e-02  3.47336791e-02  4.84305769e-02  7.71673247e-02
     5.73693030e-02 -1.35964062e-02  1.17580118e-02  3.40137966e-02
    -1.09198071e-01 -3.18962969e-02 -6.62016869e-02 -1.90111771e-01]
   [-3.14011984e-02  1.24569185e-01 -4.21274528e-02  9.11208335e-03
     1.22833634e-02  4.35923040e-02  3.98169551e-03 -1.76526085e-02
    -1.23495068e-02 -6.52332306e-02 -7.50363991e-02 -1.80244505e-01
     6.40880466e-02  5.96575029e-02 -4.20045927e-02 -1.38922837e-02
     8.64330027e-03  2.77816579e-02 -1.18988916e-01  1.11861385e-01
    -1.59535222e-02 -5.22515327e-02  8.66862759e-03  6.85668588e-02
    -3.74185145e-02 -4.55023237e-02 -7.60128796e-02 -5.18642478e-02
    -8.54702592e-02  1.22991569e-01 -3.07799783e-02 -1.44690290e-01]
   [-1.19297564e-01  6.47926852e-02  9.53450873e-02 -5.97385094e-02
     9.87036303e-02  6.94834813e-02 -2.96730138e-02 -1.67426556e-01
     8.31177756e-02 -4.28063273e-02  1.44465700e-01  1.62879810e-01
    -2.61824410e-02  5.71375303e-02 -1.61592346e-02  4.80687805e-02
    -1.16112612e-01  2.06440333e-02  5.58894780e-03  5.33337481e-02
    -4.81910370e-02  1.91075459e-01  1.13436421e-02  9.77917537e-02
    -8.08871759e-04  4.34357300e-02 -7.54520297e-02  1.05031863e-01
     1.11683279e-01  1.02568537e-01 -3.28733660e-02  5.50615564e-02]
   [ 4.47968701e-32 -1.56434054e-33  4.72649586e-32  2.70680438e-32
    -6.43357609e-33 -4.47968261e-33 -6.10773898e-33  1.90484393e-32
     3.26113577e-32 -2.16137970e-32  3.32669633e-32 -5.03812177e-33
     3.98074344e-32 -3.59759370e-32 -4.18907483e-32  3.52266652e-32
     4.55650204e-32  4.36763977e-32 -1.56422504e-32 -4.26219558e-33
     3.85107290e-32 -3.11114159e-33  4.87131471e-32 -2.99850536e-32
     1.74348455e-32  4.21606918e-32  1.78778879e-32 -1.02872573e-32
     9.13058331e-33  6.75966777e-33 -4.25374025e-32 -2.39760264e-32]
   [ 1.01418927e-01  2.65336484e-02  1.10049481e-02 -1.19848419e-02
     2.37890910e-02  1.07199207e-01  1.96346920e-02  9.01049376e-02
     1.70627364e-03  2.96803303e-02  5.30745164e-02 -5.41424677e-02
     2.15305341e-03 -9.76796728e-03  9.20153875e-03  8.95835459e-02
    -2.38720197e-02  8.34804326e-02 -1.44050524e-01  6.86062351e-02
    -1.04261503e-01  1.57250017e-01  1.30542800e-01  1.64702013e-02
     2.67240051e-02 -7.25819245e-02  3.79303880e-02 -2.25127675e-02
    -1.14161834e-01  8.60639513e-02 -8.19190145e-02 -4.89004999e-02]
   [-1.03405021e-01  5.07790362e-03  3.38372551e-02  5.89006320e-02
    -4.71835844e-02  1.13325596e-01  5.69634847e-02  6.64320067e-02
    -1.11052557e-03 -8.53136480e-02  2.39290800e-02 -1.46258801e-01
     3.75380181e-02 -6.32256269e-02 -6.30527735e-02  4.31936719e-02
     9.48075131e-02  7.36555979e-02 -7.22528324e-02 -1.90735683e-02
     8.49962756e-02 -2.25386191e-02 -2.69634021e-03  3.11038066e-02
    -6.84015453e-03 -8.74204263e-02 -9.63655785e-02 -9.10505578e-02
    -1.03940748e-01  1.20308898e-01 -9.33342054e-02 -4.98745963e-02]
   [-1.44422472e-01  4.39999364e-02  2.58902349e-02 -9.43193957e-02
     4.14216071e-02 -1.71170607e-01 -9.07526985e-02  1.82706751e-02
     9.37463343e-02  1.76510602e-01  1.44974411e-01 -1.84344172e-01
     1.17953390e-01  1.71085387e-01  1.29868925e-01 -7.91989267e-02
    -9.60876048e-03  1.48244098e-01  1.76816270e-01 -1.16680525e-02
    -1.55069679e-01 -6.08859472e-02 -1.06716976e-02 -3.75293521e-03
     7.14160800e-02  4.72503379e-02 -6.00765124e-02 -1.43798903e-01
    -2.35844165e-01 -1.41793296e-01 -4.29024212e-02 -1.37755856e-01]
   [ 9.16460082e-02  1.18822113e-01 -1.62483882e-02 -6.65903836e-02
    -1.22244440e-01 -3.34887430e-02  3.70657668e-02  5.66873141e-02
     7.69901797e-02 -5.64351529e-02  9.60574895e-02 -2.18468055e-01
    -9.48268697e-02  1.15371123e-02 -1.92262921e-02  1.09017484e-01
    -1.31977536e-02  2.23515704e-01  4.47063558e-02  5.56125827e-02
    -4.88374121e-02  5.45047857e-02 -9.11932159e-03 -8.93357582e-03
    -7.32541308e-02 -4.12031822e-02 -6.92326725e-02 -5.67537099e-02
    -1.20455474e-01 -1.10756438e-02 -1.17787076e-02 -1.52881205e-01]
   [ 2.85131931e-02  1.09221237e-02 -9.57572907e-02  1.30712509e-01
     1.21519476e-01 -3.81982848e-02 -4.91476394e-02  4.24275175e-02
     1.33901000e-01  1.00969523e-01 -9.59273949e-02 -1.43193960e-01
    -1.92247331e-02 -1.21567696e-01  5.15290955e-03  1.53695256e-01
    -9.34431180e-02 -8.56240317e-02  1.34433821e-01  5.97410649e-02
     1.36899754e-01  6.39841333e-03 -5.62722944e-02 -2.08141543e-02
     5.68164587e-02  1.29591241e-01  1.05964383e-02 -1.00631110e-01
     4.56721820e-02 -1.84583366e-02 -5.70711382e-02 -7.13455901e-02]
   [-1.19538279e-03  1.79214358e-01  8.80268887e-02  2.43263762e-03
    -5.04978932e-02  1.46384969e-01  8.16057101e-02  9.66142416e-02
    -1.61961075e-02  6.10270128e-02  1.94725972e-02 -9.42094550e-02
    -2.36562230e-02  6.62073791e-02 -7.93155357e-02 -2.69461540e-04
    -8.53946991e-03  1.10948920e-01 -5.07148020e-02  1.76517013e-02
    -7.97179341e-02 -2.82677002e-02  8.97100940e-02  3.86984237e-02
     1.54135553e-02 -5.50277531e-02 -5.22335153e-03 -8.58707055e-02
     4.96356152e-02 -5.69108613e-02  1.88490860e-02 -2.11417556e-01]
   [-3.70903388e-02 -8.32248330e-02 -4.80766892e-02  8.97093788e-02
     6.25734851e-02  8.00506696e-02  1.24992453e-01 -2.91098431e-02
    -4.66430858e-02  6.96938708e-02 -1.54097900e-01 -2.37151161e-01
     2.83373985e-02 -7.95453116e-02 -8.44257176e-02  1.09271519e-01
     6.79992661e-02 -3.89559520e-03  1.64858308e-02  1.05639018e-01
    -6.25985935e-02  5.93364425e-02  4.59930524e-02 -1.36099281e-02
     1.29296854e-01 -7.38582611e-02 -8.87311697e-02 -4.37211096e-02
    -4.93342169e-02  4.13494483e-02 -7.34808370e-02 -5.18922769e-02]
   [-3.38444002e-02  1.53531551e-01  1.80060379e-02  1.56137049e-01
    -2.97191343e-03  1.70660883e-01  4.67507392e-02  5.50970659e-02
    -2.06645336e-02  1.44372471e-02  2.02589426e-02 -1.89673051e-01
    -4.95964475e-02  6.24107867e-02 -1.12619840e-01  5.99853657e-02
     7.48906657e-02  6.99457601e-02 -8.96857828e-02  9.25607458e-02
     2.87601650e-02  1.19928056e-02  4.81463708e-02 -9.28638428e-02
    -8.17745626e-02 -2.73917206e-02 -1.10170119e-01 -9.63857323e-02
    -4.87001948e-02  9.19551030e-02 -7.49111995e-02 -1.66152883e-02]
   [-1.41269397e-02 -6.88449200e-03  1.03075393e-01  1.10553913e-01
     1.21957585e-02 -1.20208934e-02  3.16428468e-02  6.54834136e-02
    -2.46498715e-02 -4.41193916e-02 -6.22331165e-02 -1.49952039e-01
    -3.64779197e-02  7.57107586e-02 -5.41567355e-02  1.25022111e-02
     5.18590212e-02  1.18622988e-01 -2.45052073e-02  3.41679715e-02
     4.82450239e-02 -9.47652757e-02 -3.13201658e-02  5.18972650e-02
     3.43214758e-02  2.71635335e-02  5.20170890e-02 -1.09500803e-01
    -4.25008535e-02 -3.23638134e-02 -9.59793553e-02 -3.08169164e-02]
   [-5.24299070e-02  3.69518735e-02  1.12601362e-01  5.60368113e-02
    -6.14714902e-03  5.13902530e-02 -6.29708730e-03 -3.30604650e-02
     2.92869676e-02  4.54182737e-02  1.04622826e-01  1.61333025e-01
    -1.76207013e-02  8.84943008e-02  1.62189489e-03 -1.17320389e-01
     6.60499409e-02  1.37525186e-01 -5.34675941e-02 -1.09376974e-01
    -3.59986760e-02 -2.66266763e-02  1.80746410e-02 -2.73418315e-02
    -8.47986937e-02  8.61962885e-02 -7.18424246e-02  1.64346635e-01
     1.82392731e-01 -3.30706574e-02 -7.91833028e-02  1.28175929e-01]
   [-2.06814274e-01  4.24696915e-02  7.33119762e-03 -1.00799173e-01
     1.18164532e-01  6.65201694e-02 -5.41838743e-02 -1.28835633e-01
    -1.39060207e-02 -3.32276896e-02  1.32038966e-02  2.06942022e-01
    -5.47842979e-02 -2.72306502e-02  2.82680728e-02 -1.29958943e-01
     4.60976623e-02 -7.48447329e-02 -2.09603030e-02 -5.96159175e-02
    -1.34821504e-01 -1.05788767e-01  2.60866676e-02  4.74123545e-02
    -4.23769504e-02  1.28111672e-02  3.85415331e-02  7.62236938e-02
     5.30888215e-02 -1.05114326e-01 -2.40327455e-02  1.45957619e-01]
   [-1.12394005e-01 -8.87933969e-02  4.94087264e-02  1.22802086e-01
     1.65335655e-01  2.94631682e-02 -8.92380811e-03  5.58750033e-02
    -2.58236025e-02 -2.94268746e-02 -1.56653836e-01 -5.53821027e-02
    -8.52089375e-02 -6.76352857e-03 -6.02963343e-02 -3.07488348e-03
     5.33667505e-02  4.59170416e-02 -5.45730554e-02 -2.31963415e-02
     1.07818626e-01  6.84734210e-02  3.46488543e-02 -6.71119094e-02
    -5.21145901e-03  9.17020738e-02  1.26692923e-02 -9.88343507e-02
     9.92081761e-02  1.14348508e-01 -5.09997532e-02  6.76206946e-02]]

  [[ 6.41499683e-02  1.32809803e-01  1.08854786e-01 -9.63077545e-02
     2.44364776e-02  1.18237033e-01 -7.77047202e-02 -1.63128134e-02
    -1.97504833e-02  1.37984864e-02  3.77524085e-02 -2.65176110e-02
     9.27142948e-02 -5.79265840e-02 -8.12554508e-02 -2.17740938e-01
     7.18156248e-02 -1.84128303e-02 -1.11902263e-02 -7.23258406e-02
     1.54233938e-02 -1.66401640e-01 -7.61313215e-02  9.84443538e-03
    -6.70677871e-02 -1.31769568e-01 -3.09164524e-02 -1.46913543e-01
    -7.79381990e-02 -1.22644752e-01  3.24835069e-02 -2.92082336e-02]
   [-3.80657427e-02 -6.65327832e-02  9.64327082e-02  4.98015024e-02
     1.44878998e-02 -6.35065883e-02 -1.58423081e-01 -5.68627343e-02
     1.08538747e-01 -1.46554429e-02 -2.33012605e-02 -1.29193529e-01
     1.08071424e-01  1.21724764e-02 -4.82977740e-02 -7.21303001e-02
     5.67927258e-03 -7.27967396e-02 -7.00304061e-02  8.50315392e-03
    -6.30745525e-03  9.62859839e-02 -3.56884971e-02 -4.02102694e-02
    -4.66461964e-02  1.50375059e-02 -4.29987945e-02 -5.60988113e-02
    -4.93725426e-02  1.52036294e-01  5.24643138e-02 -3.15437093e-02]
   [-3.59450579e-02  1.11759327e-01 -7.62209296e-02 -3.84233519e-02
    -1.19278766e-03  3.47463153e-02 -1.56770587e-01 -1.72231138e-01
     1.53780460e-01  9.06474292e-02  1.41073212e-01  5.87033927e-02
    -1.44207124e-02 -3.30287195e-03 -5.67260496e-02  1.90492924e-02
     7.48521136e-03  4.72085997e-02  8.67848024e-02  1.25800082e-02
    -5.20390272e-02  1.76470488e-01 -1.23175330e-01  4.65228483e-02
     3.47169377e-02 -1.99593585e-02 -1.29946545e-01  5.72126321e-02
     1.41203657e-01 -3.26760747e-02  1.52800292e-01  1.34814218e-01]
   [-1.96569809e-32 -4.25917485e-32 -4.99968751e-33 -4.48125806e-32
    -1.87214608e-32  1.23620716e-33  1.17409617e-32 -2.99871107e-32
    -9.15108907e-33  3.01191657e-32  1.03956489e-32 -2.73050969e-32
    -2.72642632e-32 -2.67830290e-33  5.34809485e-33  5.27517313e-32
    -4.62527875e-32  3.18602315e-32  1.72872872e-32 -1.11781828e-32
    -4.12151624e-32 -2.88933191e-32  3.29563683e-32 -5.91523392e-32
    -1.84526576e-32  5.29651012e-32  3.54402495e-32 -1.61865102e-32
     1.29826092e-32  4.12390161e-32 -6.93974029e-34  3.88305281e-32]
   [-4.93080392e-02  1.88631099e-02 -2.30525713e-02 -1.50639908e-02
    -3.47232334e-02  1.49926901e-01 -1.86505869e-01  1.48320134e-04
    -2.19443012e-02 -3.86961363e-02  4.75152992e-02 -1.11492701e-01
     7.49530643e-02  8.92157704e-02 -4.42751199e-02 -1.25699341e-01
     6.71387010e-04  4.86091338e-02 -3.01909335e-02 -2.04597297e-03
     6.86680600e-02  9.23416838e-02 -4.44731154e-02  3.28548513e-02
     1.41598443e-02  6.89666271e-02  3.59719023e-02 -1.59031078e-01
     1.86167639e-02  9.20308158e-02 -7.37859979e-02 -3.38992849e-02]
   [-2.78735496e-02  2.07364559e-02  5.08382246e-02 -8.10636282e-02
     6.40392452e-02 -1.78671643e-01  2.45627221e-02  9.24312323e-02
     1.16343468e-01 -1.73087064e-02  3.21100131e-02 -2.27551535e-01
     6.63352907e-02  5.17713726e-02  4.70253006e-02  6.46363348e-02
     4.62163389e-02  8.78612772e-02 -1.45847231e-01  1.38227707e-02
     1.04557507e-01 -3.64133716e-02 -1.89959034e-01 -1.15725979e-01
     3.04025831e-04  3.46299168e-03  7.49234110e-03 -1.11931469e-02
    -1.19436145e-01  9.77193564e-02 -6.58066869e-02 -1.76309898e-01]
   [-2.36784630e-02  7.78779536e-02 -4.11688350e-02 -4.34912294e-02
    -9.00053978e-02  4.09081168e-02  5.60232252e-03  9.02165323e-02
    -4.08133194e-02 -1.59318492e-01  1.01427706e-02 -1.58691451e-01
     3.69505845e-02  8.77628624e-02 -5.15732616e-02 -9.62888822e-02
    -7.95569196e-02  1.04538694e-01  1.11387663e-01 -2.28224486e-01
    -1.78237006e-01  1.13454930e-01 -7.19617680e-02 -8.79994184e-02
     4.18776944e-02 -1.47169843e-01  4.50410098e-02 -4.97076660e-02
    -7.16515854e-02  1.22135073e-01 -6.08409122e-02  1.83536410e-02]
   [-8.63546878e-02  6.78788647e-02  1.04949214e-01 -5.15745692e-02
     3.87240537e-02  3.54075655e-02 -5.65702058e-02  7.90811256e-02
     1.77462795e-03  5.11990562e-02  1.62646025e-02 -2.21034259e-01
    -2.84740981e-02  1.07453063e-01 -2.55407766e-02 -5.64414822e-02
     5.87138347e-02  1.85811203e-02 -7.36092729e-03 -2.16973116e-04
    -4.41136844e-02 -3.99092399e-03 -1.03364877e-01  3.21835652e-03
    -7.12272897e-03 -4.15318795e-02 -2.13200953e-02 -5.47357202e-02
    -4.01788391e-02 -6.49668127e-02 -1.02384381e-01 -5.41123934e-02]
   [ 2.17739325e-02  6.45626858e-02 -8.34684074e-02 -6.63467031e-03
     6.81752488e-02  3.47058363e-02  1.48294225e-01 -1.48226134e-02
     1.07528403e-01  8.37257877e-02  5.77160791e-02 -1.34883793e-02
    -3.84919718e-02  8.03961158e-02 -1.87866494e-01  1.36236951e-01
    -6.14736266e-02 -3.40991057e-02 -3.88679095e-02 -2.94234846e-02
     6.55755550e-02  1.68282434e-01 -3.74879548e-03  1.64513364e-02
     9.56687033e-02  2.29892433e-02  1.28462866e-01  2.81413030e-02
    -1.48121685e-01 -8.08678474e-03  3.24906297e-02 -3.46320681e-02]
   [-3.22530456e-02  3.06380354e-02 -4.78568021e-03  2.76978556e-02
     8.48544016e-02  2.78287753e-02 -9.66632292e-02  9.55234189e-03
    -2.25202125e-02  5.21000437e-02  9.27843451e-02 -1.24522917e-01
     5.55045903e-02  5.56177013e-02 -2.94423457e-02  5.15471101e-02
     3.13393176e-02  6.71009645e-02 -9.60569382e-02  7.69662783e-02
     3.43739316e-02  6.99235797e-02 -1.72665566e-01  4.31683399e-02
    -4.02904600e-02 -2.21748967e-02 -2.16505602e-02 -4.36864160e-02
     2.89161615e-02  5.25742248e-02  9.40947980e-02 -7.25506097e-02]
   [ 4.43402417e-02 -5.02283163e-02  4.21195030e-02 -3.25048249e-03
     6.76197708e-02 -3.20523493e-02 -5.58861196e-02  5.13976738e-02
     5.80534227e-02 -9.92792472e-02 -1.55807152e-01 -1.35525018e-01
    -2.46102288e-02  1.04066208e-01  5.13530299e-02  3.07189915e-02
    -3.97555940e-02 -4.97054309e-02  4.77896668e-02  1.10605983e-02
     1.20917380e-01  4.71898913e-02  1.73999052e-02  1.51500627e-01
     1.06620699e-01 -1.12024779e-02  9.97695886e-03 -1.41995654e-01
    -1.76273167e-01  9.03106406e-02 -7.68511593e-02 -1.78832456e-01]
   [-1.11292470e-02  5.36829568e-02  8.27087164e-02  1.58717926e-03
     5.87955602e-02 -9.98883843e-02 -2.72755381e-02  4.13367823e-02
    -1.70547739e-02 -8.21453854e-02 -2.76611466e-02 -8.65954310e-02
     6.52722316e-03  2.80528180e-02 -2.01182347e-02 -2.61504459e-03
    -1.50525477e-03 -4.16599251e-02 -7.98103884e-02  8.10801983e-02
     6.05353341e-02  6.90960586e-02 -7.73754045e-02  4.75354865e-02
    -4.14428711e-02  1.31817430e-01  5.58480434e-02 -1.28745496e-01
    -8.93337727e-02  8.55709389e-02 -8.48388597e-02 -1.21789403e-01]
   [-5.60402200e-02 -6.97675347e-02  2.57787784e-03 -1.01236656e-01
    -9.91291031e-02 -1.40881771e-02  5.66690937e-02 -1.21819666e-02
     5.96045963e-02 -6.58771396e-02 -1.96648259e-02 -1.22103624e-01
    -4.47556041e-02 -5.28503656e-02 -2.74985982e-03 -9.21229832e-03
    -2.28815656e-02  1.29265472e-01  1.84988399e-04  6.34687915e-02
     1.99708510e-02  8.82222205e-02 -4.04423848e-02 -5.82373030e-02
    -9.49682388e-03 -6.31849617e-02  1.23569854e-01 -8.38978440e-02
    -1.00138538e-01  1.33911446e-01  1.16984583e-02 -1.20294116e-01]
   [-9.20827780e-03  1.88719600e-01  1.07802600e-02 -1.17647633e-01
    -1.76235646e-01 -4.11088727e-02 -1.07215419e-01  3.88869345e-02
    -6.06081560e-02  1.37227029e-01  1.65835604e-01 -4.50665480e-04
    -1.01324849e-01  2.55217347e-02 -1.64892495e-01 -2.46455874e-02
    -4.69932482e-02 -6.27768598e-03 -1.74917113e-02 -1.01459421e-01
    -4.37120162e-02  1.11766048e-01 -5.15952446e-02 -5.13612404e-02
    -2.90351454e-02  7.67794577e-03 -9.96769220e-02  1.27648398e-01
     4.72577997e-02 -1.57633536e-02  1.00997522e-01  1.32127166e-01]
   [-1.45483732e-01  1.09272309e-01 -5.91245070e-02 -1.72482692e-02
    -3.47355865e-02  3.04493476e-02 -2.48062685e-02 -6.85121715e-02
    -1.28503144e-01 -2.98864022e-03 -2.54377797e-02  6.89396635e-02
    -2.05490254e-02 -4.41574901e-02 -2.67352723e-02 -9.85928252e-02
     3.09651084e-02 -4.58076000e-02 -8.75268653e-02 -9.35952961e-02
    -1.55243456e-01 -2.60445140e-02 -8.22025314e-02 -1.26973270e-02
     2.80030463e-02 -4.20014150e-02 -3.32322693e-03  1.73945189e-01
     7.12469891e-02 -8.51592273e-02  5.06125540e-02  1.40714496e-01]
   [ 1.83384549e-02 -3.39942938e-03  1.09043047e-01 -9.96345952e-02
     1.54943997e-02 -1.61143526e-01  1.29646454e-02  7.93638080e-02
     8.13371092e-02  6.54277578e-02 -1.61031373e-02 -1.52801916e-01
    -4.93461005e-02 -2.96318382e-02  7.15300813e-02  8.94603059e-02
    -2.29718145e-02 -1.26965627e-01 -2.93397717e-02 -1.20565416e-02
     2.00649276e-01  1.28818765e-01 -1.17676020e-01  6.63847551e-02
    -3.80818695e-02  1.18020289e-02  8.11918750e-02  2.17800606e-02
     7.80820921e-02  5.54768667e-02 -1.26154628e-02 -9.04047638e-02]]

  [[-8.69755447e-03 -7.79980123e-02 -9.77969393e-02  6.49079382e-02
    -1.56972017e-02  9.13547650e-02 -2.33233988e-01  3.09109013e-03
     1.73172224e-02 -1.43061236e-01 -9.51108783e-02 -4.20427583e-02
     7.13434145e-02 -3.48750502e-02 -1.16053432e-01  7.09727556e-02
    -2.28315834e-02  7.36676455e-02 -8.69015455e-02 -3.33577059e-02
     5.14804907e-02 -6.84145316e-02  1.54863670e-01  9.28709731e-02
     1.25977412e-01 -7.73147121e-02 -2.10684873e-02 -1.82892278e-01
    -1.12318369e-02  1.14019647e-01  1.06694162e-01 -9.29106399e-02]
   [-3.69705148e-02 -2.48301104e-02  4.23986651e-02  4.13350873e-02
    -5.08428887e-02 -6.36926442e-02 -8.45135599e-02  1.43103778e-01
     7.16027692e-02  9.99684408e-02  8.36735368e-02 -1.42649546e-01
     1.05892166e-01  1.19763009e-01 -2.63651814e-02  8.53015035e-02
    -9.89100710e-02 -7.26084337e-02 -7.26374658e-03  2.84437872e-02
    -1.00000627e-01 -6.44024462e-02  5.08958548e-02 -4.25801277e-02
    -5.90120405e-02 -1.92311406e-02 -9.30838808e-02 -3.19039486e-02
     2.17651129e-02 -2.27581430e-02  5.82067370e-02 -1.34088144e-01]
   [-1.03010707e-01 -8.24466348e-02 -3.97230238e-02  1.13192387e-03
    -1.14704214e-01 -7.10927248e-02  3.76658961e-02 -7.32554346e-02
     2.32863054e-02  8.94727930e-02  4.73789461e-02 -2.59871304e-01
    -1.00493737e-01  1.13299087e-01 -7.60366693e-02  4.27748933e-02
    -9.90878791e-02  2.75257640e-02  1.50129035e-01 -1.38285495e-02
    -1.52274147e-01  1.55937105e-01 -8.51068273e-02  1.67232845e-02
    -1.03829680e-02  1.28974682e-02  8.59123915e-02  1.34999333e-02
     5.17550185e-02  1.42753730e-02  1.39057800e-01  8.77546594e-02]
   [-3.76792489e-32 -1.39356545e-33  1.75422108e-32  1.61306213e-32
     4.55462243e-32 -1.34862998e-33 -5.52021492e-32 -9.21534527e-33
    -1.86240887e-32 -2.92456911e-32  1.63268422e-32  4.91857576e-32
    -1.00316864e-32 -1.76722836e-32  4.98206538e-32  4.50595490e-32
    -3.02582737e-32 -3.62936937e-32  4.58866709e-32 -1.13040577e-32
    -4.40933147e-33  5.77582206e-32  1.63271434e-32  4.57823811e-32
     2.71867746e-32  4.52658718e-32  1.35743472e-32  3.39935275e-32
     4.10353088e-32 -5.29987145e-32 -3.33933730e-32  4.79165557e-32]
   [ 7.31010586e-02 -1.32591069e-01 -1.28770834e-02  9.88827497e-02
    -6.27423823e-02  2.19791643e-02 -2.20442981e-01 -6.85102819e-03
    -5.58981262e-02  5.29186614e-02 -4.39458266e-02 -1.30701646e-01
     4.48016748e-02  6.78832605e-02  8.09774771e-02 -9.85176712e-02
    -2.84644216e-02  6.17638007e-02 -8.00527185e-02  5.49363904e-02
    -6.56432426e-03  1.43065974e-02  6.38690889e-02  8.27805623e-02
     1.03591509e-01 -1.12990141e-01 -1.10411823e-01 -9.46117938e-02
     5.91092817e-02  4.14944440e-02  3.21484171e-02 -2.17986181e-02]
   [ 9.52083617e-02 -2.47346479e-02  1.62420690e-01 -5.83138838e-02
     3.30900587e-02 -6.52051419e-02 -5.90151437e-02  8.29943568e-02
     9.33304615e-03  1.53515935e-02  5.80507852e-02 -2.22177044e-01
     1.02092437e-01  3.17755304e-02  2.20919088e-01 -3.50723006e-02
    -1.23174116e-01 -7.50965253e-02  6.38528243e-02  3.49434800e-02
    -3.39473039e-02 -2.61780955e-02  7.07725212e-02 -8.18579718e-02
    -1.36124000e-01  1.48587555e-01 -1.17607407e-01  5.88319600e-02
     1.87291633e-02 -7.49790110e-03 -5.56080081e-02 -2.11402968e-01]
   [-1.70497060e-01  9.78953764e-02  5.81595935e-02  6.11306205e-02
    -3.71928923e-02 -1.03769116e-01 -5.52379265e-02  2.45812431e-01
    -6.09597676e-02 -4.73350398e-02  1.75570458e-01 -1.16297893e-01
    -8.02729875e-02  5.84847555e-02 -9.96347144e-03  1.25109732e-01
     1.05099350e-01  1.07957512e-01 -8.55214819e-02 -1.76301211e-01
    -2.54309565e-01  7.28931054e-02 -1.37633726e-01 -2.74075478e-01
    -1.65026207e-02 -1.26986250e-01 -5.49637340e-02  2.88446397e-01
    -4.87567857e-02  5.63622378e-02 -1.63232639e-01 -6.49556704e-03]
   [-2.35221218e-02  1.06258750e-01  5.22390790e-02 -5.33847399e-02
     1.00041732e-01 -1.30404606e-01  3.07345148e-02  2.97115203e-02
    -2.07402781e-02  6.66153133e-02 -8.10033977e-02 -1.91888034e-01
     8.77421871e-02 -4.65407558e-02 -7.13727176e-02 -9.44266375e-03
     8.15809742e-02 -3.91284339e-02 -1.17743097e-01  2.96758525e-02
    -5.87058179e-02  9.91231874e-02 -4.74223904e-02 -1.03603214e-01
    -8.47528279e-02  4.14387062e-02 -5.84032573e-02  4.28722203e-02
     7.15893880e-02  2.15406455e-02 -8.69664699e-02 -2.05603495e-01]
   [ 2.48594806e-01 -1.52595177e-01  5.18469326e-02  9.48473141e-02
     2.73268148e-02 -1.49446279e-02 -1.19740039e-01  6.65535480e-02
     1.45735547e-01  3.01347170e-02  1.30274966e-01 -6.70396909e-02
    -1.39808461e-01  4.84754369e-02 -4.73725870e-02  1.75580099e-01
    -8.70831683e-02  4.80949804e-02 -1.28088370e-01  4.45352681e-02
    -5.90138622e-02 -3.21026668e-02 -1.92936845e-02 -1.43349677e-01
    -4.01171371e-02  3.29883583e-02  2.21984491e-01  4.84528579e-03
    -1.67769000e-01  1.12980336e-03 -4.10749987e-02 -4.28577140e-02]
   [-1.39111117e-01 -1.69046391e-02  1.17532834e-02  6.05069138e-02
     3.28286067e-02 -2.26280063e-01 -8.90877023e-02  8.43172148e-02
    -7.74344895e-03  9.86640379e-02 -1.04830801e-01 -2.50207961e-01
     1.51301026e-01  1.31421894e-01 -5.36962561e-02  2.34896736e-03
     3.59854028e-02 -3.11391279e-02 -4.06335518e-02  1.47239447e-01
    -9.03808326e-02 -2.14355607e-02  7.32275471e-02 -4.22768481e-02
    -1.02320455e-01  3.27325240e-02  9.61563811e-02 -6.56336993e-02
     2.09508669e-02 -6.52312338e-02  5.54196648e-02 -7.31063709e-02]
   [ 1.46365672e-01 -6.40715733e-02  2.77599413e-02 -8.19089785e-02
    -7.14606494e-02  7.35838562e-02  3.48416008e-02  1.06244404e-02
     1.35189638e-01  6.05884753e-03  4.54571284e-02 -1.56010881e-01
     6.01331778e-02 -6.41577691e-02  1.78400770e-01 -2.20721606e-02
    -1.81136400e-01 -3.63338590e-02 -4.11806582e-03 -5.97547973e-03
     4.73769642e-02 -1.04414016e-01  1.19648747e-01  5.08224368e-02
     2.29262398e-03  1.36434332e-01 -2.60795671e-02 -3.08834612e-02
    -2.78986152e-02 -4.27005850e-02 -4.49533612e-02 -1.72644377e-01]
   [ 1.13726236e-01 -1.77892507e-03  1.78080231e-01  8.54975730e-02
     2.36726943e-02 -1.34507760e-01 -1.58265978e-02 -4.28405292e-02
     1.53555006e-01  1.15074649e-01  3.98500822e-02 -1.06943861e-01
     4.30737287e-02  9.23574269e-02  1.31588161e-01  1.38397515e-02
    -1.49168491e-01 -1.27041534e-01  6.12486117e-02  1.13923497e-01
    -6.62325462e-03  4.42023017e-02 -4.53680493e-02  9.63480561e-04
     8.66218936e-03  1.37395531e-01  1.84609704e-02 -1.04519710e-01
    -1.59988821e-01  2.05433927e-02 -4.86515686e-02 -1.48805261e-01]
   [ 2.21543051e-02 -3.00147058e-03  3.69505212e-02 -4.68874834e-02
     7.91486576e-02 -9.01771486e-02 -6.64349347e-02  6.58583939e-02
     1.18510365e-01  4.15370949e-02 -1.41056636e-02 -1.46896780e-01
     1.68558117e-02  6.62795752e-02  9.28552374e-02  1.29510328e-01
     4.06526290e-02 -2.04151031e-02 -2.30067857e-02  6.67550415e-02
    -1.09695853e-03  1.10350110e-01  6.96573034e-02 -1.27703384e-01
    -6.73850104e-02  1.62697524e-01 -1.44756557e-02 -5.32817431e-02
    -2.85294484e-02  6.30467832e-02 -1.00263897e-02 -1.01841234e-01]
   [-2.06833873e-02  9.62186158e-02  1.70090143e-02  3.61807644e-02
     2.50355694e-02 -1.22407913e-01 -3.52543257e-02  9.91323218e-02
     1.85438190e-02 -2.13583373e-02 -2.71873493e-02 -1.66671365e-01
    -2.08563522e-01  1.30909672e-02 -1.84255376e-01  2.86540166e-02
    -3.61642838e-02 -5.33899218e-02 -5.34725562e-02  2.99430490e-02
    -7.49083087e-02 -4.34027649e-02  5.24771512e-02  5.44593371e-02
    -1.11631164e-02 -1.22799523e-01 -5.94613887e-02 -5.60887754e-02
     1.17603235e-01 -4.99641262e-02  8.96868482e-02  2.31405647e-04]
   [-9.14580896e-02  9.76538137e-02 -4.08464372e-02 -5.66643067e-02
    -1.12881728e-01 -7.06362948e-02  6.95488602e-03  4.43608947e-02
    -9.89256427e-02 -1.41912788e-01 -1.16001241e-01 -6.13913722e-02
    -1.53433986e-03  3.36822644e-02 -1.54084995e-01 -4.71561328e-02
     3.59806679e-02 -3.27169187e-02 -1.27075603e-02 -1.42636150e-01
    -1.60920009e-01  1.01987617e-02 -5.16816005e-02 -4.78726886e-02
     1.60159953e-02 -1.29345313e-01  1.39066326e-02  8.43706354e-02
     4.43131290e-02 -4.02207806e-05  1.47403672e-01  1.27811089e-01]
   [ 2.00696364e-01 -2.88989712e-02  1.41175956e-01 -1.89709999e-02
    -5.80182672e-02 -9.08094943e-02  5.75892963e-02  2.32041050e-02
     1.13563398e-02  9.17849690e-02  7.92248324e-02 -1.18368141e-01
    -1.18559860e-01  4.63272259e-02  1.21906050e-01  3.18107791e-02
    -2.23234862e-01 -3.58420238e-02  3.41945663e-02 -2.37941779e-02
     1.64304420e-01  1.01333275e-01  2.93665659e-02  4.22576442e-04
    -9.28115472e-02  9.08464491e-02  3.36722657e-02  3.67403217e-02
    -6.20829910e-02  6.47768825e-02  7.18951784e-03 -6.16019778e-02]]]


 [[[ 8.50328207e-02  6.43566474e-02 -3.17461044e-02  1.99624687e-01
    -5.86783560e-03  8.93430486e-02 -6.43987134e-02  7.89079890e-02
     9.15912241e-02  6.75757304e-02 -4.82528657e-02 -1.74463633e-02
    -9.49257463e-02 -6.00275099e-02  1.36254681e-03  1.18161505e-02
    -1.47863841e-02 -7.99877718e-02 -2.40004852e-01  7.04510659e-02
     2.16611940e-02  1.86060846e-03  9.05261561e-02  1.62350526e-03
    -1.74252372e-02 -4.37609479e-02 -8.67511705e-02 -2.17320412e-01
    -2.20245197e-01  1.29579797e-01  5.19248145e-03 -1.64461359e-01]
   [-6.54267073e-02 -1.13229521e-01  9.30974609e-04 -1.74148493e-02
    -6.55854633e-03 -3.51507030e-03 -7.22275451e-02  5.58567084e-02
     1.01218596e-01 -7.51469433e-02  1.94174272e-03  3.49677019e-02
     2.66025327e-02  3.38408574e-02 -1.94736267e-03  1.75202428e-03
     2.27613561e-02 -7.01648444e-02 -1.79598220e-02 -7.08552077e-03
     6.21056519e-02  3.03307325e-02  6.54833624e-04 -5.34368418e-02
     4.83740531e-02 -6.09609373e-02 -1.31997038e-02  5.02254665e-02
     3.62262279e-02  5.42977359e-03  8.81178454e-02  6.57935366e-02]
   [ 1.70299396e-01 -1.41581357e-01  1.02751348e-02  5.27166352e-02
    -1.85843967e-02 -1.04417443e-01 -1.50041565e-01 -1.08498618e-01
     2.63120588e-02  8.50233901e-03 -7.27446973e-02  5.74779361e-02
    -2.12820210e-02 -6.11922070e-02  5.76740876e-03 -1.02382764e-01
    -1.68227389e-01  1.91289246e-01 -8.48228484e-02 -3.10322065e-02
     1.60052236e-02  3.28601748e-02 -5.45818871e-03  3.82764712e-02
     8.93205851e-02 -3.83681208e-02 -7.23335594e-02 -5.72150387e-02
     1.08971037e-01  4.77145538e-02  6.31336942e-02  6.19896762e-02]
   [ 5.59188775e-32 -4.91941829e-32  3.98920847e-32  4.98964791e-32
     1.98791699e-32 -2.57144268e-32 -1.15816389e-32 -3.73635758e-32
     2.89633374e-32  2.32324689e-32 -3.42150186e-33  4.05440403e-32
    -2.40422155e-32  2.00012979e-32 -1.45349685e-32  3.64931986e-32
    -3.87251068e-32  3.65062378e-32  1.04233832e-32 -5.41745556e-32
     3.24760672e-32  2.37902850e-32  5.48377636e-32 -3.69880788e-32
    -2.96182229e-32  3.00287261e-32 -2.43133918e-32  5.17233898e-33
    -1.45513358e-32  2.29394828e-32 -4.64618844e-33  4.61461760e-32]
   [ 9.62857082e-02 -9.61281285e-02  6.26508072e-02  1.34969920e-01
    -1.96608156e-02  5.69297606e-03 -6.66345134e-02  5.05786389e-02
    -5.28608337e-02  1.32612688e-02 -6.83959574e-02 -4.86202240e-02
    -6.84958771e-02  1.11119658e-01 -7.66643602e-03  3.67589004e-04
    -1.14429248e-02 -3.50237228e-02 -2.25736469e-01 -4.93541844e-02
     6.25344738e-02 -4.69518118e-02  1.86029449e-01  1.14822062e-02
    -1.09406514e-02 -5.54135703e-02 -6.15970641e-02 -6.62233606e-02
    -8.89974385e-02 -5.62067293e-02 -5.87322153e-02 -8.28096196e-02]
   [-3.46148908e-02  4.30946127e-02 -8.80302936e-02 -7.85881206e-02
     2.96062808e-02  1.43084586e-01 -5.40283322e-02  7.04046562e-02
    -2.27984991e-02 -6.32621273e-02 -1.16483584e-01  2.99992468e-02
    -5.78498058e-02  6.48569688e-02 -5.88496998e-02 -7.46092806e-03
     1.58690602e-01 -5.17214462e-02  4.30046208e-02 -4.07260582e-02
    -1.78013835e-03 -1.54862329e-01 -1.86202377e-02 -1.14271240e-02
    -7.58674070e-02  6.03566170e-02 -8.87525007e-02 -7.44159892e-02
    -5.27709983e-02  1.15550980e-01  4.91109081e-02  2.88135093e-02]
   [-8.68589953e-02  3.98253426e-02  2.72399187e-01 -1.19751163e-01
    -1.90777406e-01 -1.49033576e-01  1.41333282e-01 -8.12185928e-02
    -4.51042391e-02  1.05423816e-02  1.20060600e-01 -1.94622755e-01
     6.63293377e-02  6.31553903e-02  9.91306901e-02 -7.16095269e-02
    -1.30962208e-01  2.86825806e-01 -1.56493217e-01 -5.53510711e-02
    -1.34060398e-01  2.50537068e-01 -1.00319073e-01 -2.38321140e-01
    -9.68534201e-02  3.78052667e-02  1.20405197e-01 -4.63809110e-02
    -8.94445181e-03  1.15459844e-01 -1.75176546e-01 -1.40473336e-01]
   [ 2.93703116e-02  6.22426979e-02 -6.96997643e-02  9.54842269e-02
    -6.70161620e-02  1.09532647e-01 -6.49565831e-02  7.88421482e-02
    -4.26513236e-03  9.00233462e-02  5.31422049e-02 -9.66895968e-02
    -8.41673315e-02 -2.59054638e-02 -1.04687802e-01  3.47670056e-02
     1.29990697e-01  8.50484893e-03 -2.09843576e-01 -4.44731116e-02
     8.78114700e-02 -6.24212734e-02  1.83074191e-01  5.24139889e-02
    -8.12329873e-02 -2.89952324e-04 -9.91212800e-02 -7.19156936e-02
    -1.02153301e-01  5.07383868e-02 -7.95737058e-02 -7.92366192e-02]
   [-3.44156139e-02  1.00387886e-01 -1.95424750e-01 -2.97216307e-02
     1.05853483e-01  3.73077281e-02  8.93436670e-02  1.80596784e-02
     7.14157000e-02 -5.72900288e-02 -2.16104370e-02  3.48618254e-02
     1.96772799e-01 -6.77192137e-02  2.77849380e-03 -1.60544533e-02
    -1.22269923e-02 -3.87893803e-02  7.33317211e-02 -3.05344700e-03
    -5.06692491e-02  6.60553575e-02 -2.74296645e-02 -1.31822258e-01
    -8.17493722e-02 -1.18340656e-01 -1.03175584e-02 -3.07375770e-02
     1.01895802e-01  1.25270426e-01  2.29726627e-01  2.35079359e-02]
   [ 4.42296918e-03  1.34692401e-01 -1.16025075e-01  2.51145940e-03
    -6.19243272e-02  1.71435282e-01 -1.15345359e-01  2.67811902e-02
    -4.13197055e-02  5.75832129e-02  3.04048657e-02 -4.12440561e-02
    -8.86462778e-02 -4.64142859e-02 -4.76267608e-03  5.36112227e-02
     3.43899950e-02 -1.36552406e-02 -1.42963126e-01  7.68195018e-02
    -3.11495531e-02  1.05094146e-02 -8.39119032e-03 -4.74973172e-02
    -1.02630705e-02  6.24319166e-03 -1.05888285e-01 -3.49476561e-02
     5.26112430e-02  1.52715202e-03 -8.84937569e-02  1.19541865e-02]
   [-9.97350588e-02 -1.13306619e-01  4.38713692e-02 -7.60821849e-02
    -1.03486918e-01  8.54080543e-02  4.16906038e-03 -5.06635709e-03
     7.15283677e-02 -8.07660744e-02  5.11016836e-03 -7.96294063e-02
     1.96905863e-02 -3.85956205e-02 -8.82620886e-02 -1.06677935e-01
     2.76947748e-02 -1.42302871e-01  1.34704798e-01  4.42677476e-02
     5.88120595e-02 -2.11841241e-03  2.09226348e-02 -1.51993148e-02
    -4.72852662e-02  3.72821651e-02 -1.23698935e-01  4.65676710e-02
    -1.43887594e-01  1.60794128e-02 -5.18890619e-02 -8.33858848e-02]
   [ 4.13786918e-02  3.67227793e-02 -1.72049291e-02  4.81522456e-02
     1.09377198e-01  1.66131184e-01  2.28477120e-02  2.41355766e-02
     1.55434692e-02 -7.85356387e-02 -1.00941360e-01  1.63857378e-02
    -6.37089461e-02 -9.63281915e-02 -4.82233018e-02  6.07192144e-02
     9.14734304e-02 -1.69519305e-01  4.48421352e-02 -9.22322646e-03
    -8.97976905e-02 -1.35321707e-01  1.14960380e-01 -4.20679525e-02
     3.06170695e-02 -5.11038378e-02 -1.22558795e-01 -2.15052422e-02
     1.83982477e-02  1.80370063e-01  1.36714280e-01  7.72761777e-02]
   [-6.40043765e-02  2.71921698e-02  2.11085081e-02 -1.29723977e-02
     2.97686923e-02  1.44502953e-01 -2.61746924e-02  7.77418911e-02
    -2.77025253e-02 -3.72888222e-02  4.55573685e-02  3.07595246e-02
    -7.33479708e-02  6.03124723e-02 -5.33301495e-02  4.81945463e-02
     1.65596306e-02 -1.51949255e-02 -1.41741931e-01  2.66532954e-02
    -1.21731590e-02 -8.72405097e-02  2.16429308e-02 -4.41170298e-02
     5.19970283e-02 -9.37449932e-03 -5.88071793e-02  4.25296091e-02
     3.22912447e-02 -4.75057960e-02  7.87517056e-03 -8.70936736e-02]
   [ 4.92768660e-02  1.26610361e-02 -1.56336308e-01  7.26429448e-02
     3.43677513e-02 -1.23798726e-02 -1.22888148e-01 -2.27839231e-01
     5.57712615e-02  5.96719235e-02 -1.05807573e-01  6.53922260e-02
    -1.12351581e-01 -3.76456566e-02  9.84398052e-02  2.73102429e-02
    -1.47108927e-01 -2.76376086e-04  1.13614582e-01  5.73487952e-03
     4.04187776e-02 -3.78656611e-02  4.35429299e-03  3.72741884e-03
    -1.15018329e-02 -8.20926949e-02 -1.24978386e-01  8.98031071e-02
     9.99772027e-02  1.92465074e-02  4.58603725e-02 -2.47931033e-02]
   [-8.27463120e-02  4.19511683e-02 -1.30486041e-01 -1.13706402e-01
    -7.30883190e-03 -3.96047011e-02 -8.04958642e-02 -1.45577081e-02
    -1.09700516e-01  2.99894647e-03 -8.69937837e-02  1.26279220e-01
    -1.40023623e-02 -7.60125834e-03  1.23551197e-01 -3.35041583e-02
    -7.31628910e-02 -4.67096129e-03 -6.46904185e-02  5.60794882e-02
    -1.73561454e-01 -4.41004783e-02  1.89347304e-02 -6.87901154e-02
    -2.89807394e-02 -3.94175313e-02 -3.72332819e-02 -1.46080498e-02
     4.24748147e-03  6.74696714e-02 -2.37826277e-02 -1.99781824e-02]
   [-1.15311686e-02 -1.61522776e-01 -1.70645490e-01 -1.01037048e-01
     8.86489600e-02  9.49963108e-02 -9.06053931e-02  6.41397387e-02
    -8.19620024e-03  2.30426881e-02  7.20398724e-02 -3.91377918e-02
    -8.09586272e-02 -8.56367201e-02  3.01082414e-02  6.88363463e-02
     3.71585190e-02 -1.72270209e-01  1.35241538e-01  7.17870966e-02
    -2.12031603e-02 -8.48966241e-02 -7.08850920e-02  8.77851769e-02
     4.00786884e-02  5.93130887e-02 -5.09348623e-02  1.12013593e-01
     4.57625501e-02  1.45321712e-01  9.58289653e-02  6.43436983e-02]]

  [[-8.64786208e-02  1.06180990e-02  3.66811082e-02 -1.38284490e-01
     4.67531849e-03  8.27310905e-02 -9.53694209e-02  6.83468282e-02
    -5.00646271e-02 -5.91443032e-02  1.49255022e-01  5.01229353e-02
     6.16628192e-02 -8.04960728e-04 -2.57622879e-02 -1.63103342e-02
     5.45551293e-02 -1.05361752e-02 -2.41247773e-01 -5.04168384e-02
     1.22574627e-01  1.06424809e-01  1.05254957e-02  1.74430292e-02
    -4.16449562e-04 -4.56900969e-02  7.22340122e-02 -7.66435564e-02
    -4.60665934e-02 -3.87087697e-03 -8.06414783e-02  1.26988683e-02]
   [-5.46159111e-02 -2.47549880e-02  7.72420987e-02 -9.36764386e-03
     7.81386420e-02  4.08703648e-03 -2.96200928e-03  3.26434933e-02
    -1.17859673e-02  2.46269256e-02  7.75083676e-02  2.11598370e-02
     2.01137010e-02  1.30128682e-01  2.93053500e-02 -5.45100949e-04
    -1.32911187e-02 -5.45448810e-02 -2.87651867e-02  3.60938571e-02
    -1.25965960e-02  5.89063838e-02 -8.76021236e-02 -1.36572057e-02
    -2.25645490e-02  6.57602772e-02  1.14279920e-02  7.95635954e-02
    -4.13805572e-03 -2.99092196e-02 -5.83398677e-02 -5.13882376e-03]
   [-4.02355306e-02 -2.00695693e-01 -5.42978868e-02  9.65312943e-02
    -4.58304100e-02 -3.82612385e-02 -3.95688601e-02 -4.65753824e-02
     1.02801723e-02 -7.13674352e-02 -6.51197915e-04 -1.33187240e-02
    -1.08795322e-01  9.32266787e-02 -1.32190928e-01  5.72473034e-02
    -8.96615908e-02  1.66443869e-01  6.07077256e-02 -7.28371553e-03
     6.49476871e-02 -2.82950029e-02 -1.74245164e-01 -8.37456714e-03
    -3.79733369e-02 -7.99391121e-02 -1.81523025e-01 -1.31846853e-02
     7.26098940e-02 -1.80860832e-01  3.41074392e-02 -6.96921125e-02]
   [ 4.59847248e-32 -3.37591045e-32  3.76575346e-32 -2.48859442e-32
     3.80053428e-32  2.41457178e-32  1.93939509e-32 -4.11806587e-32
     2.25867331e-32  2.24713157e-32  5.70931435e-32 -3.23326510e-32
    -5.50021976e-32 -2.01163024e-32  3.61120534e-32 -1.62708284e-32
    -2.48457129e-32  7.93567053e-33  4.61993084e-33 -1.73797633e-32
    -8.31448460e-33  2.40867550e-32  5.17993164e-32 -5.07116374e-32
    -3.20877103e-32 -4.45096116e-32 -2.35760629e-32 -3.45679681e-32
     2.58065003e-32  3.10210990e-32  4.39449864e-32 -3.43456557e-32]
   [ 9.67673287e-02 -1.08904555e-01 -2.86849570e-02 -4.00001369e-02
     9.69453342e-03  1.09697722e-01 -1.80858418e-01 -1.02493791e-02
    -1.11803096e-02  6.92377016e-02 -3.23344069e-03  5.41438013e-02
    -1.93321723e-02 -2.62866765e-02 -1.38939053e-01  8.01286846e-02
     8.02110285e-02  7.65450448e-02 -1.12580217e-01 -4.35041897e-02
     3.60091142e-02  4.33294140e-02 -7.38754719e-02  2.85889674e-02
    -6.27671629e-02 -3.44453491e-02  1.18094966e-01  3.54238637e-02
    -4.36703935e-02 -1.28563806e-01 -6.26939684e-02  2.66544633e-02]
   [ 8.47223327e-02 -6.73993751e-02  1.37113631e-02  5.70687950e-02
     7.97937065e-02 -1.06123999e-01  7.19576925e-02 -8.49447697e-02
     1.64207723e-02 -3.41681577e-02  6.62021106e-04 -6.01069117e-03
     9.20196474e-02  6.58716587e-03  1.85865406e-02  2.39723828e-02
     7.57532343e-02  9.36624687e-03 -4.41498049e-02  7.37678856e-02
     5.95176145e-02 -1.27532497e-01 -1.09992839e-01 -9.11912397e-02
    -4.23332304e-02 -8.82709678e-03  4.94625866e-02  1.18128411e-01
     9.91326664e-03 -4.06633951e-02  3.26154716e-02  8.90714955e-03]
   [-2.67042458e-01  4.82594222e-03  1.81749552e-01 -1.56844586e-01
    -1.24644101e-01 -2.76002079e-01 -1.63656726e-01 -1.48595255e-02
     1.56791974e-02 -1.78105146e-01  1.56197652e-01 -1.02204189e-01
    -5.12909554e-02  1.38796642e-01 -6.86146691e-02  1.60030220e-02
     1.43921841e-03  2.46986672e-01 -2.66217887e-01 -1.43598825e-01
    -1.14986554e-01  6.44585192e-02  1.32555272e-02 -2.11758763e-01
    -8.49500000e-02 -7.67063648e-02  5.06508276e-02 -7.96439033e-03
     1.75737455e-01 -1.23421088e-01 -1.99690640e-01 -1.40752524e-01]
   [-8.26724023e-02  3.33001092e-02  5.45137078e-02 -6.92504123e-02
     2.00416464e-02  3.05692758e-02 -2.27401089e-02  3.36150900e-02
     6.24032021e-02  6.96033016e-02 -4.12422977e-02 -3.30840014e-02
    -7.99356475e-02  8.92920569e-02 -2.09837928e-02 -6.84427470e-02
     4.13963422e-02  2.14661192e-02 -1.01730354e-01  2.84308605e-02
     2.86486186e-02 -5.42881340e-02 -6.27392381e-02  8.69268030e-02
    -9.29958671e-02  1.18880309e-01  8.41181353e-02 -6.43075034e-02
    -6.75849095e-02  7.22059533e-02 -5.12372293e-02 -2.26744246e-02]
   [ 1.54125869e-01  3.74744311e-02  7.60617107e-02 -7.09857717e-02
     1.12786405e-02  4.70065325e-02 -8.14953297e-02 -5.32127805e-02
     1.18651494e-01  8.59249905e-02 -2.60978695e-02 -5.60894646e-02
     3.39992121e-02  2.03182660e-02 -1.55896768e-02 -5.40107377e-02
     5.69599075e-03  1.27819069e-02  8.60844478e-02 -1.39002606e-01
    -1.55352384e-01 -4.61152866e-02 -1.57745063e-01 -1.10055730e-01
    -8.00896510e-02 -1.91309620e-02 -2.20095478e-02 -6.63277507e-02
    -4.47458364e-02  2.23655865e-01  1.51248485e-01 -1.08987667e-01]
   [-7.03765079e-02 -7.83826634e-02  6.66532665e-02 -5.57194874e-02
    -5.00478819e-02 -7.23338649e-02 -7.85575435e-02 -9.31917503e-02
    -3.87775637e-02 -5.16894944e-02  9.49491188e-02  1.22275557e-02
    -5.70519604e-02  1.24798976e-01 -6.77876621e-02  1.03686437e-01
     5.43532968e-02 -6.16233572e-02 -1.22269709e-02 -5.37114888e-02
     7.33981133e-02  2.67293379e-02 -3.75690237e-02 -4.88136057e-03
     3.42714787e-02  1.32776601e-02  7.66324475e-02  7.40880445e-02
     3.72276641e-02  7.75412703e-03 -4.76222597e-02  8.16090107e-02]
   [ 1.23110719e-01 -9.30532292e-02 -7.40199611e-02 -1.04950117e-02
     4.89354096e-02 -1.77092403e-01  8.39700550e-02 -3.80296260e-02
     6.27901554e-02  4.67453059e-03 -9.16877482e-03 -1.12583578e-01
     8.00239667e-02 -1.35081038e-01 -1.35192955e-02 -5.46615534e-02
    -2.00343900e-03 -7.17326179e-02  7.18158809e-03 -3.76645941e-03
     5.06508313e-02 -1.17148854e-01  3.61016952e-02  9.66347102e-03
    -3.21329236e-02  3.30456756e-02  7.44602084e-02  1.34388030e-01
    -9.18475837e-02  4.53845002e-02 -9.73034743e-03  5.14624547e-03]
   [ 1.28499223e-02 -1.67190395e-02 -7.42232725e-02  3.59080024e-02
     9.02676489e-04  2.37421878e-02 -2.81897914e-02  1.03587158e-01
     6.24663234e-02  1.38505355e-01 -8.05830508e-02 -7.18550533e-02
     4.33130339e-02  1.06627801e-02 -7.87821487e-02  7.51583427e-02
     1.11595303e-01 -8.22238475e-02  4.17871699e-02 -1.06462566e-02
     2.91457530e-02 -4.58904393e-02 -1.33470610e-01  5.43705374e-02
     1.09985378e-02  1.20768972e-01 -3.73405181e-02  1.11118130e-01
     7.13298842e-02 -2.22051051e-03  9.22158509e-02 -2.49687135e-02]
   [ 1.08760566e-01 -9.78967547e-02  3.53659354e-02  2.32808124e-02
    -4.52167280e-02 -4.18085605e-02 -6.83791935e-02  1.43629825e-02
     3.60235497e-02 -9.97348502e-03 -3.50187309e-02  1.64418202e-02
     6.25408301e-03 -3.11355684e-02  1.73533261e-02  1.01797178e-03
     3.99345309e-02 -1.38549641e-01 -2.77308580e-02  1.12160649e-02
    -5.86091056e-02 -1.59529094e-02 -5.09559028e-02 -3.62330079e-02
    -1.53758209e-02  8.35978687e-02  1.01644740e-01 -2.19282154e-02
     7.41224065e-02 -4.39831875e-02  1.04052775e-01  6.24277536e-03]
   [ 2.87602488e-02 -6.65412396e-02 -3.96105647e-02  9.50177163e-02
    -5.74031360e-02 -8.28356594e-02 -6.90012937e-03 -7.77321979e-02
    -4.57710773e-02 -6.54359758e-02  9.55595002e-02  4.69774976e-02
     2.37274040e-02  9.64417234e-02 -6.24296814e-02 -3.28950174e-02
    -1.53495565e-01  8.78618509e-02  1.31354094e-01 -4.62119319e-02
    -4.52245809e-02 -2.70558912e-02 -1.28664315e-01  1.25080019e-01
    -1.41827026e-02 -6.51305215e-03 -2.36101836e-01  6.26848191e-02
     1.26380861e-01  3.28340521e-03  7.97222555e-02  6.58723265e-02]
   [-9.85350311e-02  5.00577204e-02  9.63751110e-04 -7.64043033e-02
    -9.09100771e-02 -5.24344519e-02 -5.46417013e-02 -5.41730747e-02
     8.97658896e-03 -2.05518603e-01 -1.42716229e-01  6.91046715e-02
    -3.45652550e-02 -3.36067043e-02  3.59504260e-02 -1.69858843e-01
    -7.24818632e-02  3.17847729e-02 -7.43473880e-03  6.39860407e-02
    -2.59484380e-01 -9.38490629e-02 -1.79959342e-01 -6.18725317e-03
    -7.28439838e-02  2.71569043e-02 -1.46625116e-01 -4.54567522e-02
     3.84542160e-03  1.09106321e-02  3.24795358e-02 -3.16025540e-02]
   [ 8.98422897e-02 -3.35847288e-02  5.22983447e-02 -2.82550342e-02
    -5.93863949e-02 -8.62996653e-02  5.85565679e-02 -1.24130771e-02
    -1.00193387e-02  6.16280809e-02 -1.74001932e-01  3.05713955e-02
     1.03371620e-01 -2.39483472e-02 -3.13665792e-02 -9.21514705e-02
    -3.71937230e-02 -3.34824920e-02  1.76956385e-01 -1.23383151e-02
     5.71334250e-02 -2.58663036e-02  2.85059540e-03 -4.08143736e-02
     3.89319658e-02  7.65107274e-02 -1.57060642e-02  3.37199937e-03
     6.90231547e-02 -5.05409017e-02  1.56425908e-01 -4.65188436e-02]]

  [[ 6.62877113e-02 -1.66010261e-01 -1.22005917e-01  9.04249921e-02
    -7.83983320e-02  1.69373319e-01 -1.52920321e-01  5.82513176e-02
     2.77333651e-02 -1.17644548e-01  8.81085079e-03  4.86079045e-02
     7.12898420e-03 -4.07312438e-02 -2.46455409e-02 -7.63893276e-02
     1.25394717e-01  1.66882165e-02 -1.22969925e-01 -7.28511885e-02
    -7.84869567e-02  3.32729816e-02  8.81930366e-02 -8.59338790e-02
     3.23711187e-02 -8.17502141e-02  2.26617411e-01 -1.17668338e-01
     2.80651059e-02  8.08245596e-03  9.27858576e-02  9.66145396e-02]
   [-1.02755358e-03 -2.05844231e-02 -5.29339574e-02  3.47998217e-02
     3.44887818e-03 -5.13047054e-02  5.54194190e-02 -6.89964592e-02
    -6.39137402e-02  2.56849956e-02  2.18821857e-02 -1.75051033e-01
     1.71628177e-01 -4.24839556e-02  2.66408641e-02 -9.11427476e-03
    -1.32812798e-01 -1.72971681e-01  7.87963495e-02  7.71580562e-02
    -6.58469275e-02  3.61256115e-02  7.20363334e-02  6.00487515e-02
     3.31392512e-03 -2.68594082e-02  1.00531287e-01  2.72106230e-02
     5.86899780e-02 -1.21291146e-01 -5.91153689e-02  2.58028544e-02]
   [ 8.10852647e-02 -2.56724864e-01 -1.82187319e-01  1.38324257e-02
    -1.93428062e-02 -1.01789653e-01  5.21418713e-02  2.30815466e-02
    -1.24724962e-01  1.03966244e-01  1.18733786e-01 -6.59846887e-02
    -5.19261695e-02  6.08084612e-02 -1.18605569e-01  8.75137076e-02
     5.58216237e-02  2.09256588e-03  1.18053474e-01  5.70835508e-02
     1.17934324e-01 -1.21617094e-02 -1.29829630e-01 -1.05546007e-03
     1.51796788e-01 -2.24178750e-02  2.32956260e-01  2.18913630e-02
     7.51352459e-02 -1.37391821e-01 -4.35765386e-02  1.15016736e-01]
   [ 3.74524960e-32  2.49341512e-32  4.85906724e-32  3.06721535e-32
    -4.71499071e-32  5.47919627e-33 -4.98488657e-32 -3.13631738e-32
     5.65983662e-32 -4.75875466e-32  1.59921422e-32  1.94895083e-32
     1.49234694e-32  5.47851720e-32 -3.40002043e-32 -4.88216893e-32
     3.05938186e-32  3.69577599e-32  3.38604204e-32 -4.47524335e-32
    -5.39657408e-32 -2.58499326e-33 -4.77483748e-32  2.02718717e-32
     1.87530375e-32 -4.66323017e-34 -5.66546312e-32  4.18070972e-32
    -9.68175645e-33  2.68954320e-33 -4.98209065e-32 -3.62367990e-33]
   [ 9.07577574e-02 -6.63673803e-02 -1.27061069e-01  2.70853825e-02
     5.24874739e-02  2.39331331e-02 -5.08115143e-02 -1.34842135e-02
     1.31405937e-02 -4.92012762e-02  1.08493060e-01 -2.10370645e-02
     8.86220634e-02 -1.13325968e-01 -2.24287007e-02  8.75776187e-02
    -1.15130739e-02  1.94184054e-02 -4.71808650e-02  4.17414401e-03
     6.37746304e-02 -1.75061263e-02  1.13212027e-01  7.24744797e-03
     6.35747313e-02 -1.06378555e-01  4.95649762e-02 -2.96336561e-02
    -4.41601463e-02 -7.29552284e-02  1.02255449e-01  1.00250348e-01]
   [-7.04367906e-02 -1.43041732e-02 -5.57927974e-02  7.60276020e-02
     5.91958724e-02 -7.40046874e-02  2.53050067e-02 -2.59212665e-02
    -5.43231927e-02  4.97565866e-02 -6.11335188e-02 -2.15011045e-01
    -4.82977405e-02  8.72956887e-02  1.55832946e-01 -1.24577850e-01
    -7.62396976e-02 -1.08406782e-01  8.88093561e-02  1.14242826e-03
     1.12365754e-02  6.31823018e-02  2.85889078e-02 -7.70867895e-03
    -6.27932176e-02  9.17152539e-02 -9.79228094e-02 -7.64002651e-02
     5.30826598e-02  1.97120588e-02 -8.86227116e-02  8.02141428e-02]
   [-2.74339050e-01 -8.23550299e-02 -1.71594337e-01  3.24237626e-03
    -2.36696154e-02 -1.05512306e-01 -4.05556634e-02 -8.91312361e-02
     2.77900267e-02  6.07708208e-02 -1.02696508e-01  6.53790012e-02
     4.83811088e-02  1.01001248e-01  2.27364842e-02 -6.84343204e-02
     1.05718590e-01  3.93541567e-02  9.89592150e-02  3.11881229e-02
    -2.46254072e-01 -1.52289644e-02 -1.11366846e-02 -9.78155062e-02
    -9.52784568e-02  9.76166651e-02 -3.11932005e-02 -6.72515258e-02
     9.37015042e-02 -2.88869560e-01 -8.12265053e-02 -1.27552420e-01]
   [ 6.23624772e-02 -1.54972263e-02  4.66604270e-02  8.39692429e-02
     4.99016009e-02 -1.66950852e-01 -3.59606789e-03 -8.18243027e-02
    -1.04443096e-01 -6.42136708e-02 -6.41968325e-02 -4.96931821e-02
     5.56836724e-02  1.56151978e-02 -6.73730746e-02 -7.02924132e-02
    -1.51536539e-02 -1.07964566e-02 -8.20037127e-02  1.03396028e-01
    -5.02197593e-02  9.39598605e-02  8.89368448e-03  6.34967685e-02
    -3.68440412e-02  6.72656894e-02  1.04760915e-01  6.12780498e-03
    -5.26210703e-02 -2.94261035e-02 -8.55212957e-02 -6.52040076e-03]
   [ 2.52540763e-02 -6.88973963e-02  7.04043312e-03 -7.81586841e-02
    -2.61293165e-02 -6.87379017e-02  2.88596433e-02  9.61082205e-02
     9.25180390e-02 -4.75752540e-02  7.06999078e-02 -1.54251933e-01
    -8.54056925e-05  1.61561668e-01 -1.40516916e-02  9.49403942e-02
    -2.37615481e-02 -2.80998591e-02 -2.07530744e-02 -5.92153035e-02
    -1.48605347e-01  3.16351689e-02 -2.02410117e-01 -5.23448661e-02
    -5.22068366e-02  2.93921083e-02  3.66022019e-03 -1.03611484e-01
    -9.59674492e-02  7.86352530e-02  7.24252984e-02 -1.39654383e-01]
   [ 5.52460440e-02 -1.36284351e-01 -1.11721620e-01 -3.01933009e-02
    -5.49159897e-03 -1.02759153e-01 -5.79568744e-02 -8.97757113e-02
    -9.21198726e-02 -2.04303376e-02 -5.76482937e-02 -1.77492753e-01
    -4.84114476e-02  1.81718227e-02  3.30768824e-02 -9.18342546e-02
    -2.26512551e-02 -6.16128035e-02  7.95840696e-02 -4.59814537e-03
     3.55365612e-02 -5.24721108e-02  6.58609718e-02  3.43877040e-02
     1.03716776e-02  3.07810158e-02  1.89297423e-01  1.17898948e-01
     1.02633454e-01 -5.92042990e-02 -1.17527060e-01  8.88402164e-02]
   [ 2.35949028e-02  1.06515504e-01 -1.34539723e-01  3.65059450e-02
     3.09207439e-02  9.83652547e-02  1.23875834e-01  4.56295267e-04
    -1.02443574e-02 -2.40375139e-02  2.42263675e-02 -2.63108164e-01
     1.49551677e-02 -6.14946224e-02  8.88774022e-02 -1.89608335e-01
    -1.87322963e-02 -2.41750658e-01  1.11811757e-01  5.11201657e-02
    -8.82868469e-02  2.85529476e-02  6.87127039e-02 -4.41545695e-02
    -3.70943397e-02 -2.16432251e-02 -2.34264843e-02 -7.10589346e-03
    -2.01672744e-02  4.38917950e-02  5.60822450e-02 -8.61345008e-02]
   [ 1.04547910e-01 -1.77850164e-02  1.26746461e-01  1.36284158e-01
    -2.03338619e-02 -1.18356064e-01  6.89425617e-02 -7.59019144e-03
    -6.89041102e-03  6.61443397e-02 -9.14687570e-03 -7.65622109e-02
    -3.23678553e-02  3.62297706e-02 -3.54385003e-02  6.60867169e-02
    -2.14547813e-02 -7.74739534e-02  1.28513470e-01  5.89988939e-02
     3.79238673e-03  9.42722708e-02 -2.65390761e-02 -6.81645349e-02
    -1.36973830e-02  3.01995259e-02  1.34648914e-02  3.27801481e-02
    -4.71101888e-03 -2.33702306e-02  6.72169030e-03 -7.40613490e-02]
   [-5.69356270e-02 -5.55122830e-02 -1.22186303e-01  1.83526278e-02
     9.59065109e-02 -8.60185698e-02 -1.32162115e-02 -6.44605979e-02
     1.29694752e-02  8.62198696e-02  3.75737273e-03 -1.36543334e-01
     7.64333904e-02 -6.50309920e-02  1.31344810e-01 -8.31300542e-02
    -1.61735281e-01 -1.96374401e-01  7.23479409e-03  3.41922455e-02
    -1.26412421e-01 -2.17755809e-02  1.14267118e-01  3.08887027e-02
    -4.48724590e-02  4.54530753e-02 -2.00204551e-02  1.10708885e-01
    -5.43527380e-02 -9.26655978e-02  3.86935361e-02  4.61641327e-02]
   [-1.50650457e-01 -1.43722311e-01 -2.34682918e-01 -2.25223359e-02
    -1.85043260e-01 -4.51199561e-02  1.59152955e-01 -6.12871163e-02
    -9.86125618e-02 -1.10813715e-01  3.58613320e-02  7.38783330e-02
    -1.21666715e-01  9.49929133e-02 -1.16358034e-01  4.13764976e-02
    -8.31908435e-02 -3.81103880e-03  8.52031931e-02  1.03836171e-02
     9.73137468e-03 -7.81054720e-02 -9.44820568e-02 -5.39228506e-02
     9.08316225e-02  1.18693877e-02  1.41785204e-01  1.64382458e-02
    -1.39691615e-02 -5.64617366e-02  3.71665950e-03  3.69399302e-02]
   [-2.54638821e-01 -1.05597988e-01 -9.20829102e-02 -1.19088106e-02
    -1.02790363e-01 -4.19576205e-02  2.01779574e-01 -4.02336894e-03
    -3.31262164e-02 -1.74138099e-01 -2.45872512e-01  1.18378334e-01
    -8.12820271e-02 -1.68149039e-01 -1.44511893e-01 -1.49361072e-02
     8.99366587e-02 -6.65148646e-02  2.63954420e-02 -1.02867335e-01
    -1.97440293e-02 -1.76568761e-01 -8.26113373e-02  4.35470417e-02
     2.03397036e-01  5.11113554e-02 -6.07155031e-03  7.21455514e-02
    -2.64033489e-02  2.84293648e-02 -1.26600266e-02  1.43661246e-01]
   [-5.87833812e-03  5.10985926e-02 -1.24085069e-01 -2.47419309e-02
    -1.22987134e-02  1.26748219e-01  1.56198457e-01 -4.66366932e-02
     7.60392938e-03 -1.04775451e-01  5.75697273e-02 -1.53911620e-01
     4.43175063e-02 -1.20730028e-01  4.85469550e-02  8.66489634e-02
    -1.28776133e-01 -1.76892787e-01  1.88772812e-01 -8.61559156e-03
    -2.04230584e-02 -1.02396429e-01  1.40908822e-01  6.09426238e-02
    -1.48351714e-02  5.47116958e-02 -1.93226784e-01 -6.87588751e-02
    -1.92674622e-02  5.30304052e-02  3.72505337e-02  4.48903516e-02]]]


 [[[ 8.14076215e-02  3.39197703e-02  3.34558040e-02  7.13556483e-02
    -3.89851220e-02  9.68247429e-02  3.92289273e-02  1.38641763e-02
    -3.93027440e-02  7.78665990e-02  1.22766256e-01 -4.54447640e-04
     7.60533512e-02 -1.37145177e-01 -3.78407016e-02 -2.95766871e-02
     9.74999592e-02 -6.72093928e-02 -1.73528165e-01 -3.33296508e-02
     4.28195968e-02  9.03860778e-02  9.60141346e-02 -2.10930966e-02
    -1.00813806e-02 -8.08590129e-02 -3.32589149e-02  1.04516605e-02
    -7.72087947e-02  2.39455402e-02 -8.87116119e-02 -3.05632949e-02]
   [ 3.45597230e-02 -1.38392136e-01  1.45255532e-02  1.78319618e-01
    -6.43327609e-02 -3.15114968e-02 -2.86904052e-02 -6.15960099e-02
     2.80280504e-02  1.27941951e-01 -3.06765493e-02  6.37433752e-02
     4.64727134e-02 -1.05112575e-01 -1.07299015e-02 -1.19203418e-01
     5.86596727e-02 -5.79400659e-02  1.37983160e-02 -5.03374189e-02
    -3.74593250e-02 -6.42096549e-02  5.11724912e-02  4.68387194e-02
     1.23885803e-01  7.85513446e-02 -7.71797150e-02 -7.02851936e-02
    -3.22358571e-02 -3.36389393e-02 -6.35371953e-02 -4.84880619e-02]
   [ 1.90890091e-03 -7.48189241e-02  1.53222367e-01  2.60907020e-02
    -4.82884385e-02 -7.62599781e-02 -1.65387377e-01  3.68584767e-02
    -2.01090381e-01 -1.89257428e-01  1.00182379e-02  1.93305463e-01
    -5.81725799e-02  8.44130442e-02  3.16147320e-02  2.02239081e-01
    -3.69248271e-01  3.48375216e-02 -1.43190816e-01 -9.65152457e-02
     6.01642672e-03  1.96318254e-01  8.70938972e-02  3.75248902e-02
     7.03718737e-02  1.07850032e-02  1.90874964e-01 -1.24973401e-01
    -4.21609990e-02 -9.39629003e-02 -3.44514437e-02 -1.07123144e-01]
   [ 4.38645003e-32 -4.19215081e-32 -3.42804128e-33  2.42954464e-32
     9.03551667e-33 -5.07136291e-33 -2.80477654e-33  2.17470275e-32
    -8.11851647e-33  5.10353744e-32  4.89038005e-32 -4.02869612e-33
     2.75630709e-32 -2.29205015e-33 -2.98342553e-32 -5.86651203e-32
    -3.25740064e-32 -1.72522604e-32 -1.57126934e-32  3.07578294e-32
    -1.73708134e-32  5.27718793e-32  4.71540096e-32 -1.91584641e-33
    -3.76798043e-32  1.38217800e-32 -4.05473523e-32  1.74667793e-32
     3.99473153e-32 -7.01696659e-34  4.54282223e-32  3.75210230e-33]
   [-1.46429287e-02 -4.58245948e-02 -7.35457167e-02  5.51937036e-02
     8.74896161e-03  1.55307129e-01 -3.10830958e-02 -4.91520427e-02
     7.56937265e-02  1.83476597e-01  7.60349706e-02  1.00931607e-01
     9.55775678e-02 -8.84291679e-02 -1.24298334e-01  1.11800201e-01
     1.48812812e-02 -1.12272864e-02 -3.93052772e-02 -5.47295697e-02
     6.89793229e-02  9.19907615e-02  1.67473808e-01  8.51615146e-03
     9.89002958e-02  5.96980490e-02  5.49478941e-02 -1.14879347e-02
    -1.88347921e-01 -1.87913060e-01 -2.70974003e-02 -2.10257433e-02]
   [-4.62661646e-02 -8.53114277e-02  5.68254367e-02  4.30419743e-02
    -4.07128781e-02  2.15153858e-01 -5.74607961e-02  4.40281117e-03
     4.81472686e-02 -6.33520782e-02  3.74532379e-02  5.35787977e-02
    -3.82872634e-02 -9.38564315e-02  4.60170917e-02  2.74104886e-02
     1.39365837e-01 -7.39338920e-02  1.17994696e-02  6.35142997e-02
     4.12381068e-02  2.55954545e-02 -4.95783240e-02  4.35607471e-02
    -2.65665427e-02  1.05885640e-02 -2.71784682e-02 -4.42086905e-02
     3.76656465e-02 -1.83586642e-01  9.76186991e-02  2.35808664e-03]
   [-1.99479777e-02  4.90132123e-02  1.44514129e-01  2.19711810e-01
    -2.63823122e-01 -1.69790924e-01 -1.55095264e-01  5.38964905e-02
    -1.81974262e-01  2.85050161e-02 -8.48069340e-02  1.23203598e-01
    -5.62066659e-02  1.80513337e-01  8.17242265e-03 -3.29570286e-02
    -5.63967749e-02  7.04899654e-02 -9.73180160e-02 -1.90829467e-02
     9.21845064e-02 -1.82404313e-02 -7.85497129e-02 -1.24156170e-01
    -5.51056787e-02  5.31350784e-02  3.29908617e-02  4.04647589e-02
    -9.92188305e-02  1.35526583e-01 -3.23244750e-01 -7.79346079e-02]
   [ 4.28481810e-02 -3.15165929e-02 -8.50173309e-02  6.65380210e-02
    -6.11308813e-02  1.95582867e-01 -4.70268577e-02 -3.30622904e-02
     2.22331043e-02 -8.81898329e-02  3.34655643e-02  1.11097552e-01
     2.60785092e-02 -1.08662575e-01 -5.85708544e-02  9.11561176e-02
     1.10139780e-01 -2.24392056e-01 -4.79121059e-02 -4.22469825e-02
     6.04712032e-03 -2.26016026e-02  2.53220350e-01  2.05208808e-01
     1.38934076e-01 -1.99319907e-02 -1.01687722e-01 -1.74882431e-02
     1.97201390e-02 -3.29461917e-02  1.32457852e-01  7.07105622e-02]
   [ 1.78914331e-02  1.00344732e-01  6.08600415e-02  3.34615745e-02
     5.49553894e-02 -1.11286994e-02 -7.16670230e-02  7.24180862e-02
     8.23448151e-02 -1.29289240e-01  8.66932869e-02  7.00484514e-02
     1.00413002e-01  1.60416082e-01  2.04238325e-01 -5.07172607e-02
     5.10892943e-02 -5.83910607e-02  1.33817092e-01 -1.00303747e-01
    -1.56857431e-01  4.26324606e-02  9.78283659e-02 -6.14148006e-03
     7.50705302e-02  4.63540331e-02 -4.67685144e-03 -1.25551566e-01
     2.81816721e-02  1.29906461e-01  1.76420733e-01 -3.58937378e-03]
   [ 1.16418816e-01  3.33050638e-02 -1.69143043e-02 -1.98481902e-02
    -8.98539200e-02  8.32681879e-02 -9.93632302e-02 -5.87201528e-02
    -5.59712201e-02  2.33934317e-02  1.68794522e-03  8.31243470e-02
    -7.93048926e-03 -1.37946978e-01  2.29323618e-02 -1.64450910e-02
     2.03758162e-02 -9.02341530e-02 -7.81602561e-02  3.54079418e-02
     1.11834131e-01  6.73286915e-02  1.67069718e-01  1.10067330e-01
     1.56032309e-01  4.27750833e-02 -1.04018793e-01 -4.25374806e-02
    -4.68544886e-02 -1.42460823e-01 -5.57436943e-02  6.86003454e-03]
   [-1.21728711e-01 -1.87807947e-01 -1.40023202e-01 -9.95540991e-03
    -2.17998419e-02  5.58267348e-02 -4.61721048e-02  2.04279507e-03
     1.24723522e-03  9.94059443e-02 -6.90809637e-03  1.73613406e-03
     6.86634034e-02 -1.73722327e-01  1.16836593e-01 -2.90817246e-02
     5.26764579e-02  1.86731189e-01 -1.50094647e-02  1.78782200e-03
     2.40678806e-02 -2.29950733e-02 -3.78520824e-02 -8.71756300e-02
    -5.83809726e-02 -4.39213775e-02 -1.05294205e-01 -1.68220286e-05
    -3.52472477e-02 -9.65472758e-02  5.16487807e-02  5.55219576e-02]
   [-5.52747361e-02 -5.47679067e-02 -3.53747122e-02 -4.51845601e-02
     1.38034314e-01  7.82282352e-02 -1.35800302e-01 -1.93264931e-02
    -5.94728366e-02 -3.00165191e-02 -1.14483893e-01  1.13610439e-01
     1.00487813e-01 -6.09871559e-02  2.59008128e-02  8.18523988e-02
     1.52954414e-01 -2.81470586e-02  1.33220017e-01 -8.44996329e-03
     8.22854415e-03 -9.08142030e-02  1.38726473e-01  6.63888529e-02
    -3.80017757e-02 -5.47359958e-02 -6.08735606e-02 -7.56633133e-02
    -6.00173920e-02 -1.34787649e-01  1.60790339e-01  1.33201787e-02]
   [ 3.81550118e-02 -1.93398315e-02 -7.02762092e-03 -1.75045878e-02
     7.03796446e-02  1.28073066e-01 -1.03859521e-01  3.64786722e-02
     1.88397225e-02  5.15687168e-02  2.55059246e-02  1.42449751e-01
     4.16505113e-02 -1.73361093e-01 -1.09102778e-01  5.66719547e-02
     9.77559313e-02 -8.26864392e-02  3.10532805e-02  3.54910530e-02
     2.40348950e-02 -1.94620825e-02  5.96342944e-02  8.08696151e-02
     2.57751178e-02 -4.07335395e-03 -7.42923170e-02 -1.06241219e-01
    -8.93567726e-02  6.09926414e-03  9.35992599e-02  4.37994190e-02]
   [ 1.03413962e-01 -1.32162556e-01  1.97641596e-01 -2.79046465e-02
    -5.32858483e-02  1.15753533e-02 -2.18877986e-01 -1.46266237e-01
    -1.42932892e-01 -1.87613174e-01  5.51819652e-02 -3.85581516e-05
    -4.67282161e-02 -1.32335359e-02  5.54567538e-02 -4.76876125e-02
    -2.42174909e-01 -9.76813957e-03 -1.21490806e-02 -8.11091810e-02
     1.88562758e-02  2.25064591e-01  6.34065941e-02 -1.80976372e-02
     4.01822962e-02 -2.11630501e-02  7.15232119e-02  2.94172913e-02
     1.72453318e-02 -6.17744140e-02  4.09771837e-02 -3.31870280e-02]
   [-4.87199500e-02  3.71508673e-02  1.67253390e-01 -1.31049380e-01
    -4.45482954e-02 -1.04748219e-01 -1.35032952e-01 -6.25376105e-02
    -1.73033252e-01 -2.33531013e-01 -6.59716725e-02  5.63050583e-02
    -5.78726828e-02 -3.97393629e-02  2.03430176e-01 -8.50935131e-02
    -4.57315706e-02  1.16107553e-01 -7.13569522e-02 -3.14769857e-02
    -7.36147836e-02  1.30506948e-01 -8.25119987e-02  4.38619144e-02
    -8.87679309e-02  9.04705189e-03  1.19534597e-01  4.64692451e-02
     4.08090875e-02  3.56903970e-02 -1.37569815e-01 -9.71844047e-03]
   [ 8.82497989e-03 -7.57780373e-02 -1.24701209e-01 -9.91671383e-02
     1.44332483e-01 -3.46681029e-02 -6.24518991e-02  2.73608174e-02
     2.70180721e-02  3.01887449e-02 -5.35964258e-02  4.36756909e-02
     9.61516425e-02 -5.08452319e-02  1.12866186e-01  1.15290089e-02
     1.53185753e-02  8.95381719e-02  8.57796222e-02  7.48445764e-02
    -4.30495851e-02 -7.89575353e-02 -1.45012885e-01  3.56499874e-03
     5.16068237e-03  1.34441014e-02 -2.68034777e-03 -1.03495888e-01
    -1.49512163e-03 -1.27141640e-01  1.42844990e-01  1.32949412e-01]]

  [[ 1.45311877e-01 -1.90705135e-02 -1.39026240e-01 -8.54113698e-02
    -2.30838805e-02  2.80518681e-02 -2.03574053e-03  5.61365895e-02
    -1.26795899e-02  1.71061203e-01  2.42574792e-02  2.22028401e-02
     2.75498740e-02 -9.13810655e-02 -1.40334247e-03  3.75600047e-02
     1.01878397e-01  3.54947075e-02 -1.26851454e-01 -5.91124035e-02
    -4.72580753e-02 -4.92077358e-02 -1.07974425e-01 -1.13208182e-01
    -9.00956243e-02 -1.03801461e-02  3.64159420e-02  2.60818899e-02
    -4.23333459e-02 -9.50036347e-02  4.00308669e-02  4.15398963e-02]
   [ 4.73263524e-02  2.44268160e-02 -6.68441057e-02  1.35522246e-01
     5.92611879e-02 -5.51008321e-02  6.34033307e-02  5.63982353e-02
    -3.92573923e-02  6.10767193e-02  2.40109917e-02  8.47297385e-02
    -1.04782373e-01 -8.71234387e-02 -1.94826629e-02  1.65986389e-01
     2.08035950e-02 -3.15817595e-02  5.58997244e-02  1.59507051e-01
     5.95910624e-02  4.28641625e-02 -2.66663730e-02 -9.20490548e-03
     5.61488466e-03 -7.82896876e-02 -9.21445936e-02 -1.77189484e-02
    -2.31839735e-02 -6.85766116e-02 -3.90474987e-03  1.41714945e-01]
   [ 2.93224193e-02 -5.98656237e-02  1.56368434e-01 -1.16804307e-02
    -9.83707905e-02 -1.13185612e-04 -1.09591551e-01  6.16214983e-03
    -4.25467081e-03 -8.39860924e-03 -1.87374562e-01  1.81928843e-01
    -1.72445495e-02  2.05173373e-01 -1.35219976e-01  1.80093739e-02
    -1.11073330e-01  4.58272547e-02  8.36631656e-02 -1.07616767e-01
     7.77266398e-02  7.32561722e-02 -8.83238483e-03  1.43202990e-01
     1.69700727e-01  1.35935754e-01 -4.18279786e-04  1.23186424e-01
     6.53885826e-02 -2.45533548e-02  4.71841916e-02  2.81169731e-03]
   [ 1.82335763e-32  1.49611058e-32  1.71828210e-32 -2.87038088e-32
    -4.78193188e-32  4.47833137e-32 -4.43405756e-32  3.89210676e-32
     4.63824563e-32 -1.18959852e-32  3.38237156e-32 -2.38024220e-32
    -4.03206574e-33  1.42521064e-32 -4.09939182e-33  4.10353294e-32
    -2.83516748e-33  5.06830846e-32  3.26924198e-32  2.52040154e-32
     9.31255130e-33 -4.01256819e-32 -5.47005305e-32  2.63711578e-33
    -3.26149019e-32 -5.08643047e-32  1.09201258e-32  9.33516414e-33
     4.38350513e-32 -2.97143225e-32 -1.26459800e-32 -2.05995526e-32]
   [ 2.05306664e-01 -4.43720892e-02 -1.98726997e-01  1.02158217e-02
     2.67811269e-02  9.92592983e-03 -6.14565276e-02  6.99920505e-02
     3.68621014e-02  8.25835168e-02 -1.28964067e-01  1.42489940e-01
    -2.92114001e-02 -1.71311349e-01  1.14963524e-01  1.42061971e-02
     4.10028473e-02  7.31297359e-02  1.93684828e-02  7.52153667e-03
     7.55028576e-02  3.59687321e-02 -5.80261927e-04  6.09882660e-02
     9.80169699e-03  1.00053183e-03  4.83656041e-02  9.75571349e-02
    -1.11113086e-01 -1.21776119e-01  2.16209013e-02 -2.39799311e-03]
   [-7.33974725e-02 -1.26468495e-01 -1.44023120e-01  6.30960017e-02
     1.89129692e-02 -8.92133117e-02  8.02800357e-02  4.22417372e-03
    -2.65319198e-02 -9.96135026e-02 -6.49953932e-02  1.22651551e-02
     2.50371583e-02 -8.89776126e-02 -2.63016056e-02  5.48766069e-02
    -1.03726454e-01 -2.49424856e-02 -6.33454770e-02  6.63125981e-03
     2.86074616e-02  7.30169788e-02 -2.62459051e-02  1.57763407e-01
     6.99785426e-02 -6.20664619e-02 -1.20836213e-01  2.88521964e-02
     1.89972352e-02 -7.43608475e-02 -6.76090717e-02  1.30310997e-01]
   [-2.76979338e-02  1.90924481e-02  1.66014031e-01  3.50002348e-02
    -6.21305443e-02 -3.51698369e-01 -1.03233151e-01 -1.38102502e-01
    -1.07224938e-02 -2.64517367e-02  3.49847674e-02  1.78341940e-01
     2.04683229e-01  1.98989049e-01 -4.95118946e-02  1.32553414e-01
    -1.55700028e-01  5.18594272e-02  1.35878295e-01  1.67222675e-02
     2.14708909e-01 -2.49485999e-01  3.90404649e-02  2.12447215e-02
    -1.96497634e-01  6.79393858e-02  5.81124760e-02  3.12407792e-01
    -5.58319464e-02 -1.60445616e-01 -8.12857673e-02  3.78355235e-02]
   [ 4.23628138e-03 -9.50926915e-02 -1.25852793e-01 -4.39278334e-02
     4.00963575e-02 -2.13366896e-02  2.19686441e-02 -4.78304997e-02
    -2.62235906e-02  1.42870486e-01  4.56397086e-02  1.61120653e-01
    -4.65961099e-02 -5.80189452e-02 -4.10271809e-02  1.25638589e-01
     6.71062153e-04 -4.82736528e-03  1.06464222e-01  5.26669435e-02
     8.91043544e-02 -5.28136790e-02  1.37488628e-02  1.41449319e-02
     2.39352807e-02  5.29148951e-02  5.71947694e-02 -1.94610446e-03
    -7.21256509e-02 -1.21103987e-01 -9.24611697e-04 -2.59355083e-02]
   [-1.30426794e-01 -4.29202281e-02 -2.13131253e-02 -4.53046747e-02
    -9.71129611e-02  3.99036668e-02 -1.85768511e-02 -5.68218268e-02
     2.66217310e-02 -2.29852665e-02 -4.24493179e-02  8.25177655e-02
     8.95162597e-02  2.30880573e-01 -9.92487073e-02 -6.36635795e-02
     9.71642602e-03 -3.69333997e-02  5.47266975e-02 -1.62417725e-01
    -2.08713949e-01  9.39553455e-02 -1.73895091e-01  1.03684016e-01
     5.47209457e-02  5.49174659e-02  5.50489000e-04 -4.09789495e-02
     1.63082853e-02  1.37179056e-02  4.65272255e-02 -5.95688745e-02]
   [ 6.84083551e-02 -5.91815338e-02 -1.10817365e-01  8.26494843e-02
     7.09711313e-02  2.19095461e-02 -2.15100218e-02  4.78414744e-02
    -1.30162150e-01  5.45629077e-02 -1.74350291e-02  9.57817137e-02
     8.73887837e-02 -2.75921170e-02 -1.17010184e-01  1.79380506e-01
     8.57635736e-02  9.09099802e-02 -2.85394248e-02  2.68555377e-02
     1.13701627e-01  7.24577233e-02 -1.47854537e-01  7.30281770e-02
    -1.91419944e-02 -2.52792500e-02 -3.21656428e-02  5.73943369e-02
    -1.11297876e-01 -1.51354045e-01 -8.83873254e-02  5.93664423e-02]
   [ 7.25455433e-02  9.41866115e-02 -2.33183846e-01 -3.53887305e-02
     1.53993601e-02 -2.10277177e-02  1.80621147e-01  8.04999620e-02
     4.39735651e-02  3.48822773e-02 -4.94190902e-02  4.09321710e-02
     7.21710250e-02 -1.86936975e-01  2.89286114e-02  2.07463931e-03
    -7.17184544e-02 -4.37142327e-02 -1.46724820e-01  6.33221120e-02
     2.66304817e-02  5.07089496e-03  1.32034644e-02 -1.03924587e-01
     4.06528357e-03 -1.19893767e-01 -2.26698630e-02 -1.02847897e-01
    -4.24924083e-02  8.67691860e-02 -8.44550729e-02  5.15102409e-02]
   [ 7.41975158e-02 -1.03532828e-01 -9.39324275e-02 -1.24390852e-02
     8.53292271e-02 -3.31627280e-02  9.93588790e-02  8.60397667e-02
     2.16243081e-02  6.96055666e-02  4.46349420e-02 -7.76394596e-03
     2.66432613e-02 -1.81009665e-01 -6.89610187e-03 -1.25169400e-02
     8.50767195e-02  5.99072315e-02 -1.09934270e-01  6.61617592e-02
     6.71899458e-03 -5.80248609e-02 -1.96221501e-01  6.33726791e-02
     1.48561865e-01  5.50087020e-02  4.22898214e-03 -1.34760574e-01
     3.10284887e-02  1.10256877e-02  6.97751269e-02 -6.12668283e-02]
   [ 6.22274391e-02 -9.59619731e-02 -8.97610262e-02  3.96319032e-02
     1.04527976e-02 -8.43228847e-02  1.25874905e-02 -1.83362570e-02
    -8.24960619e-02 -3.82664353e-02 -2.76957429e-03  5.78677654e-02
     4.57749330e-02 -1.46849215e-01  3.39153148e-02 -8.51718057e-03
    -6.48750365e-02 -1.38273984e-02  6.69981465e-02  8.05569664e-02
    -1.27202934e-02  8.96569118e-02 -9.08487514e-02 -1.80401634e-02
     2.38495078e-02  3.15692835e-02  2.48766912e-04  1.13548324e-01
     1.52231567e-02 -1.04322715e-03 -6.29826486e-02  4.67557367e-03]
   [-9.06993169e-03 -2.76704691e-02  4.30773497e-02  1.05936294e-02
    -1.65258706e-01 -8.72305930e-02 -2.68464889e-02  2.27968674e-02
    -1.93221182e-01  2.43893843e-02 -1.77253932e-01  4.98771854e-02
    -3.44644599e-02  7.00280815e-02 -1.47680476e-01  1.73857193e-02
    -1.90802872e-01  1.72539324e-01 -1.40176922e-01  1.50314253e-02
     3.62126790e-02  7.55522698e-02 -6.18583560e-02  9.92155895e-02
     1.75340891e-01 -4.02874239e-02 -7.86847994e-02  1.11597916e-02
     8.39542001e-02  4.63607013e-02 -4.96681593e-02 -5.94418645e-02]
   [-1.44928992e-01  6.09077960e-02  2.21234992e-01 -6.18363731e-02
    -4.86867242e-02 -6.25476614e-02 -8.52711126e-02 -2.10542023e-01
     3.30318371e-03 -1.15191467e-01 -2.10597336e-01 -2.67528482e-02
     1.24768011e-01  2.99055688e-02  3.94954868e-02 -7.15772733e-02
    -9.38034430e-02  2.24476174e-01  3.35085802e-02  5.17655313e-02
    -6.17842562e-02 -2.56662518e-02 -1.17403045e-01 -4.98895161e-02
    -1.83662698e-01 -2.87249144e-02 -2.49194473e-01  7.02397376e-02
     9.83360484e-02 -4.94218804e-02 -6.32209107e-02 -7.42194876e-02]
   [-6.30317330e-02  3.32635008e-02 -1.36962488e-01 -1.29531836e-04
     5.66793382e-02  1.21413143e-02  5.41386046e-02  5.54737030e-03
    -9.23376530e-02  1.38117466e-02 -1.33643419e-01  7.87514821e-02
    -4.76602539e-02 -4.94810194e-02  8.96725580e-02 -1.69249624e-01
    -9.64487195e-02 -5.03985770e-02  1.55184660e-02 -2.22754367e-02
     3.47576663e-03  9.56920758e-02  2.72511058e-02  6.19216710e-02
     8.24227780e-02 -9.06282067e-02 -6.36497587e-02 -6.79762289e-02
    -7.04797078e-03  1.28642976e-01  1.01461388e-01 -4.19980250e-02]]

  [[ 1.88323408e-02 -2.13356130e-02 -1.16012201e-01 -5.50611056e-02
     2.04421468e-02  1.59490444e-02 -1.05504230e-01 -4.17033546e-02
     1.28345206e-01 -1.42271042e-01  5.32097816e-02  1.47637293e-01
     1.02386557e-01 -2.30963007e-01  1.56154320e-01  5.84648103e-02
     1.69472061e-02  2.70872395e-02 -2.49114215e-01  2.53899302e-02
    -5.28340526e-02  3.44170816e-02 -6.74324781e-02 -1.21847175e-01
    -9.28167105e-02  3.49777900e-02  1.65892452e-01  4.29841317e-02
     5.99084646e-02 -1.01860538e-01  1.15279205e-01  4.75172810e-02]
   [ 1.21962346e-01  2.75158770e-02 -4.30384539e-02 -3.29182185e-02
     3.91099863e-02  4.41827886e-02 -1.72571801e-02 -2.50482969e-02
    -8.83940533e-02  7.45877102e-02 -4.71843109e-02 -5.04814610e-02
     4.87823300e-02 -1.38901293e-01  1.95543274e-01  7.58850947e-02
    -1.67234212e-01 -7.20984638e-02  6.51869108e-04  6.51618093e-02
    -5.42174689e-02  5.80337532e-02  6.76483586e-02  9.41632763e-02
     1.02529623e-01 -4.75223064e-02  1.84416443e-01  3.87988798e-02
     3.26596200e-02 -4.91802990e-02 -4.78436537e-02  7.19276741e-02]
   [ 1.94907576e-01 -1.26452520e-01  4.28541563e-02 -2.45640576e-02
     2.55226642e-02 -3.84859331e-02 -5.84732220e-02  8.32944065e-02
     8.08823295e-03  8.06914568e-02 -1.69168990e-02  8.34656358e-02
    -1.47452876e-01  7.50306025e-02 -1.55474082e-01  1.58514455e-01
    -2.73391027e-02 -1.47303835e-01 -2.85864081e-02 -1.41712472e-01
     2.19144061e-01 -6.52068332e-02  3.76964286e-02  1.92377180e-01
    -7.39014009e-03  1.11535467e-01  1.24459833e-01  1.88826278e-01
     3.01197693e-02 -3.14417109e-02  3.92831303e-02  1.18522838e-01]
   [ 3.60949206e-32 -2.12497875e-32  5.05604335e-32 -2.68472918e-32
     4.46945492e-32 -8.69820269e-34 -1.11985446e-32  4.19224375e-33
    -1.18846417e-32  2.87382273e-32  3.93433037e-33  1.53390684e-32
    -3.37009058e-32  4.94986683e-32  3.85277619e-32  4.51781329e-32
     8.04521778e-33  2.82911192e-32  5.32874159e-32 -3.42076849e-32
    -1.81006294e-34  2.80836826e-32  5.58887907e-32  2.26893773e-32
     1.94538820e-32  5.78759228e-32 -6.23917945e-33  1.70537987e-32
     3.74873303e-33 -1.49569211e-32 -5.29274854e-32 -8.05118856e-33]
   [ 1.20967571e-02  6.27883822e-02 -6.52698576e-02  4.59368713e-02
     1.28653109e-01  8.95072594e-02 -5.03559560e-02 -2.87196338e-02
     6.94014728e-02  7.19027547e-03  3.04462798e-02  1.72445968e-01
     8.23491439e-03 -1.66261226e-01 -4.50934237e-03  3.96464877e-02
     5.13637066e-02 -2.90838424e-02 -3.51349823e-02 -6.51569366e-02
     6.85197674e-03  3.61337699e-02  5.11817485e-02 -6.83204606e-02
    -4.00471836e-02 -6.44957349e-02  7.03247339e-02  1.11035980e-01
     9.35321227e-02 -4.56602685e-02  9.40532312e-02  1.10945823e-02]
   [-4.29008678e-02  7.30455965e-02 -7.30194002e-02  6.73111379e-02
     8.25380310e-02 -2.37733107e-02  1.79905787e-01  5.72132766e-02
    -1.49929732e-01 -2.58914586e-02  6.03756048e-02 -1.65251315e-01
    -5.93196824e-02  2.67252307e-02  1.60671026e-01 -1.23173501e-02
    -1.55448809e-01 -2.52687186e-01  4.06171521e-03  7.16730207e-02
     9.19349045e-02 -4.70926240e-02  2.48150583e-02  5.88296615e-02
     9.44727212e-02 -9.59391147e-02  8.30471218e-02  2.87425555e-02
    -7.12658465e-02 -7.40087107e-02  4.52346401e-04  1.39284223e-01]
   [-1.35760486e-01 -1.07391112e-01 -2.56773978e-02  2.04540249e-02
     3.40752006e-02  1.47233102e-02 -8.90955105e-02  4.44684438e-02
     9.49220210e-02  5.85064106e-02 -4.27829847e-02  9.10693184e-02
     5.98301142e-02 -7.45899901e-02  4.56135124e-02  1.65657446e-01
     2.77694408e-02  8.81189015e-03  1.92316592e-01 -2.34221220e-02
     1.91068113e-01 -4.60864529e-02 -1.60493731e-01  6.97449297e-02
     1.24129944e-01  1.39130494e-02  1.73970506e-01  2.37374291e-01
    -6.56176638e-03 -1.20445400e-01  9.68190003e-03  5.04873097e-02]
   [ 4.18144800e-02 -9.07498077e-02 -1.17202751e-01 -7.52451494e-02
     5.30257002e-02 -8.03186148e-02 -2.75510456e-02 -5.96939921e-02
    -1.37856364e-01  2.43149661e-02  2.20237877e-02  1.03393747e-02
     6.22078292e-02  2.39313450e-02 -6.29920065e-02  9.36478451e-02
    -8.52755830e-02 -1.47850707e-01 -3.63249853e-02  3.66200577e-03
    -4.44056988e-02 -5.72438464e-02 -4.10191044e-02 -2.80964747e-02
    -7.05167055e-02 -1.27775837e-02  6.69516474e-02  3.04956585e-02
     1.11328006e-01 -1.09942265e-01  5.75833470e-02  1.18651830e-01]
   [ 7.53615238e-03 -6.34134337e-02 -1.22264013e-01  1.57263614e-02
     5.31340092e-02 -1.14297040e-01  4.34933193e-02  2.86704581e-02
     1.33111909e-01  1.64056122e-01 -1.70595437e-01 -3.75059992e-03
     2.65429653e-02  2.01861456e-01 -1.17561538e-02  2.26395298e-02
     6.12499677e-02 -1.50360674e-01 -5.76239731e-03  2.93249171e-02
     4.55684364e-02  4.15705927e-02 -1.86049968e-01  2.45669559e-02
     7.91962296e-02  1.13696821e-01  1.71852872e-01  5.97577915e-03
     1.44779682e-02 -1.04384989e-01  1.18989110e-01  1.81781556e-02]
   [ 1.89919353e-01 -7.12906495e-02 -7.81273916e-02 -3.08421031e-02
     5.35908826e-02 -7.43792132e-02  5.95484227e-02  5.36836870e-02
    -2.81337537e-02  6.45984486e-02  9.92997214e-02  1.26374945e-01
    -1.71981053e-04 -1.20119818e-01  6.23168238e-02  1.74076259e-02
    -2.09010229e-01 -1.36949301e-01  7.69554749e-02  4.39107511e-03
     1.02494091e-01  7.95235336e-02  1.38354301e-01  6.96951523e-02
     1.21231005e-01 -4.82333265e-02  3.35302725e-02  2.23054942e-02
     9.26031247e-02 -1.78419556e-02 -9.84568615e-03 -6.10588491e-03]
   [-3.51726301e-02  1.61856517e-01 -1.29666105e-02 -1.40469521e-01
    -1.98002197e-02  7.49525428e-02  1.30033433e-01  2.13233680e-02
     3.34056467e-02  4.41597216e-02 -4.26062942e-02 -1.40215993e-01
     3.75273153e-02 -1.22638740e-01  9.48029906e-02 -1.29934520e-01
    -1.79517493e-01 -2.12579012e-01 -5.92669286e-02 -1.20433811e-02
     2.23274603e-02  4.80367169e-02  1.98643535e-01 -3.36577557e-02
     1.02886394e-01 -1.76844418e-01  4.81486283e-02 -5.31109534e-02
     9.25105140e-02  8.90563577e-02  3.24964933e-02  8.70722830e-02]
   [ 7.98035413e-02  1.35227680e-01 -1.19360544e-01 -4.49082442e-03
    -1.55411744e-02  3.72156911e-02  1.11919016e-01 -8.67082998e-02
     3.70636880e-02  8.33836570e-02 -3.66432555e-02  8.55145790e-03
     2.46051699e-02 -4.94159684e-02  9.76373479e-02  2.77617760e-02
    -7.22775087e-02 -1.38481215e-01  7.44647682e-02  3.48412320e-02
     7.08371475e-02  3.65401097e-02  1.01592571e-01  3.23075391e-02
     8.27109963e-02 -3.86684649e-02  5.37377819e-02 -6.05790988e-02
     2.25858819e-02  1.12145245e-01  8.32492188e-02  1.35012805e-01]
   [-1.49436723e-02  1.20005772e-01 -3.24109197e-02  6.45611510e-02
     1.40675157e-01  1.49161192e-02  8.66782144e-02 -5.66155184e-03
    -1.14828654e-01  2.62376107e-02  6.06028847e-02 -2.05570459e-03
     1.36232041e-02 -7.11376742e-02  2.06646812e-03  8.74123499e-02
    -1.55148044e-01 -2.02171221e-01  8.18085019e-03  8.69350284e-02
     1.61087796e-01  1.12054966e-01  1.28465891e-01 -2.80600153e-02
     1.50567163e-02 -7.34024867e-02 -9.19989031e-03  6.25234214e-04
     7.18187988e-02  2.85541452e-02 -4.84299026e-02  1.37755543e-01]
   [ 1.44405708e-01 -7.44102001e-02  9.12906453e-02 -8.57203603e-02
    -4.86467071e-02  1.53886788e-02  9.71871018e-02 -2.95506120e-02
     3.09270564e-02  4.36322615e-02  3.78118642e-02  1.29085422e-01
    -1.45406142e-01  1.39843434e-01 -1.57325894e-01  8.32414180e-02
    -2.22478181e-01 -1.18336007e-02 -1.00342594e-01 -6.32610098e-02
     4.39512869e-03 -6.63765445e-02 -1.61552578e-01  5.94259612e-02
    -3.95862125e-02  1.01068489e-01  3.38327289e-02  5.33085205e-02
    -2.20900178e-02 -1.20920492e-02 -6.82634022e-03  1.15087353e-01]
   [-1.48019865e-01 -1.18695833e-01  1.30377591e-01 -7.27622882e-02
    -9.50515717e-02 -3.80792283e-02  1.27202123e-01 -1.05637319e-01
    -8.70881230e-02 -1.94294080e-01 -8.65627155e-02  1.80718422e-01
     4.33390290e-02  1.16073951e-01 -9.36911479e-02 -6.91020265e-02
    -1.00431941e-01  2.89175566e-02  3.67744341e-02 -1.75057277e-01
     5.60366288e-02 -1.47784069e-01 -2.20241681e-01 -1.95650887e-02
    -3.97344604e-02  1.29046857e-01 -1.63475722e-01  1.42118027e-02
    -3.10725123e-02  1.08548753e-01 -1.86798703e-02 -1.61472961e-01]
   [-1.24336258e-02  2.25133151e-01  2.03784332e-02  9.95594338e-02
    -4.62497249e-02  3.23925875e-02  1.80495884e-02  1.09862424e-01
    -6.11167513e-02  9.04967785e-02 -2.98245419e-02 -2.40371644e-01
    -8.31148028e-02 -6.26830980e-02  1.25278905e-02 -8.07283744e-02
    -1.45588189e-01 -2.79662669e-01  1.34145317e-03 -9.51533094e-02
    -3.53960544e-02  1.65855661e-01  5.68950698e-02  4.06968035e-02
     1.31759673e-01 -1.12041369e-01 -9.73369777e-02 -1.42674088e-01
    -3.76483090e-02  1.34588972e-01  6.32436574e-02  3.24482433e-02]]]]

Bias shape : (32,)
[-0.09770223 -0.03616716 -0.01328499 -0.1044185  -0.00973673  0.01719327
  0.01051865 -0.01677246  0.01955028 -0.08678853 -0.11267282  0.00321249
 -0.04069982  0.00918741 -0.0159299  -0.1064845   0.01346403 -0.01912449
 -0.07428364 -0.02367998 -0.14768678 -0.1877455  -0.00988272 -0.03490138
 -0.05994382 -0.04050954 -0.05875419 -0.04187818 -0.13611925 -0.01414003
 -0.1166615  -0.03047175]

Layer index: 6
Layer: conv2d_2
Weight shape: (3, 3, 32, 32)
[[[[-5.79190517e-32  1.07128069e-01 -1.09029897e-01 -6.46649441e-03
    -1.12250432e-01 -2.21081376e-02 -4.27829884e-02 -2.33919099e-02
     9.23882425e-03 -4.74843644e-02 -1.86241455e-02 -3.13128233e-02
    -1.63477659e-01 -3.67717221e-02  8.16583168e-03 -5.28715514e-02
     4.21620756e-02  1.02363542e-01 -1.58482641e-01 -6.73605800e-02
    -5.16393445e-02 -4.45886981e-04  1.47717893e-01  2.05707103e-02
    -4.40658256e-02 -3.78912315e-02  3.29647884e-02 -5.18016890e-02
    -5.23209386e-02 -3.14877816e-02 -3.27670015e-02  6.50045425e-02]
   [-4.01894936e-32  2.68216636e-02  2.20844559e-02  5.66507094e-02
    -1.17555419e-02 -7.18166530e-02  9.77726467e-03  5.50561510e-02
     9.99439135e-02 -1.99899226e-02 -2.85222512e-02 -2.43971609e-02
     9.20104533e-02  1.05895486e-03 -2.14058496e-02 -1.49835303e-01
    -1.41068816e-01 -1.44591719e-01  9.84619111e-02  7.93255679e-03
    -1.02894217e-01 -4.46397513e-02  4.87845652e-02 -9.35921669e-02
    -4.90088575e-02 -7.94553906e-02 -1.72571819e-02 -8.79107788e-02
     1.76898073e-02  4.61829938e-02  2.02799905e-02  2.80803125e-02]
   [ 2.75696507e-32  5.38378917e-02 -1.00706749e-01 -1.42710535e-02
    -1.22270519e-02  1.14262797e-01  2.41469312e-02  1.16611540e-01
    -2.24064402e-02 -1.55398818e-02  4.94901091e-03 -2.10982282e-02
     8.46440718e-03  6.12620749e-02 -7.89771602e-02 -1.66471019e-01
     5.17412908e-02 -1.45122275e-01  3.32484506e-02 -5.32958005e-03
    -1.82939693e-01 -8.29552636e-02  7.46383965e-02 -6.31350279e-02
    -9.44265537e-03 -4.23071757e-02  7.73278028e-02  8.33597407e-02
     2.06135549e-02 -2.22482346e-02 -1.87989119e-02  3.16528603e-02]
   [-7.49427240e-33 -1.95778068e-02 -4.82324623e-02 -1.24868684e-01
    -1.15730867e-01  3.32369395e-02  6.20088503e-02  1.26483655e-02
    -1.01420237e-02  1.03393622e-01 -1.24791369e-01  4.13455293e-02
     2.83221230e-02 -6.97460026e-03 -1.40733225e-03 -4.03416790e-02
    -8.96434486e-02  2.70739496e-02  1.05157983e-03 -7.26754889e-02
     3.62396240e-02 -1.11878574e-01 -7.66141787e-02 -8.18558335e-02
    -3.74858938e-02 -1.02107711e-01 -3.47197838e-02 -5.86795956e-02
    -1.58626676e-01  6.68629631e-02 -4.40418832e-02 -6.94919825e-02]
   [ 3.16817180e-32  1.26147717e-01  5.89692406e-02  1.99770965e-02
    -4.63724993e-02 -1.20879244e-02  2.08561439e-02  7.25893825e-02
     1.48796840e-02  3.66015807e-02 -3.81163694e-02  4.34594527e-02
     5.19818487e-03 -7.50582889e-02  2.35660505e-02 -2.15392765e-02
    -1.66461002e-02 -8.91776606e-02 -2.81901993e-02 -1.87113341e-02
    -2.18844898e-02  4.52786013e-02 -1.70710050e-02 -6.42838106e-02
    -4.80971951e-03  7.30182230e-02 -2.24775113e-02  1.83451716e-02
     1.69639778e-03 -6.18200982e-04 -4.20487076e-02  3.79955061e-02]
   [-1.82445055e-32  7.71727785e-03  1.58167899e-01 -1.54501453e-01
    -1.16044678e-01  5.54578705e-03  2.15485513e-01 -2.18828302e-02
    -6.74303398e-02  1.34948209e-01 -1.84565857e-02 -6.73314631e-02
     1.10099383e-01 -7.93128088e-03  6.31292090e-02 -2.03830272e-01
    -8.73379782e-02  9.77231786e-02  3.05654388e-02 -8.15659761e-02
     9.86557528e-02  1.82260931e-01  9.68166888e-02 -6.76810667e-02
     1.44039497e-01  6.10195547e-02 -2.50509799e-01 -3.57236266e-02
    -1.75349727e-01  1.69476345e-01 -5.49469516e-02  1.41790152e-01]
   [-3.98184782e-32 -2.42062341e-02  2.24633459e-02  5.72971441e-03
     7.85114765e-02  4.57921475e-02  1.16615091e-02  3.14273275e-02
    -5.87822087e-02 -1.65357932e-01 -6.72215000e-02  1.62514113e-02
     5.39254211e-02 -2.47704685e-02 -1.77335870e-02  2.14662566e-03
     1.25433624e-01 -3.47246253e-03 -1.18881185e-02 -2.67761741e-02
     4.32746895e-02  4.76126038e-02  2.45807711e-02 -3.03232670e-02
     9.82143655e-02  1.17195018e-01  1.69436075e-02  5.01292571e-02
    -4.95726056e-02  1.52692841e-02  1.18999835e-02  4.73344885e-02]
   [-1.59477232e-32  2.02071920e-01  8.89998823e-02 -4.08236720e-02
    -1.50567427e-01  2.72608246e-03  3.47577445e-02  5.63943908e-02
    -6.86716065e-02  1.03637584e-01 -8.64834115e-02 -2.98831351e-02
     1.31290585e-01  3.22953947e-02 -4.70818691e-02 -4.24830802e-02
    -1.33890197e-01 -4.34312746e-02  6.45841006e-04 -1.03843868e-01
     3.20352949e-02 -1.29195884e-01 -4.10493463e-03 -9.29081365e-02
    -2.07912669e-01 -5.32753440e-03 -4.20516953e-02  5.47999106e-02
    -1.67278230e-01 -8.95252638e-03  1.37581294e-02  4.36388142e-03]
   [-2.15009084e-33  2.54362635e-03  6.30569309e-02  4.21132892e-02
    -9.50030982e-02 -6.86575472e-02 -2.84089451e-03  9.62931290e-02
    -2.00242177e-02  4.48847525e-02 -5.64010441e-02  5.58099188e-02
     2.62572803e-02 -2.79223993e-02 -5.56658022e-02 -2.04622597e-01
     1.21942060e-02  3.68399657e-02 -6.12997217e-04  1.67271867e-02
    -4.17410769e-02 -2.65485477e-02  7.10711405e-02 -4.66318615e-02
    -7.00273514e-02 -4.12252210e-02  1.99583173e-02 -5.87251671e-02
     2.96038110e-02  3.99559513e-02  6.30356893e-02  7.64087364e-02]
   [ 1.61214716e-32  1.20243832e-01 -2.91414186e-02 -3.05263866e-02
    -6.21013455e-02  1.35415986e-01 -1.03938384e-02  7.14559183e-02
     1.62897668e-05  3.61129455e-02 -7.92122856e-02  1.28906414e-01
    -1.78279653e-02  6.41227812e-02  2.41129119e-02  1.43646775e-02
     1.25329122e-02  2.94796601e-02 -3.76091935e-02 -1.94740538e-02
     1.68519318e-02  5.78423031e-02 -6.65726000e-03 -1.03234231e-01
    -3.07300128e-02  2.39940360e-02 -7.23274723e-02  3.05465814e-02
    -6.63324911e-03 -5.12892343e-02 -8.64433274e-02  7.27071101e-03]
   [ 3.23170140e-33 -3.76890227e-02 -7.41561428e-02 -3.04535497e-05
    -9.57099199e-02  5.93636520e-02  7.04101622e-02  3.48278061e-02
     1.04273967e-01  7.39154294e-02 -2.12393980e-02 -2.95677092e-02
     7.49517307e-02  1.34618608e-02 -5.18252291e-02 -3.39779258e-02
    -9.21901464e-02  7.01437593e-02  2.79896539e-02 -4.68407050e-02
    -5.22791520e-02 -1.69756532e-01  8.71391129e-03  7.04400195e-03
    -2.15210155e-01 -1.09581217e-01 -2.56021507e-03  2.78325826e-02
    -9.48377103e-02  3.29303718e-03 -1.08650196e-02 -1.20442457e-01]
   [-5.55158828e-32 -6.94245324e-02 -7.65625611e-02  1.06917113e-01
    -1.40192956e-02 -6.09487155e-03 -1.91212028e-01 -6.55743927e-02
     1.24106117e-01 -1.21353798e-01  2.67861281e-02 -1.76285014e-01
    -5.93222529e-02  1.18831322e-01 -4.62655053e-02 -6.82898015e-02
    -7.98392668e-02 -1.70699030e-01  3.84058952e-02  1.54275984e-01
    -1.41260073e-01 -2.55445708e-02 -1.76452547e-01  1.32517174e-01
     8.66181701e-02 -5.95714897e-02  7.33149871e-02 -6.65049404e-02
    -5.76627851e-02 -1.54216856e-01 -4.46150079e-02 -8.46906081e-02]
   [-2.67458848e-32 -1.94335505e-02  6.75605685e-02  9.33993328e-03
    -6.11953996e-03 -2.71776002e-02 -1.58983171e-02  7.24839717e-02
    -7.59628266e-02 -7.22784922e-02  8.72616284e-03  1.43236220e-01
     9.66923982e-02 -2.74739973e-02  7.02745914e-02  4.53969650e-03
     8.84352848e-02  2.62407288e-02 -4.20576222e-02  1.15444306e-02
    -1.58135053e-02  1.49871567e-02  7.59565309e-02 -3.22227776e-02
    -9.28876400e-02  1.76940430e-02 -4.08974439e-02  4.86842580e-02
    -1.83885975e-03 -7.28258044e-02  2.18099393e-02  6.18016161e-02]
   [ 5.85373147e-32  1.48433760e-01 -7.08755404e-02  3.69991502e-03
    -1.59692362e-01  7.13932514e-03  8.46077502e-03 -1.54936537e-02
    -4.51859422e-02  1.21527009e-01  1.14086941e-02  4.39234525e-02
     5.64231165e-02  5.37578240e-02  2.74719372e-02 -1.40829921e-01
    -8.72971490e-02  1.60765108e-02  5.77536896e-02 -6.99141771e-02
    -5.74661382e-02 -1.40025079e-01  3.41683663e-02 -3.35253589e-02
    -1.81432232e-01 -2.02342309e-03  4.66271751e-02  1.18986610e-02
    -3.49713210e-03 -3.76538523e-02 -1.05633602e-01  1.13083623e-01]
   [ 2.90918189e-32  1.02424234e-01 -5.74890710e-02  4.40194011e-02
     3.57748494e-02 -7.99878761e-02  2.35556047e-02  5.98622523e-02
    -2.96521913e-02  1.41882915e-02  7.48304650e-02 -1.75185595e-03
    -2.17544287e-02 -3.28956321e-02  4.80655953e-03 -6.79958239e-02
     1.06224446e-02  7.43385106e-02 -1.78465098e-01 -1.15829939e-02
     9.70620066e-02  9.38268676e-02  1.02800436e-01  6.96899071e-02
     6.70442209e-02  1.01238601e-01  3.73572148e-02  1.18301567e-02
     5.29369898e-02  6.67493492e-02 -1.58353727e-02  8.18792507e-02]
   [-3.54916040e-32 -3.12765948e-02  9.55088139e-02 -3.41753289e-02
    -7.96097592e-02  6.01317249e-02 -5.40838540e-02  8.93301219e-02
    -9.93085727e-02  2.91065983e-02  4.18985635e-02  7.61868209e-02
    -2.31076442e-02 -4.00698483e-02  3.80786299e-03 -5.45516685e-02
    -1.97550505e-01  8.60274881e-02  1.55281357e-03 -3.30593176e-02
     2.61646267e-02  6.29230589e-02 -5.47178015e-02 -4.74917553e-02
    -1.41224101e-01  9.05607827e-03 -1.12210065e-01 -5.47370128e-02
    -1.50103748e-01  2.52736621e-02 -4.62487265e-02 -1.86648089e-02]
   [ 2.98192354e-33  9.00097787e-02  8.61331224e-02  6.10075600e-04
    -8.97895545e-02 -5.73059171e-02  1.22905068e-01 -1.07587734e-02
    -5.86557202e-02  4.39171121e-03 -1.50022626e-01 -2.66638286e-02
     1.86606139e-01  5.52510098e-02 -3.97052690e-02  3.74098425e-03
    -2.73775868e-02 -8.96714777e-02  4.53699492e-02 -2.79836133e-02
    -2.67534312e-02 -3.12604941e-02  4.63897772e-02 -1.26489639e-01
     1.76378526e-02  6.92337528e-02 -6.84774518e-02  2.84197479e-02
    -4.54049408e-02  1.16130136e-01  7.35185817e-02  6.25871047e-02]
   [ 3.26107347e-32  8.08479935e-02  6.54142946e-02  3.30904834e-02
    -4.10789549e-02  1.95421949e-01  1.12760738e-01  1.26156941e-01
    -1.43335178e-01 -8.18208456e-02  2.41207983e-02  1.57422185e-01
     1.06473975e-01 -1.37851592e-02  1.72093976e-02 -6.04854487e-02
    -5.49330488e-02  2.43143756e-02 -1.42097816e-01 -2.44049698e-01
    -8.82776361e-03 -9.42326933e-02 -3.46678905e-02 -1.91853996e-02
    -6.96342513e-02 -3.21075134e-02  9.33785662e-02  5.63883036e-02
    -8.10931157e-03  2.36586165e-02  5.04975468e-02  1.42351598e-01]
   [ 3.88636153e-32  8.78212154e-02  7.90530145e-02 -8.07240084e-02
     7.70204365e-02 -2.06991568e-01 -2.01032013e-02 -9.86664928e-03
     3.75090130e-02 -1.41459331e-01 -9.72471237e-02 -2.84321066e-02
     1.81733761e-02 -2.22215056e-02  9.66301188e-02 -1.96053530e-03
     1.47204306e-02 -4.16449383e-02  3.83895002e-02 -8.92611127e-03
    -1.09891832e-01  7.82156885e-02 -2.05044728e-02  2.55047567e-02
     4.31347359e-03  1.79961137e-02 -1.42764539e-01 -7.04462379e-02
     3.17964815e-02 -4.40966934e-02  3.85633186e-02 -1.45826312e-02]
   [ 4.01564093e-32 -6.66890368e-02 -7.19692484e-02  9.37933251e-02
    -8.77016783e-03  2.66840179e-02 -2.54887785e-03  6.73883185e-02
    -9.28339213e-02  6.82239681e-02 -4.24612686e-02  1.27350986e-01
     5.57184480e-02 -1.56831909e-02 -3.59494686e-02 -4.39728498e-02
     4.84582372e-02  1.10541917e-01 -5.62558658e-02 -1.03035001e-02
    -1.29761389e-02  1.78526510e-02  3.31024826e-02 -4.54510935e-02
     9.32855811e-03  2.31871177e-02 -6.17528372e-02  4.93331067e-03
     4.74567302e-02  9.47204325e-03 -5.24082743e-02  2.82662231e-02]
   [ 4.99366516e-32 -4.99787293e-02 -9.08832252e-02 -2.52443589e-02
     2.60205544e-03 -6.09024465e-02 -5.61931357e-02 -1.22201309e-01
    -8.08684304e-02  3.36503796e-02  5.98052144e-02  1.27156541e-01
    -1.80335948e-04  8.86927068e-04 -9.84177291e-02 -4.89354022e-02
     3.84948291e-02 -8.71025249e-02 -1.43903002e-01 -2.47804299e-02
    -2.55758408e-02 -5.50144129e-02  6.91807345e-02 -3.66544574e-02
    -7.24672154e-02  6.18667947e-03 -4.10733111e-02 -7.56221339e-02
    -6.85602576e-02  6.85491860e-02 -1.50725832e-02  7.75025263e-02]
   [-5.25457965e-32  1.02492966e-01 -1.15551069e-01 -5.31317517e-02
    -8.07934031e-02  9.53486189e-02 -1.13955298e-02  6.41324148e-02
     6.15593791e-02  1.10435961e-02  1.71416998e-02 -1.12765189e-02
    -1.16986200e-01 -3.36929783e-02 -1.43899379e-04  1.03938775e-02
    -8.36491510e-02  7.86696654e-03  6.51789177e-03 -1.21834688e-01
    -8.76773894e-02 -1.39550984e-01 -1.11920103e-01 -1.62208322e-02
     1.70622710e-02  8.29440076e-03 -3.95821296e-02 -4.81437631e-02
    -1.12087801e-02 -5.17764017e-02 -8.71705413e-02 -1.94451232e-02]
   [ 1.96880184e-32 -1.25561461e-01  7.17240572e-02 -3.80782597e-02
     1.26258908e-02  8.66261497e-02  1.11845672e-01  1.01166330e-01
    -3.11045032e-02  7.94205889e-02  5.17774262e-02 -5.03572524e-02
     3.18034552e-02 -1.26160949e-01 -1.10055795e-02 -8.78232718e-02
    -7.16907578e-03  1.51559442e-01 -7.98289257e-04 -1.62560150e-01
     1.08073112e-02  2.22129840e-02  1.87314898e-02 -5.98022789e-02
     2.35335231e-01  1.22595520e-04 -5.50638400e-02 -2.40872875e-02
    -9.23125744e-02  1.25419781e-01 -9.73031819e-02  2.80869305e-02]
   [-3.81741967e-32 -3.96162011e-02  2.70752925e-02  3.18784527e-02
     1.22891013e-02  7.46761709e-02 -3.66248470e-03  3.46745178e-02
    -3.14669833e-02  1.15463845e-01 -5.81377484e-02  1.33218803e-02
    -2.63407901e-02 -3.74203026e-02  2.42115036e-02 -7.65107051e-02
    -1.50554880e-01  1.05109587e-02 -9.71860141e-02  1.11728646e-01
    -7.98781961e-02  5.69500178e-02 -3.22700366e-02 -5.32111246e-03
    -1.14357732e-01 -4.67672478e-03  2.72595324e-02 -8.23089294e-03
    -1.31197527e-01 -1.50740554e-04  1.83783006e-02 -1.03065729e-01]
   [-2.49775329e-32 -3.45669203e-02  1.21271677e-01 -9.24154222e-02
    -2.37960294e-02 -2.41353661e-02  5.08521451e-03 -8.41359887e-03
    -2.77653914e-02 -3.52394134e-02 -9.42268074e-02  2.91902758e-02
    -1.31471694e-01 -8.07685405e-03 -5.22550642e-02 -6.48792014e-02
     1.03239240e-02 -1.31151691e-01  6.82755038e-02  9.04603153e-02
    -3.80225107e-03  2.69541680e-03  3.20472941e-02  1.44888740e-02
    -6.16412982e-02 -1.61079373e-02 -1.26835960e-03 -3.98227870e-02
    -6.78010061e-02 -4.96891700e-03  2.85735894e-02 -1.09257892e-01]
   [-3.44035987e-32  7.18439147e-02  1.94935279e-03  1.78178202e-03
    -6.64471462e-02  4.87700216e-02  5.25862463e-02  3.06801274e-02
    -7.96040297e-02 -6.34355918e-02 -7.76578533e-03  7.92671293e-02
    -1.43649727e-02 -1.19290641e-03  7.45432898e-02 -4.19829153e-02
     8.90589058e-02  1.03953143e-03 -5.10683060e-02 -3.33211012e-02
    -5.77936601e-03  6.68891147e-02  5.35263382e-02 -3.02884653e-02
    -1.41102418e-01  4.96091284e-02 -2.56308150e-02  3.75227928e-02
    -3.32496241e-02 -3.27849500e-02 -9.90646407e-02  1.13751449e-01]
   [-5.12169295e-32  4.89768758e-03  3.53200287e-02 -3.35771069e-02
     4.28550057e-02  6.77260906e-02 -1.40116096e-01 -1.15659833e-02
     1.35629708e-02  2.16232374e-01  1.49998948e-01  6.66449741e-02
    -2.33073812e-02  1.73227973e-02  4.50942665e-02  7.75494939e-03
     9.14264023e-02  4.56548408e-02 -4.95793261e-02 -3.44390683e-02
     1.29712522e-01  9.51616839e-03  5.07857092e-03  1.32826269e-01
     1.74675956e-01 -5.80768958e-02 -5.23470491e-02  6.99333195e-03
     9.34470668e-02 -9.10656061e-04 -1.39019653e-01  1.62824057e-02]
   [-1.85711459e-32  4.81390208e-02  2.68833265e-02  5.01512876e-03
     9.90885720e-02 -4.06795964e-02  6.32826686e-02 -4.56108637e-02
     1.39299676e-01 -3.08777932e-02  1.07563667e-01 -7.84631744e-02
    -1.62109882e-02 -3.76855052e-04  1.63114190e-01 -7.50499070e-02
    -1.66545657e-03 -1.63868405e-02  5.90542443e-02  7.06727803e-02
    -8.73212516e-02 -1.64261681e-03 -8.73806700e-03 -2.18004547e-03
     4.28998880e-02  9.19547379e-02  2.73508634e-02 -6.19511083e-02
    -2.72610635e-02  8.34634807e-03 -6.32587671e-02  3.60484235e-02]
   [-4.92554908e-32  1.13320827e-01  1.22717153e-02  9.83503554e-03
     9.61051509e-03  7.02219782e-03  8.03665817e-02 -1.31635249e-01
     7.27835596e-02 -1.02707297e-02 -1.34489676e-02 -1.55939767e-02
    -6.90398132e-03 -3.88937630e-02  7.41914287e-02 -7.32859001e-02
    -4.98733148e-02  6.79694815e-03  1.10601738e-01  5.50016761e-03
    -2.30148211e-01 -2.63178069e-02 -1.95498578e-02  2.88303755e-02
    -1.36565790e-01 -3.16399224e-02  7.11597800e-02 -3.93410660e-02
     9.91182216e-03  9.17289220e-03 -9.51868482e-03 -3.59774418e-02]
   [-5.27766166e-32  3.35849375e-02  1.71793457e-02 -1.21281646e-01
    -1.18867271e-01 -9.99665558e-02  1.04683802e-01  1.56006394e-02
    -2.53406204e-02  5.38257994e-02 -1.07479185e-01 -6.46083280e-02
    -1.39533743e-01  6.66749030e-02 -2.83925757e-02 -1.40879497e-01
    -9.91499797e-02 -3.10542304e-02  1.00535683e-01 -1.06382839e-01
    -4.50577363e-02 -1.23871520e-01 -5.33221290e-02 -5.50297350e-02
    -8.91232342e-02 -7.32992142e-02 -7.26693962e-03 -2.10642163e-02
    -2.45595556e-02 -6.85544983e-02  4.28097397e-02  3.94717790e-02]
   [-3.03022343e-32  8.41135830e-02  9.00546685e-02 -3.23392190e-02
     3.78199220e-02 -1.41149715e-01 -6.15614699e-04 -3.34792659e-02
     2.86192205e-02  2.55942214e-02 -4.47648168e-02 -1.43819004e-01
    -1.16974674e-01 -2.03979462e-02  2.38096714e-02  8.09756592e-02
    -1.42535433e-01  4.05604776e-04  4.68118116e-02 -3.17352563e-02
    -9.29486603e-02 -1.08985804e-01 -7.29998574e-02 -6.05048388e-02
    -1.37424454e-01  7.46588856e-02  8.61237496e-02 -1.79524153e-01
    -9.95002761e-02 -1.19621396e-01  6.96643665e-02 -5.43277115e-02]
   [-4.63691173e-32  3.87394391e-02  1.18046433e-01 -5.75614870e-02
    -2.47605145e-02  1.93576813e-02  6.99825818e-03 -6.75296336e-02
     1.08398288e-01 -5.66568635e-02 -8.06903839e-02 -5.96290901e-02
    -7.50302151e-02  6.24871589e-02 -2.57485881e-02  1.36257918e-03
    -1.78394020e-02 -2.85454635e-02 -1.67770740e-02  1.10910632e-01
    -6.75311610e-02  1.05567155e-02 -9.16451141e-02 -6.15144484e-02
     9.62816551e-02  8.85348916e-02  1.40428215e-01 -1.08369412e-02
    -6.61877543e-02  4.70666103e-02 -2.95610353e-02  5.66944033e-02]]

  [[-5.81268203e-32 -2.76646465e-01  2.77380981e-02  3.75266410e-02
     8.03241804e-02 -1.35016292e-01  4.15934399e-02  5.62816933e-02
    -1.56411957e-02  2.01606769e-02  5.55693731e-02  9.26568434e-02
     5.79339154e-02 -1.25699922e-01 -1.05892852e-01 -9.47065558e-03
     4.58633061e-03  1.35232106e-01 -2.55744979e-02 -1.45577744e-01
    -1.05115920e-01  1.75939813e-01  6.92343861e-02 -1.00096971e-01
    -2.28506718e-02  5.97552583e-02 -1.67219356e-01 -2.46150866e-02
    -5.49071692e-02  9.34113562e-02 -7.39812404e-02  1.18331172e-01]
   [-3.95397861e-32 -8.78961980e-02 -6.43582121e-02  1.34793948e-02
     4.79970351e-02 -1.05872117e-01  2.34094150e-02  5.00108749e-02
    -2.32782532e-02  4.63359430e-02 -1.39983505e-01  9.80057381e-03
     4.40880656e-02 -1.11153007e-01 -1.49534598e-01 -3.98005843e-02
     2.16601491e-02 -1.65507257e-01 -7.00943395e-02  8.99066478e-02
    -3.98827419e-02  6.01502247e-02 -3.40666398e-02 -1.66670918e-01
     1.51659744e-02 -1.15233762e-02 -1.20659180e-01  2.10075285e-02
     3.59691307e-02  9.19257849e-02  1.75106283e-02 -5.59115484e-02]
   [ 7.41237350e-34  6.35786876e-02  2.07203943e-02  5.47919944e-02
    -5.66543415e-02  1.77591056e-01  4.42667007e-02 -2.95965355e-02
    -2.62896600e-03  3.62806022e-02 -2.04544798e-01 -2.31186859e-02
     3.12532783e-02  6.78739697e-02  1.69077702e-02 -1.71579383e-02
     2.18795203e-02 -2.80916113e-02 -2.79719643e-02 -8.83383900e-02
     9.57221687e-02  3.85072939e-02 -7.15155452e-02 -3.93203758e-02
    -1.93784405e-02  1.11111209e-01  1.83713203e-03  4.69409674e-02
    -3.15932557e-02  5.75460643e-02 -5.61020635e-02 -2.22386187e-03]
   [-5.51715335e-32  5.62573820e-02  5.26329502e-03 -1.21413041e-02
    -9.70986933e-02  2.27625482e-02 -3.24231386e-03 -4.83905375e-02
     7.47760898e-03  1.87643785e-02  9.36472043e-02  2.53535267e-02
    -1.22392755e-02 -9.16800834e-03  2.85464488e-02  3.86979990e-02
    -3.10106445e-02  1.37732685e-01 -8.17048922e-02 -7.66573995e-02
    -5.85613288e-02 -2.60305516e-02 -2.48116292e-02  5.77039411e-03
    -8.68941024e-02 -8.51681363e-03 -9.05954000e-03 -3.22073959e-02
    -3.60634625e-02  2.20581423e-02 -6.53688535e-02 -8.78822990e-03]
   [ 1.91855034e-32 -4.13571335e-02 -2.66682468e-02  7.89754912e-02
    -4.37734183e-03  3.41569372e-02  1.49638742e-01  3.06383669e-02
     2.07089148e-02  7.62428716e-02 -8.27073306e-02  4.75179479e-02
     4.95845154e-02  4.31667231e-02  4.46740538e-03  1.20761320e-02
     3.54327001e-02  9.10545066e-02 -2.61837617e-02 -4.74729016e-02
    -7.59150740e-03  9.77605283e-02 -8.30298066e-02 -1.04157347e-02
    -1.84488110e-02  7.15140253e-02  1.56476155e-01  1.64962541e-02
    -1.60385668e-02  3.23046520e-02 -1.01321608e-01 -1.94531679e-02]
   [-1.44336365e-32  1.13402225e-01 -1.66226998e-02  8.81602839e-02
    -3.28863919e-01 -1.55502379e-01 -5.80507237e-03  8.72241035e-02
     1.75246410e-02 -5.91736324e-02 -1.00920632e-01 -3.51113675e-04
     2.90606588e-01  1.43832015e-02  7.39680007e-02 -1.25178531e-01
     1.26834512e-01 -4.22336161e-02  4.13978249e-02 -1.25717014e-01
     5.30885570e-02  4.77203354e-02  1.14357300e-01 -8.24237317e-02
    -1.85741279e-02 -4.82555404e-02 -3.13718314e-03  1.22413829e-01
    -1.10044926e-01  2.42397394e-02 -1.88425690e-01  2.34244540e-01]
   [ 2.07526680e-32 -1.39448434e-01  4.13585966e-03  1.26744896e-01
    -3.59168500e-02 -7.40565583e-02 -2.16615591e-02  5.48820086e-02
    -1.72767207e-01 -1.82968881e-02 -1.18485212e-01  2.32634395e-02
     7.39277378e-02 -7.25526214e-02  1.99333839e-02  4.06110212e-02
     7.04540536e-02 -2.48336140e-02  1.54424720e-02 -1.45028368e-01
     1.81383491e-01 -1.81820262e-02 -3.51568311e-02 -5.50451651e-02
    -6.37733787e-02 -4.48709019e-02 -2.51543727e-02  1.55729512e-02
     3.53033058e-02  4.24192026e-02  1.53245199e-02 -1.48297446e-02]
   [-3.42158458e-32  9.58162174e-02  3.79021056e-02  1.07765183e-01
    -5.30851856e-02  7.56272599e-02 -3.60004678e-02  1.71686523e-02
    -8.32996443e-02  5.64428344e-02 -4.27690707e-02  6.35651723e-02
     1.06067173e-01  1.91038489e-01 -1.83233880e-02 -5.31304106e-02
     5.57030328e-02  6.53312877e-02 -8.70404914e-02  7.71080405e-02
    -6.46660104e-02 -3.10586710e-02  6.43674284e-02 -5.89764491e-03
    -1.03152111e-01  6.20841309e-02  2.72859614e-02  1.14532337e-01
     1.54546753e-01  1.18936654e-02  7.23521188e-02  6.56035766e-02]
   [-4.21280131e-32 -5.38544506e-02  7.53251463e-02  1.19088329e-01
     4.34166379e-02 -3.66572738e-02  4.17304337e-02 -2.08278820e-02
     1.17887184e-02  8.76138285e-02 -1.14055239e-02 -1.02938101e-01
     7.36615136e-02 -3.29029337e-02  5.97842154e-04  6.49604872e-02
     1.50688767e-01 -6.03058375e-02 -1.54280752e-01 -3.84317227e-02
     3.43684666e-02  6.90397918e-02 -1.75054017e-02  2.15919334e-02
    -1.17249250e-01  1.00189388e-01  7.24762008e-02  5.53279556e-02
    -3.77191417e-02  9.05172601e-02  1.36506734e-02  6.17271550e-02]
   [-3.40225622e-32 -4.57838438e-02  1.32585852e-03 -1.59446225e-02
     7.42980093e-02  1.04997875e-02 -5.65110445e-02 -1.31417349e-01
    -2.11989158e-03 -4.20519039e-02  9.79323015e-02  5.87676242e-02
     3.05791311e-02  3.74755561e-02  7.98220187e-03  3.20092030e-02
    -7.47582167e-02  1.78671069e-02  9.19034518e-03  2.12326404e-02
    -6.99637458e-02  4.69534472e-02 -6.90316781e-03 -5.21317637e-03
    -6.35065511e-02 -8.60569905e-03  4.74534258e-02 -3.80971958e-03
     4.05179113e-02 -2.54846960e-02  8.63068923e-03  1.83177157e-03]
   [ 3.34221873e-32  8.28125775e-02  1.65115879e-03 -3.92891429e-02
    -3.80721875e-02  3.28773260e-02 -4.05663326e-02 -4.49190363e-02
     2.07720976e-02 -1.48493294e-02  1.32073313e-01 -1.47479922e-02
     1.00655034e-01 -9.04527381e-02 -2.07534079e-02 -1.03468830e-02
    -6.57345876e-02  2.70042615e-03 -8.25999770e-03  7.18312785e-02
    -5.83385788e-02 -9.60318893e-02 -1.83135178e-02  2.59466451e-02
    -1.12109892e-01  2.15675887e-02  2.85273846e-02  1.46552711e-03
    -5.01911249e-03  1.42792733e-02 -2.86367219e-02 -3.39932442e-02]
   [-3.15731347e-32  4.28026728e-03  2.28782278e-02  2.73432359e-02
     4.38977443e-02 -2.69409046e-02 -4.29624319e-02 -6.95412233e-02
     1.26247212e-01 -1.90053657e-01 -1.47754416e-01 -4.07855064e-02
    -6.81738183e-03  5.69565892e-02  5.57078272e-02 -2.38294937e-02
     7.53940120e-02 -7.34425038e-02  5.81533052e-02  1.10011511e-01
     7.48329908e-02 -3.68994921e-02 -1.40190780e-01  4.11474518e-02
     1.91712976e-02  8.87815505e-02  1.14792073e-02 -1.24916337e-01
     1.67615451e-02 -2.84249447e-02  2.05974523e-02 -4.65124138e-02]
   [ 2.66407398e-32  3.17281969e-02  1.14560686e-02  2.41780020e-02
    -4.44186255e-02 -9.15525109e-02  1.31653979e-01  5.07058091e-02
    -1.04895622e-01  4.57048714e-02  3.22967842e-02  6.85201660e-02
     1.52750865e-01  4.43467200e-02  3.35166864e-02 -8.83519873e-02
     7.39635527e-02 -1.08179012e-02  8.06679651e-02  1.78136919e-02
     7.25493580e-02 -2.60249134e-02  4.46358509e-02  1.10927165e-01
    -8.73433575e-02  2.55575515e-02  1.78632021e-01  9.83244181e-02
     4.46257181e-02  9.89961401e-02  3.37129124e-02  7.53962025e-02]
   [-4.91144080e-32  5.60250394e-02 -3.18186022e-02 -3.34353074e-02
    -8.57877582e-02  1.02855019e-01  4.19792011e-02  1.22127915e-02
     4.89614084e-02  7.75550902e-02 -8.48749280e-02 -3.69010270e-02
     2.02918798e-02  1.59887344e-01  3.46547849e-02 -1.41453082e-02
     3.83853987e-02  7.48751760e-02  2.07163170e-02 -7.69480458e-03
    -8.48536193e-02  9.81233362e-03  3.90904397e-02  7.78219774e-02
    -1.48320571e-01  1.12415187e-01  5.14312610e-02  1.63646862e-01
    -5.15233912e-02  3.89622711e-02 -2.20690994e-03  3.74688245e-02]
   [-6.63799603e-33 -1.54068038e-01  8.68213251e-02 -3.34098414e-02
    -8.82109404e-02 -1.19643547e-01  1.06676966e-01  7.93279260e-02
    -6.02005012e-02 -7.74515048e-02  1.27724782e-02  1.45173803e-01
     7.65429735e-02 -6.71075732e-02 -5.24101965e-02 -8.81187432e-03
     2.46469900e-02 -3.90790664e-02  8.32657591e-02 -2.11096823e-01
     5.58663532e-02  1.06919833e-01  1.01645797e-01 -9.10523906e-02
     6.27976805e-02  6.84224144e-02 -6.65899972e-03  3.13743353e-02
     5.35562187e-02  5.06804548e-02 -1.01082705e-01  1.10395383e-02]
   [ 2.09084886e-33  5.16115688e-02 -2.60013584e-02 -6.01365119e-02
    -5.39371595e-02  1.29597867e-02  4.50467877e-02  6.58500986e-03
    -4.51312400e-02  8.33956674e-02  1.37655541e-01  1.17507301e-01
     2.12977063e-02 -1.03558704e-01  1.29294135e-02 -7.11337030e-02
    -6.38324544e-02 -7.95983709e-03  5.45570534e-03 -1.09847644e-02
    -5.11515141e-02  9.93747935e-02  8.29324313e-03  5.84131144e-02
    -1.21694066e-01 -5.31016253e-02 -3.92075107e-02 -8.68277922e-02
     4.82644029e-02  2.35848594e-02 -1.35495096e-01  1.84010565e-02]
   [ 5.64373881e-32 -8.90606344e-02  6.73685074e-02  1.36023490e-02
    -1.08070262e-02  1.53557668e-02  7.07100183e-02 -6.90638721e-02
     1.04089856e-01  2.78057735e-02 -7.10338503e-02  4.56100702e-03
     5.56338802e-02  5.55741638e-02 -1.49237677e-01  6.28965795e-02
     1.18664645e-01 -1.38275567e-02 -1.86724693e-01 -2.68769376e-02
     4.80487756e-02  1.31354844e-02 -1.13487028e-01 -7.83325955e-02
    -6.13698922e-02 -3.17235887e-02  1.12109505e-01  1.77011117e-02
    -1.44437067e-02  1.02113292e-01 -3.21166292e-02  5.19801453e-02]
   [-4.82939276e-32  7.91423172e-02  1.13494635e-01  5.64576089e-02
    -1.47742718e-01  1.60776079e-01 -5.58281802e-02 -5.92165180e-02
    -2.07647327e-02 -9.56636518e-02 -3.28058675e-02  1.18852584e-02
     5.07941172e-02 -1.08762547e-01  6.90881303e-03  4.91742752e-02
     5.14983647e-02 -6.77498579e-02  2.90626884e-02 -3.00208144e-02
     5.46977855e-02 -8.61291289e-02 -1.03382513e-01 -2.53551267e-02
     7.15642348e-02  6.50209561e-02  2.07769293e-02 -2.73955390e-02
    -9.69659463e-02  7.19989836e-02 -7.26965368e-02  1.26845213e-02]
   [ 1.87052948e-32  1.24090120e-01  1.16791874e-02 -7.42318630e-02
    -5.28548658e-02 -4.77986969e-02  1.23825828e-02 -1.14823887e-02
     3.26775014e-02 -2.94426735e-02 -1.51107401e-01 -7.31564313e-02
     4.02914137e-02 -1.21938428e-02  6.69643283e-02  2.03850903e-02
     3.04260403e-02 -9.99450088e-02  9.18083936e-02  1.05503388e-01
    -9.20043364e-02 -5.58005236e-02 -6.09245449e-02 -4.40957062e-02
    -2.58952886e-01 -3.38163152e-02  8.26294124e-02  7.86015913e-02
     1.36332186e-02 -7.61183798e-02  8.56825858e-02 -7.38507882e-02]
   [-3.73068699e-33  6.24997215e-03 -1.07413875e-02  5.03720827e-02
     3.18812095e-02 -1.93072688e-02 -1.26856834e-01  2.69056801e-02
    -2.32419427e-02  1.25450775e-01 -9.36700217e-03  1.45370979e-02
     9.20480117e-02 -8.83905217e-03 -3.50557715e-02  1.83478221e-02
     1.19205810e-01  1.32871285e-01 -6.38746331e-03 -7.26914108e-02
    -3.32222544e-02  5.83430454e-02 -2.75674649e-02 -3.73698995e-02
    -2.75003761e-02 -5.72062917e-02 -2.52931081e-02 -7.38886520e-02
    -1.49972560e-02  2.34977081e-02 -5.98562807e-02 -3.67756933e-02]
   [ 5.67792630e-32 -3.16056274e-02 -2.24705357e-02  5.04123643e-02
    -8.56781453e-02 -2.48247366e-02 -4.58407663e-02 -4.00646701e-02
    -7.83055127e-02  8.18874463e-02 -4.19103801e-02  7.91219901e-03
    -7.67829418e-02 -7.10539818e-02 -1.22841820e-01 -3.26005481e-02
     1.28290638e-01 -7.57596865e-02 -2.01825500e-02 -4.43328917e-02
    -1.26322016e-01  2.90155923e-03 -2.13381089e-02  5.64932786e-02
    -5.43887028e-03 -1.04191408e-01 -1.18519694e-01  3.33799329e-03
    -1.93328299e-02 -3.44323069e-02 -5.03426418e-02  2.18455233e-02]
   [ 3.84018547e-32  1.47739023e-01  2.67441124e-02 -1.34441871e-02
    -1.90928522e-02 -4.70992848e-02  1.29943117e-01  3.41584459e-02
     2.81032622e-02  8.88040215e-02  8.34479406e-02  5.45488857e-02
     3.12109571e-02  7.18990862e-02  7.00625852e-02  4.15662155e-02
    -4.87180287e-03  3.81459482e-02 -1.12463906e-02  8.32345635e-02
    -2.91755497e-02 -9.98064503e-02  7.59856999e-02 -3.45989205e-02
    -3.19272056e-02 -2.17952468e-02  2.77249385e-02  1.03405509e-02
     1.19818999e-02 -8.28823522e-02  3.52985524e-02 -1.95085760e-02]
   [-1.38435795e-32 -1.92934126e-02  7.52525926e-02  8.47337618e-02
    -6.90945163e-02 -1.35977909e-01 -4.88707535e-02  8.16427171e-02
     3.01890858e-02 -4.51898389e-02  2.41491944e-02  7.15099601e-03
     1.60749257e-01 -2.12236032e-01  8.50774348e-02 -2.92746276e-02
    -8.35175291e-02 -2.37052087e-02  6.15159310e-02  3.20114046e-02
     1.51551086e-02  9.92993489e-02  5.07242195e-02 -4.62726355e-02
    -7.92396069e-02  1.89511310e-02  7.69201815e-02  3.66454348e-02
    -1.37263760e-01  1.18229255e-01 -2.25886881e-01 -1.95352614e-01]
   [-2.54336952e-32  4.60136682e-02 -6.43888265e-02  2.79764943e-02
     1.47350848e-01 -7.70698767e-03  8.74818861e-02  4.50550057e-02
     7.49649107e-03  6.03309721e-02 -2.45545208e-02 -1.97466481e-02
     2.79498603e-02 -4.70401496e-02 -7.91006461e-02  9.81752500e-02
     3.87753658e-02  1.14182927e-01 -3.44073437e-02  4.07358492e-03
    -5.08581884e-02  5.90585126e-03 -4.40384075e-03  6.21636049e-04
    -4.69975583e-02  5.50429784e-02  9.41095501e-03 -8.24110359e-02
     2.03768676e-03  1.92874987e-02 -1.51243657e-02 -1.02075383e-01]
   [-2.26731231e-32 -2.65573356e-02  1.06835626e-01 -9.19118449e-02
    -1.45016117e-02 -2.83780433e-02 -3.42215560e-02 -2.30489261e-02
    -4.41649482e-02  4.76474278e-02 -3.51159535e-02  5.19428328e-02
    -1.64910294e-02  3.17224972e-02 -3.20183299e-02  5.32783605e-02
     1.26512917e-02  2.47168560e-02 -8.43324736e-02 -8.10956862e-03
    -3.80653068e-02  9.79514793e-02  6.02571145e-02  2.89074164e-02
    -9.38095897e-02  7.78471082e-02  5.88616729e-02 -5.03837951e-02
    -7.40428418e-02 -6.30913451e-02  6.46677800e-03 -1.15557313e-01]
   [-5.68902120e-32 -1.38009936e-01 -6.61035925e-02  7.77351111e-02
    -1.61802005e-02  3.25698443e-02  5.03923409e-02  2.91774049e-02
    -1.00286929e-02  4.75112125e-02 -7.06754327e-02 -4.22925912e-02
     1.19527960e-02  3.77326049e-02 -4.08586115e-02 -2.77031194e-02
     3.16089690e-02 -6.40167808e-03 -6.50779381e-02 -4.04259004e-02
     3.17943878e-02  5.84503561e-02  4.27510403e-02 -1.18560554e-03
    -4.04557064e-02  3.83003317e-02  4.49907593e-02  9.27456021e-02
     9.40774232e-02 -1.28935592e-03  1.58339534e-02  4.50499468e-02]
   [-3.17869806e-32 -9.97415781e-02  4.51640896e-02 -6.81073144e-02
    -4.41984460e-02 -2.03309953e-01 -1.09791607e-01  3.60886641e-02
     4.95983055e-03  3.64900217e-03  1.63544580e-01 -4.89523411e-02
     4.08160053e-02 -2.38945801e-02  1.53489694e-01  6.63233176e-02
     3.62743586e-02 -3.13298292e-02  1.32099167e-01  3.74039337e-02
     9.80086252e-02  4.09923270e-02 -3.03880908e-02  9.36142281e-02
     6.20873831e-02 -3.23693380e-02 -2.98860017e-02  3.48761901e-02
     1.09465839e-02  4.63545509e-02 -1.54765844e-01  1.97408125e-02]
   [ 1.27578988e-32 -2.37691700e-02 -8.65894649e-03  3.76605652e-02
     2.40337383e-02 -2.17312239e-02 -6.92294165e-02 -1.34917721e-01
     2.09314991e-02  1.66964419e-02  5.43333925e-02  4.57504997e-03
    -7.70590752e-02  1.07490651e-01  1.79088395e-02 -2.38011722e-02
    -6.50828928e-02 -5.38771302e-02  8.52071028e-03  1.09473757e-01
     7.52031505e-02 -2.66110860e-02 -1.58454608e-02  9.03110113e-03
    -4.49913889e-02  9.23240110e-02 -1.34132067e-02  4.60168943e-02
    -9.69679933e-03  1.22816920e-01 -4.21605110e-02  1.44446092e-02]
   [-4.67022260e-32  9.63748023e-02 -1.72200382e-01  6.54333830e-02
    -5.71214855e-02  4.87395935e-02 -8.79205167e-02 -1.07942455e-01
     1.07534714e-02  4.65286113e-02  7.85848573e-02  8.44731741e-03
    -1.96666587e-02  6.35209903e-02 -1.01884834e-01 -6.05958551e-02
     1.00414686e-01 -3.70625057e-03  1.72622446e-02  5.89767918e-02
    -1.99142799e-01  3.54615785e-02  1.03387907e-02 -2.15401147e-02
    -2.82185934e-02 -2.41468269e-02 -6.16371818e-02  8.79537240e-02
    -5.39902151e-02 -2.07622099e-04  2.11836770e-02  2.60222796e-02]
   [ 5.40756906e-32  1.11843413e-02  8.85199085e-02 -2.05179006e-02
    -9.90906358e-02  1.74337961e-02  1.04418181e-01  2.31561456e-02
    -4.22166847e-02 -4.78657894e-02 -1.70923606e-01  5.41426092e-02
     1.05966397e-01  2.15369582e-01  1.64795970e-03 -8.24213400e-02
     1.42715991e-01 -2.15100870e-02  1.30958259e-02  4.02387045e-02
     9.35446844e-02 -3.35361660e-02  7.67938271e-02 -2.89932936e-02
    -7.86800608e-02  2.75020655e-02  7.49469474e-02  1.24406025e-01
     2.03650463e-02  1.63847730e-02  5.68951853e-02 -2.76078936e-02]
   [ 2.71781112e-32  6.12933449e-02 -5.72156685e-04 -7.10956231e-02
    -3.71843614e-02  3.20995301e-02 -7.33995112e-03 -7.12396875e-02
    -2.85105705e-02  1.32308062e-02  7.66190514e-02 -5.96429892e-02
     4.47435454e-02  7.18425661e-02 -1.75532162e-01 -6.89149741e-03
     8.41833130e-02  9.05220304e-03 -2.60812584e-02  6.84215501e-03
     2.28072144e-03 -3.13096829e-02 -2.48593129e-02  4.55649868e-02
    -4.94273715e-02 -4.92250808e-02 -7.30683804e-02 -8.07726458e-02
     5.91062084e-02 -4.94857505e-02  7.45422170e-02 -9.10497531e-02]
   [-4.83981470e-32 -9.58506316e-02 -1.12122551e-01  6.96233436e-02
     6.65238351e-02  1.00281201e-01 -2.46329252e-02 -1.13108508e-01
     4.39357050e-02 -8.69640708e-02 -7.25762546e-02 -7.42535293e-02
    -6.63579553e-02  5.92710413e-02 -3.93265821e-02  7.65282288e-02
    -5.23169599e-02 -7.22012594e-02  1.59773743e-03  1.19895041e-01
    -1.55053476e-05 -3.83140519e-02 -9.43320021e-02  3.78956273e-02
     1.72093213e-02  2.29668543e-02  8.22267905e-02  2.61683203e-02
    -1.49859518e-01  2.47875471e-02  5.16490340e-02 -4.35453579e-02]]

  [[ 5.57352771e-32 -1.14097878e-01 -2.19442695e-03 -8.36991221e-02
    -3.86325195e-02 -3.35542089e-03 -2.93374304e-02  5.26024960e-02
     2.95916162e-02  6.61439449e-02  1.06434844e-01  3.16230915e-02
     8.42449665e-02  4.48413491e-02  1.51289245e-02 -4.33014110e-02
    -7.04924315e-02 -7.26683810e-02  4.69408445e-02 -3.00588422e-02
    -2.77685344e-01 -3.65440212e-02  3.70425880e-02 -1.61747813e-01
    -1.11525521e-01  1.40696298e-02 -5.12648523e-02 -6.69813082e-02
     2.28756182e-02  6.60767332e-02 -8.06582794e-02  1.38029590e-01]
   [-8.01127392e-33 -4.96112965e-02 -3.17874365e-02 -1.39632989e-02
     1.69544190e-01  1.18058063e-01  5.02248779e-02 -7.88355172e-02
     1.93473883e-02  6.53739199e-02  2.42796615e-02 -3.08494773e-02
     6.94367439e-02  9.56802145e-02 -8.21380094e-02 -4.85800281e-02
     3.04921977e-02 -6.89581111e-02 -1.00179464e-01 -1.47300765e-01
    -7.96546414e-02  3.52089256e-02 -6.07255474e-02 -7.88775980e-02
    -2.21724600e-01  4.01551574e-02  3.81045118e-02  1.63867816e-01
     1.90123487e-02  4.71709296e-04 -1.57506749e-01 -7.53277019e-02]
   [-2.92712669e-32  2.51287203e-02  7.86601529e-02  2.61090454e-02
    -3.61294672e-02  2.00940445e-01  9.79247168e-02  1.16160484e-02
    -5.93417697e-02 -2.52116146e-03 -5.24586961e-02  1.37527272e-01
     6.24027848e-03  1.04837241e-02 -1.22929335e-01 -1.06647797e-01
    -8.88843834e-02 -4.66276817e-02 -2.64476184e-02 -1.05773531e-01
    -7.42023736e-02 -1.18701987e-01 -1.89250112e-02  1.67112034e-02
    -1.26410589e-01 -1.87443718e-01 -8.16899016e-02  8.10849667e-03
    -1.00936577e-01 -6.00849763e-02 -1.09114394e-01 -1.27471268e-01]
   [ 6.34672322e-33 -5.08880764e-02  2.55687591e-02  3.61301866e-03
    -4.11183946e-02 -3.13108042e-02  2.42844247e-03 -3.64708975e-02
     2.19957791e-02  4.59555127e-02  1.03892691e-01  7.45337084e-02
     4.36524227e-02 -2.13735513e-02  6.58692196e-02 -3.13576311e-02
    -6.79452792e-02  1.02457814e-01 -1.90506782e-03 -6.88055083e-02
    -6.20629489e-02  1.55825436e-01  3.84856462e-02  4.44378965e-02
     5.63885495e-02  1.39310909e-02 -4.26696315e-02  4.94100377e-02
     5.01228869e-03  8.25524181e-02 -1.51593491e-01  1.00456569e-02]
   [ 1.27864222e-32  2.79661361e-03 -7.79754892e-02 -1.44251371e-02
    -6.82576820e-02 -8.00110847e-02  5.11638969e-02  5.45705780e-02
    -1.86707005e-02 -5.00466861e-02 -1.33074284e-01 -3.84409241e-02
     7.39270300e-02  9.10647213e-03  2.73934705e-03 -2.29924470e-02
    -2.90594101e-02  1.26318842e-01 -7.26659503e-03 -7.73441866e-02
    -3.65650877e-02  1.61922835e-02  1.10494807e-01  1.59570901e-03
     3.51227410e-02  2.46233139e-02  1.18029483e-01 -4.19407822e-02
     9.26278457e-02  4.89492752e-02  5.33472151e-02 -2.36284472e-02]
   [ 2.23747180e-32  6.15306525e-03  7.12626353e-02 -6.31838432e-03
    -3.09951842e-01 -9.20611396e-02 -7.62500390e-02  2.57529295e-03
     6.82764724e-02  7.85765126e-02 -1.38450488e-01 -2.22783741e-02
     1.42033637e-01  3.36153992e-03  9.84449759e-02  4.22573125e-04
    -6.81997314e-02  2.12651473e-02  8.07573646e-02 -5.45299985e-02
     1.48901239e-01 -7.30480254e-02 -9.28204805e-02 -6.11975826e-02
    -4.54112068e-02 -4.26648594e-02  3.59030701e-02  1.45840779e-01
    -1.00452110e-01 -4.29580845e-02 -4.03117090e-02  2.78507024e-02]
   [-2.73366824e-32 -2.20766827e-01  1.71060458e-01 -1.01576567e-01
    -8.04593414e-02 -9.56719369e-03 -1.00881793e-02 -2.05565430e-02
    -8.96638352e-03 -1.08845554e-01 -2.02097788e-01  9.76656079e-02
     9.26829427e-02 -2.19909087e-01  5.25209978e-02 -8.65277797e-02
    -1.18792735e-01 -1.41806416e-02  9.28436778e-03 -1.98286355e-01
    -3.56489234e-02 -2.14140043e-01  3.68435085e-02 -3.35251205e-02
     1.63914859e-01 -1.10341169e-01 -2.82307398e-02  6.00032657e-02
     1.21752530e-01 -5.02527133e-02  6.65818080e-02 -5.09090070e-03]
   [-5.77327946e-32 -6.08641915e-02  7.51668811e-02  1.77134335e-01
    -1.74677730e-01  1.26522899e-01  7.19679445e-02 -1.55674117e-02
    -3.87872681e-02  2.71642432e-02 -4.39474359e-02  1.16991423e-01
    -5.65134035e-03  1.01014085e-01 -3.58572043e-03 -1.70189768e-01
     1.21526636e-01 -3.23016103e-03 -1.38557423e-02 -1.41797364e-01
    -8.70431587e-02  5.07870354e-02 -2.26569641e-02 -7.76848719e-02
    -2.28479162e-01  1.74188875e-02  1.16840325e-01  1.74256489e-01
    -3.44849960e-03 -3.79505567e-02 -9.87886190e-02 -3.30694206e-02]
   [ 4.56092954e-32 -2.10068300e-01 -7.76217505e-02 -5.42209437e-03
    -9.26948935e-02 -1.71201099e-02  4.57052141e-02  2.38271490e-01
    -1.17136762e-02  1.02377065e-01  3.81465293e-02  4.91562719e-03
     1.39337227e-01 -2.31400922e-01 -1.56385861e-02 -3.58088613e-02
     1.03788637e-01  5.57924360e-02 -1.82821974e-01 -1.78570747e-01
    -1.72502492e-02 -6.98008481e-03 -1.20682456e-02  5.82779087e-02
    -8.84260703e-03  1.62626319e-02 -8.81735459e-02  6.85364082e-02
     5.19944448e-03 -9.28848088e-02 -9.49098542e-02  1.68644674e-02]
   [ 4.43675003e-32 -7.26552010e-02 -1.69805288e-02  5.39398529e-02
    -2.48205522e-03 -5.11033535e-02 -7.12347552e-02 -3.62575315e-02
    -9.09380913e-02 -8.14712569e-02  1.00225978e-01  5.01643457e-02
     1.14066333e-01 -1.85520239e-02 -3.10094766e-02  2.13675685e-02
     9.86938030e-02  5.86022809e-02 -2.08491081e-04 -9.14048553e-02
    -1.60975516e-01  6.51448295e-02 -1.19055040e-01 -2.88453549e-02
    -9.88114700e-02  2.08006687e-02 -5.20382859e-02 -7.50690838e-03
     4.58083348e-03  2.62281895e-02  3.16225104e-02  6.60875365e-02]
   [ 4.99500170e-32 -6.28195005e-03  2.90904026e-02  1.08014084e-01
     1.71513110e-02  4.12588455e-02 -1.09797623e-02 -5.39232790e-02
    -7.30408132e-02  5.64594120e-02  7.41557628e-02 -1.09890178e-01
    -5.96644059e-02  2.54894961e-02 -1.89331640e-02 -4.06223685e-02
     5.19688949e-02 -2.45857220e-02  1.00424916e-01  1.24273904e-01
    -6.65226504e-02  8.72685015e-02 -1.01349041e-01  1.05300963e-01
    -1.10228144e-01  5.53716905e-02 -1.53129905e-01  2.92774383e-02
    -8.02655667e-02  1.12105273e-01  1.49806477e-02 -1.08729877e-01]
   [ 2.90270227e-32  1.63260512e-02  2.93659735e-02  4.95540816e-03
     1.63870975e-01  8.58353823e-02  2.97802519e-02  3.91581319e-02
     3.07813250e-02 -4.07027528e-02 -1.89961165e-01 -1.21195808e-01
    -6.79997653e-02 -6.16765916e-02 -1.32261785e-02  1.58939272e-01
     9.84494910e-02  5.58108017e-02  6.58679083e-02  1.36151060e-01
     1.45272911e-01  5.22119030e-02 -5.12152538e-02  2.53505949e-02
    -1.02866590e-02 -1.19302310e-01  4.73775528e-03 -1.11005180e-01
    -1.50305972e-01 -1.46314427e-01  1.35154366e-01 -8.32974464e-02]
   [ 4.29586541e-33  2.03228295e-02  2.44868882e-02  3.10735330e-02
    -5.50046898e-02 -2.96432734e-01  3.50036994e-02 -4.38247062e-02
    -2.15432942e-01  2.51937117e-02 -1.60516217e-01  6.18428923e-02
    -2.78299376e-02  2.23180279e-02  9.88809541e-02 -1.37552902e-01
     1.42217791e-02 -1.36888206e-01  5.61901219e-02  1.15466332e-02
    -1.17855459e-01 -2.02345878e-01 -2.07220122e-01 -1.29676521e-01
    -4.86698486e-02  9.71022397e-02 -2.58563063e-03 -2.90700570e-02
     7.76349604e-02 -4.48056385e-02  1.28158912e-01  1.71430893e-02]
   [ 1.41327599e-32 -1.25064746e-01  1.01902314e-01  3.27848569e-02
    -1.57302395e-02  1.50163114e-01  2.30604094e-02 -5.33250757e-02
    -6.22074120e-02  5.25841815e-03  3.71592492e-02  6.22793585e-02
     1.05486654e-01  6.64595217e-02 -3.89008410e-02 -1.46691799e-02
     8.06137547e-02 -3.54777612e-02 -5.87062575e-02  4.54243124e-02
    -8.77800435e-02  3.92746925e-02 -6.22255318e-02  5.01104705e-02
    -1.53203875e-01  7.31453896e-02 -1.32786646e-01  5.79494946e-02
    -1.14762615e-02  3.94507498e-03  6.87862486e-02 -8.89273360e-02]
   [ 5.63325928e-32 -2.71417826e-01  1.45105898e-01 -4.14757542e-02
    -3.23577702e-01 -1.69318877e-02 -1.69970974e-01 -1.60330340e-01
     2.41413675e-02 -1.31077617e-01 -1.93993375e-01  3.84954959e-02
     3.02249119e-02  2.48273518e-02  8.09270144e-02 -1.39805287e-01
    -1.16692811e-01 -1.33722886e-01  6.01659976e-02 -2.14552358e-01
    -1.84787393e-01 -3.24240476e-02  6.14180695e-03 -1.08398668e-01
    -4.18395288e-02 -6.59778994e-03  3.91646624e-02 -3.04783750e-02
     1.77678257e-01 -6.16807826e-02  3.43324989e-02  1.01969130e-01]
   [-4.40109346e-33 -1.04993626e-01  6.88089207e-02 -1.62652165e-01
    -4.65070866e-02 -5.51822633e-02 -8.34597871e-02  2.52686385e-02
    -3.38990428e-02  1.29501119e-01  7.07438737e-02 -6.16355687e-02
     8.96588638e-02  1.71010066e-02  9.43291411e-02  5.50363399e-02
    -6.41210824e-02  7.90833160e-02  4.18569446e-02 -7.33645707e-02
    -9.26151201e-02  1.07585164e-02 -8.82968865e-03 -2.86417268e-03
    -5.93360439e-02 -2.62222737e-02 -4.08702269e-02 -5.66992611e-02
     9.28301662e-02  3.16455327e-02 -6.76369518e-02 -1.96276568e-02]
   [-1.64977664e-32  3.72348018e-02 -1.33510098e-01  3.83451511e-03
    -1.05155610e-01  5.50163677e-03  1.09107420e-01 -5.52478358e-02
     6.77791163e-02  5.80454767e-02 -6.62396625e-02 -5.30089810e-02
    -5.65022156e-02  1.32421451e-02 -4.77843173e-03 -3.75342444e-02
    -1.13335893e-01 -1.57069601e-02 -9.15800855e-02 -6.85135648e-02
    -1.15396874e-03 -9.25287306e-02  9.73990094e-03 -2.42632441e-02
     3.46550457e-02  2.58685071e-02  1.21612787e-01 -9.08247828e-02
     1.52709391e-02 -3.84899713e-02 -1.19922692e-02  2.99394261e-02]
   [ 2.47619854e-32  7.89645538e-02  1.66904535e-02 -6.65356815e-02
     3.74847203e-02  8.25108662e-02  1.10822912e-04 -2.77181752e-02
     9.77253243e-02 -6.19454868e-02 -1.19682178e-01  1.73772722e-01
    -1.96573719e-01 -2.73793936e-02 -9.08157788e-03 -2.51075588e-02
    -6.79830983e-02 -4.66132052e-02  3.87205696e-03 -8.86404142e-02
     1.92550987e-01 -9.50313509e-02 -9.69642475e-02  3.50436755e-02
    -3.58447811e-04 -4.19468731e-02  4.86412607e-02 -5.38664460e-02
     9.07956436e-02 -2.22991407e-01 -1.89916492e-02 -2.15012610e-01]
   [ 5.10266287e-32 -1.99523777e-01 -1.63462404e-02 -7.02027828e-02
     5.38858324e-02  4.77278307e-02  1.30540445e-01  3.17341536e-02
    -1.61742270e-01  1.61085218e-01 -8.44676718e-02  2.11868942e-01
     9.31205675e-02  3.61258723e-02  6.20212732e-03 -8.75259936e-02
     5.33633232e-02  1.55997677e-02 -1.36047497e-01 -1.10443108e-01
    -1.31031394e-01  1.24576539e-02  4.79576960e-02  6.30731171e-04
    -6.34196103e-02 -8.21476653e-02 -2.62649078e-02  1.54079199e-01
     1.06049865e-01  3.65519784e-02  1.43896997e-01 -2.14574789e-03]
   [ 3.48263770e-32 -1.29580930e-01  3.55920009e-02 -1.19692758e-01
    -8.00497532e-02 -1.62012428e-01 -4.10351604e-02 -5.74193634e-02
     1.19777121e-01 -1.70800947e-02 -3.19288410e-02 -1.64802745e-02
     7.56748840e-02 -5.63685447e-02  6.82003275e-02 -1.12907879e-01
    -7.77054206e-02  1.26399413e-01  1.54780056e-02 -1.45575732e-01
    -5.17339967e-02 -1.16155602e-01 -5.18646240e-02 -8.60678032e-02
    -1.05161592e-03 -4.58442308e-02  2.20046788e-01 -1.08239509e-01
     8.35980922e-02  1.70173779e-01  3.90211456e-02  6.17229417e-02]
   [-4.92907850e-33 -1.05309933e-01 -3.81107330e-02 -7.99562857e-02
    -1.44066717e-02  4.77602258e-02  1.00331128e-01 -1.29140198e-01
     4.72713374e-02  1.80207863e-02 -8.21136981e-02  1.06810294e-01
     9.16090757e-02 -9.63432640e-02 -4.40348871e-02  2.84504648e-02
    -2.30119023e-02  1.65418386e-02 -4.50009592e-02 -5.46812229e-02
    -8.96892026e-02  1.85904298e-02  8.95977244e-02  1.73711423e-02
     3.94555852e-02 -1.13475099e-01 -7.14815408e-02  2.69216392e-02
     1.05330236e-01  4.48584110e-02 -7.10788667e-02  6.31879047e-02]
   [ 1.68300111e-32  5.07302359e-02  2.46102232e-02 -5.46342805e-02
    -6.60488531e-02  1.19694255e-01  1.73033979e-02  7.26017430e-02
    -6.66082511e-03 -1.96045972e-02  7.69323781e-02  7.50397593e-02
     1.26959374e-02  1.47012815e-01 -2.86661983e-02  1.59188006e-02
     5.72557934e-02 -1.57685652e-02  3.13471928e-02 -4.22167666e-02
    -1.90687627e-01  4.46045175e-02  8.79906565e-02  3.05053890e-02
     6.34870678e-02  1.54772684e-01  3.13481390e-02  1.08908087e-01
     3.62374112e-02  3.24485227e-02  5.57043254e-02  3.06385346e-02]
   [-4.04488106e-32 -9.83199030e-02  9.92119089e-02  1.36452869e-01
    -1.98593169e-01 -8.62172917e-02 -5.35779037e-02 -5.97336655e-03
     6.16972074e-02 -3.83506417e-02 -1.34590408e-02  3.78546072e-03
    -1.30736418e-02  1.03301249e-01  7.41527751e-02 -9.18777734e-02
     2.70245522e-02 -3.64939943e-02  7.35397413e-02 -3.33518721e-02
    -3.08241826e-02  2.59386585e-03  1.93343274e-02 -3.97086851e-02
    -4.14524488e-02  1.13267630e-01  1.91727821e-02  1.00564241e-01
    -1.70317113e-01 -2.51357220e-02 -1.72703803e-01  5.09194732e-02]
   [-1.24361939e-32 -1.95488892e-02 -1.05660483e-02 -1.83826592e-02
     4.60984185e-02 -3.15612033e-02  3.63926254e-02 -1.53662525e-02
     2.03012712e-02 -6.10577613e-02 -2.81579532e-02 -7.12347180e-02
     1.07216999e-01 -3.42989899e-02 -1.34751827e-01  6.64078165e-03
     1.52064199e-02 -4.17940356e-02 -6.59982041e-02 -3.24125625e-02
     2.60475231e-03  5.13574332e-02  1.36017278e-01  1.35646746e-01
    -5.01354933e-02 -1.19978208e-02 -6.82235286e-02 -1.30161390e-01
     1.54836448e-02  2.88768392e-02 -2.39370018e-02  5.78284403e-03]
   [ 1.64979339e-32 -9.72611383e-02  3.17975320e-02 -1.06912009e-01
     1.14641629e-01 -4.99980114e-02  1.38107138e-02  9.73389372e-02
    -1.51171768e-02  3.32371444e-02  5.74607141e-02  7.97665771e-03
     1.53580055e-01 -1.39557337e-02 -2.12928895e-02  7.31346235e-02
    -5.50339893e-02  1.57522205e-02 -1.25630602e-01  3.37501056e-02
    -9.39870849e-02  5.14912270e-02  6.35627210e-02  3.85957584e-02
     9.44360048e-02 -1.08117178e-01  8.84310678e-02  2.30004657e-02
    -7.71657843e-03  6.22104481e-02 -1.40543645e-02 -1.55604724e-02]
   [ 3.40944496e-32 -1.39995679e-01 -1.17856421e-01 -4.67975549e-02
    -8.24436471e-02 -6.34630322e-02 -8.34701117e-03  1.46335289e-01
    -1.13868162e-01  1.38101593e-01  1.10119330e-02  3.94616611e-02
     6.98465854e-02 -2.83850450e-02  8.37550983e-02 -5.48786372e-02
     6.90780431e-02  4.58536632e-02 -1.11287899e-01 -1.61654174e-01
    -1.29019529e-01  5.28868511e-02 -2.91712140e-03  1.03929434e-02
    -9.03258398e-02  5.14892042e-02 -5.22023663e-02 -6.68411376e-03
     6.19048923e-02  5.46800829e-02  2.08616983e-02  3.29612605e-02]
   [-4.48881678e-32 -1.55390084e-01 -1.59916878e-02  1.00696057e-01
    -9.25823748e-02 -1.97524875e-01 -9.44157615e-02 -1.86353177e-02
     1.64517481e-02 -2.84669772e-02  2.55495869e-02 -8.99607167e-02
     8.41513723e-02 -8.83928314e-02  1.22946784e-01  1.19663477e-01
     9.78993997e-02  3.12680081e-02  7.33832493e-02  9.88612324e-03
    -4.09023389e-02  2.10453905e-02 -7.65490755e-02  1.76020004e-02
     7.31134042e-02  8.07345212e-02  1.38734475e-01  2.88463961e-02
    -5.95991798e-02  1.30625486e-01  5.86217754e-02  8.46185014e-02]
   [ 5.73757382e-32 -1.09292835e-01  4.47169282e-02 -2.87762526e-02
     2.63245162e-02  7.02600181e-02  5.76682715e-03 -9.37369913e-02
    -9.72235017e-03 -6.37700632e-02 -1.05941249e-02 -5.83799519e-02
     5.34312353e-02  6.79600760e-02 -7.84666743e-03 -7.01899361e-03
     4.52898704e-02 -1.00232447e-02  3.02851219e-02  9.13802162e-02
    -1.34991303e-01  9.79057923e-02 -1.17350733e-02  3.60889845e-02
    -2.18684990e-02 -1.01558708e-01 -9.66991633e-02  9.20086205e-02
    -7.77050629e-02 -5.28300591e-02  1.52473971e-01 -9.55456495e-02]
   [-8.05979759e-33  4.52751853e-02 -5.93771972e-02  3.24731320e-02
    -2.20010784e-02  1.34332806e-01  7.91295711e-03 -5.44562228e-02
     6.39633909e-02  1.06837247e-02 -1.07720569e-02 -1.36308679e-02
     7.23496825e-02  2.32026679e-04  3.15115973e-02 -6.50081486e-02
    -2.55271289e-02 -6.63496852e-02 -8.73251930e-02  5.30225337e-02
    -8.82002562e-02  4.01023328e-02  6.26575649e-02 -2.44263038e-02
    -4.24054898e-02 -4.24407832e-02 -1.43955141e-01  5.24181277e-02
    -7.95280635e-02 -1.74268842e-01  1.55709848e-01 -1.05246313e-01]
   [ 4.25882926e-32 -1.15518868e-01  5.05617186e-02  1.43436506e-01
    -7.87333399e-03  1.19953945e-01  5.04638776e-02 -1.65084545e-02
    -3.01926397e-02  2.63952285e-01 -1.78731345e-02  8.42790827e-02
    -1.86891705e-02  7.72026628e-02  2.51157712e-02 -5.48373312e-02
     9.74994004e-02 -3.89327556e-02 -6.66761249e-02 -1.33301243e-01
    -1.74900778e-02 -8.27386137e-03  2.90800482e-02  7.17635900e-02
    -4.79070321e-02  4.39302921e-02  8.56189206e-02  1.37008876e-01
     4.21273299e-02  1.33156246e-02 -5.34705929e-02  6.04472831e-02]
   [ 8.13834926e-33 -4.10661772e-02  3.81105836e-03  8.10352806e-03
     2.17527710e-02  4.49507385e-02  3.10046622e-03  1.10210791e-01
     3.21416408e-02  2.59256270e-02 -5.20265587e-02 -8.89138207e-02
     2.96452232e-02 -1.20509088e-01  1.86366737e-02 -8.21771249e-02
    -5.91730177e-02 -3.41519490e-02 -4.99664545e-02 -9.52182934e-02
     3.32590453e-02  5.83789088e-02  4.99937907e-02 -1.13311131e-03
     4.04674150e-02 -1.58790573e-01  6.87577054e-02 -4.78296727e-02
    -7.30217621e-02 -6.53844178e-02 -3.69321294e-02 -6.15128987e-02]
   [-2.07858258e-33  1.07175715e-01 -1.53270483e-01 -1.10468931e-01
     8.64868388e-02  5.95181473e-02  6.93067685e-02  3.67450677e-02
     9.74225923e-02 -1.05490491e-01  1.01860175e-02 -6.73584193e-02
    -6.34620562e-02 -6.90725073e-02 -6.73953071e-03  1.31435797e-01
    -1.79889128e-02 -6.87772632e-02 -1.19029038e-01  2.94136684e-02
    -7.72279175e-03  1.10017233e-01 -1.44331018e-02  9.50059742e-02
     9.85786691e-02 -4.28948700e-02  2.82474868e-02 -8.81567225e-02
    -1.55991048e-01 -7.35670747e-03 -4.09481162e-03 -2.63908394e-02]]]


 [[[ 2.27647735e-32  2.49422737e-04  5.94649650e-02 -1.13703087e-02
    -1.24637866e-02  4.45512161e-02 -1.09570369e-01 -7.39692971e-02
     7.77842775e-02 -6.60479292e-02  7.35286344e-03  5.71150929e-02
    -7.02204406e-02 -9.57780555e-02 -3.44483890e-02 -5.04409485e-02
    -2.15975091e-01  3.55822109e-02 -4.99735437e-02  4.84915115e-02
    -5.57700731e-02  5.80572225e-02 -1.43645741e-02  5.29063232e-02
    -8.79339799e-02 -3.87827605e-02  6.69892803e-02 -1.36924475e-01
    -2.67474383e-01 -4.99428511e-02  6.46146014e-02 -9.48783606e-02]
   [ 2.38056032e-32 -5.04772402e-02 -1.03937909e-01 -6.40256656e-03
     6.24383502e-02 -3.79170850e-02  1.32440329e-01 -4.69036549e-02
     7.24180341e-02  1.04592457e-01  5.12257963e-02  4.37057652e-02
    -4.22213562e-02 -1.13528609e-01 -1.27572492e-01 -7.60448873e-02
    -1.41004696e-01  8.75823274e-02 -4.91470434e-02  4.02174853e-02
    -1.38507867e-02 -1.62802264e-01  1.42383773e-03 -4.45165001e-02
    -6.15387484e-02 -8.23548809e-02  4.06374559e-02 -7.27756321e-02
    -1.26613602e-01 -5.70314564e-03 -4.23437878e-02  1.03502749e-02]
   [-3.74529398e-33  1.83242336e-02 -4.34479453e-02  6.06477335e-02
    -8.33871290e-02  1.27607882e-01  1.95481367e-02 -9.41524729e-02
     3.36062126e-02  1.60299949e-02  1.49650630e-02 -1.24670692e-01
     7.92016238e-02  1.28359228e-01 -1.81006238e-01 -1.39493376e-01
     1.51637942e-01  6.97390223e-03  4.60609375e-03  3.02293468e-02
     4.83107716e-02 -4.85157445e-02  1.10700093e-01  4.46330309e-02
    -1.57151401e-01 -6.84989020e-02  1.21108280e-03  4.19728830e-02
     6.36650622e-02 -5.59722120e-03  3.42118368e-02  4.76377010e-02]
   [-4.23181522e-32  7.11657107e-02  6.59542978e-02 -7.25991428e-02
    -1.23799108e-01  1.06273010e-01 -7.48974606e-02  4.28988226e-02
    -6.67498931e-02  5.83812706e-02 -2.03567132e-01  2.39729416e-02
     1.07823014e-02 -1.39856994e-01 -1.94619969e-02  3.04636825e-03
    -1.16949670e-01  8.39640200e-02 -5.62172718e-02  4.87816345e-04
     2.72486191e-02  1.67851552e-01  1.18863890e-02  5.24564981e-02
    -9.53532755e-02 -4.42866832e-02  1.57855302e-02 -5.88215999e-02
    -7.85702541e-02 -1.25460476e-02 -4.76132296e-02 -8.85320678e-02]
   [-2.98034808e-32 -8.83442983e-02  7.72268996e-02 -4.40765508e-02
     7.46527361e-03 -6.57083988e-02 -2.60194838e-02  5.41968271e-02
     5.24056442e-02 -4.96900082e-03  4.97370176e-02  1.05021358e-01
    -7.77645856e-02 -4.10970636e-02  2.92403880e-03  5.21886721e-02
    -9.54100564e-02 -9.11313761e-03 -7.39635155e-02  5.56626879e-02
    -6.88161999e-02  1.61415022e-02 -6.33650869e-02 -1.35743367e-02
     9.18125734e-02 -4.16899659e-02  8.96450505e-02  3.15821311e-03
    -1.50891587e-01  7.99552258e-03 -1.49179082e-02 -7.79624209e-02]
   [ 5.99527980e-33 -4.48272564e-02  1.09060004e-01 -1.85778722e-01
    -9.09428149e-02 -1.52883846e-02 -4.26580161e-02 -1.92930624e-02
    -5.16397655e-02  9.89137217e-02 -9.53587815e-02  1.82036877e-01
     2.33458489e-01 -1.39895258e-02 -7.20216334e-02 -4.48360518e-02
    -1.23945370e-01  2.01292232e-01 -5.31502487e-03 -1.47760706e-02
     1.19500689e-01 -9.90141481e-02  3.02537298e-03 -1.06193081e-01
     1.89326093e-01 -7.49742016e-02 -3.28939557e-02 -2.12603919e-02
    -1.54226646e-01  1.37446687e-01  2.57236138e-03 -2.10342221e-02]
   [-7.92868001e-34 -4.70064990e-02  1.25382841e-02 -1.67453095e-01
    -1.10669378e-02 -1.59177065e-01  6.60988968e-03 -7.14613050e-02
     1.56015884e-02  5.91842048e-02 -1.19009241e-02 -2.70109344e-02
     7.12545440e-02  1.53235734e-01 -1.17842354e-01  1.38806282e-02
    -1.04704201e-01  1.05817709e-02  1.40790850e-01  1.94857065e-02
     3.62510122e-02 -1.17540300e-01 -3.54141816e-02 -3.70299779e-02
     3.78163978e-02 -1.95548143e-02 -8.98084715e-02 -3.15645896e-02
     1.00524947e-02 -3.52384858e-02  6.54698014e-02  1.51604740e-02]
   [-5.71650837e-32 -9.68983695e-02  4.95861880e-02 -7.48427138e-02
     4.19797003e-02 -8.67208540e-02  7.24990740e-02 -2.44517252e-03
     4.88784686e-02  1.28732519e-02 -5.97782955e-02  3.94770876e-02
     4.99150977e-02 -7.47651383e-02  1.57630444e-03 -3.78188528e-02
    -8.67565125e-02  2.88721118e-02  5.67078218e-02  5.01735471e-02
     3.37724551e-03 -5.76867312e-02 -4.21642065e-02 -4.40823734e-02
    -7.01607540e-02 -1.40286162e-01  3.46156284e-02 -6.27577528e-02
    -1.98233366e-01  2.27044281e-02 -7.24545121e-02 -6.59781545e-02]
   [-5.71149842e-32 -4.28730547e-02 -5.55161275e-02 -6.36334941e-02
    -9.65105519e-02  4.36581373e-02 -3.47528458e-02 -8.21824223e-02
    -1.97601747e-02  3.14590149e-02 -6.45468710e-03 -4.71522957e-02
     3.81898917e-02 -5.55494279e-02  5.80593348e-02 -2.38075703e-02
    -1.70475803e-02  1.03598312e-02 -3.82866375e-02  1.56163871e-01
     1.51015874e-02  1.65003147e-02 -3.60762067e-02 -1.28236100e-01
    -6.26828074e-02 -6.03054352e-02 -1.57282688e-02 -1.76566804e-03
    -1.16093000e-02  4.23215590e-02  8.22307914e-03 -5.14337011e-02]
   [ 4.66231953e-33 -2.93846559e-02  1.39739871e-01  1.48063404e-02
     7.60688866e-03 -2.90860292e-02 -2.46834010e-02  6.80410862e-02
     1.78991421e-03 -1.47677884e-02 -8.27699248e-03  7.86313228e-03
     3.91056351e-02  2.60467958e-02  5.10547496e-02  4.32598032e-02
     1.71570051e-02  9.65227112e-02  7.29293004e-02  3.27152126e-02
    -7.80712143e-02 -6.15138188e-02  5.33046760e-03  2.26288997e-02
    -1.21231973e-02 -1.01567404e-02 -1.87453199e-02  3.76549140e-02
    -2.46087112e-03  5.55203222e-02  4.71810587e-02 -7.97590315e-02]
   [ 3.22595323e-32  3.37970667e-02  3.50616500e-02 -8.14413726e-02
    -1.74554233e-02  2.25081705e-02 -7.43290037e-02  1.52567495e-02
     2.97909183e-03 -6.02835380e-02 -1.45865217e-01  3.64089049e-02
    -7.99521208e-02  2.81194854e-03  1.58514008e-02 -8.07350054e-02
    -1.00954443e-01  8.80473701e-04 -6.04265789e-03 -9.18760225e-02
     1.10811712e-02  1.21287733e-01  8.78238678e-02  1.27205893e-01
    -5.40316887e-02  5.92624908e-03 -4.29320559e-02 -9.26401839e-02
    -3.20594907e-02  1.26895756e-02 -4.60499339e-02 -5.86675629e-02]
   [ 8.46112385e-34  2.70545296e-02 -1.19019799e-01  1.88412040e-01
     2.69056875e-02  1.62217647e-01 -7.59283919e-03  2.37555318e-02
     1.41039088e-01  2.88834255e-02 -3.33750956e-02 -2.18180791e-01
    -2.19027307e-02  5.91287203e-02  5.04485071e-02  5.02679646e-02
     1.18634783e-01 -1.00471430e-01  1.50750959e-02  1.56300753e-01
     1.08083256e-01  7.95452222e-02  9.80740935e-02 -2.40588244e-02
    -2.08483562e-02 -9.44196433e-03  5.54263666e-02  7.80152977e-02
     1.36395425e-01 -2.63362192e-02 -1.24449246e-01 -2.72403180e-04]
   [-1.71449965e-32  4.48992625e-02 -9.46735591e-02  8.41554105e-02
    -5.10261208e-02  1.27978429e-01 -1.27896264e-01 -5.60945682e-02
    -1.06512353e-01 -2.25365232e-03  5.76624498e-02 -4.49198671e-02
     1.52278726e-03 -1.93398651e-02  4.01786203e-03 -7.33539136e-03
     4.51320000e-02  1.05464660e-01 -2.37403028e-02 -1.62146822e-01
    -7.49625787e-02  8.43798742e-02 -4.87270616e-02 -1.33828698e-02
     9.25336704e-02  1.25937508e-02 -3.60411741e-02  2.06933469e-02
    -2.69573126e-02  7.58666843e-02 -4.68026027e-02  1.26919877e-02]
   [-2.15688534e-32 -8.05382133e-02 -7.60682225e-02  1.28439307e-01
    -6.09843507e-02  9.22011808e-02 -5.37607586e-03  4.68164235e-02
     7.70723820e-02  1.40500948e-01 -4.16818410e-02  9.73233804e-02
     3.76518979e-03  1.10502001e-02 -7.26106241e-02 -9.84900966e-02
    -2.81408597e-02  2.21769795e-01  3.27531733e-02  8.36708322e-02
    -9.97198522e-02 -2.63893064e-02  1.20402090e-01  3.25136408e-02
    -1.98463306e-01 -9.58913267e-02  2.75623053e-03 -1.19998399e-03
     3.12639698e-02  4.06729616e-02 -5.23003154e-02  2.15332564e-02]
   [-5.55722301e-32  1.83057394e-02 -6.68183193e-02 -7.42801651e-02
     4.53377068e-02 -3.35844830e-02  4.60742749e-02 -5.54843470e-02
    -3.73501144e-02  1.51889194e-02  7.95140192e-02  3.67232487e-02
     8.78333598e-02 -4.04374525e-02 -1.90354753e-02  1.23934606e-02
     1.00948229e-01 -4.10601981e-02  1.13402670e-02 -4.51634862e-02
     2.92085949e-02 -5.65452054e-02 -1.60535946e-02 -9.78660211e-02
     1.00748017e-01 -4.55661900e-02 -1.07584789e-01 -4.50824760e-03
    -9.51942429e-02  2.61890492e-03  4.99085635e-02 -6.09848835e-03]
   [ 3.22788897e-32  6.62869662e-02  1.51356414e-01 -5.95308319e-02
    -4.86812480e-02 -3.13957967e-02  8.10626373e-02  5.85598424e-02
    -8.47697109e-02 -2.14356370e-02 -1.15788944e-01  4.54069637e-02
    -7.36825168e-02 -1.33671612e-01  1.16272112e-02 -6.26066104e-02
    -9.16962847e-02 -2.90512294e-02  6.15173057e-02  1.17661022e-01
    -4.22146957e-04 -4.16854583e-02 -2.22356096e-02 -5.05615957e-03
     3.61479074e-02 -5.78901507e-02 -4.93949503e-02 -1.15904473e-01
    -1.18319541e-01 -4.57888767e-02  2.01352127e-02 -8.24918970e-02]
   [ 3.50862524e-32 -3.16138864e-02 -5.78656197e-02  9.12082717e-02
     2.96857059e-02 -4.59308224e-03  2.74762232e-03  1.71327993e-01
     7.67147392e-02 -1.63334105e-02  1.21438107e-03 -2.72964630e-02
     1.43677339e-01 -2.74900645e-02  1.65308844e-02  8.70056227e-02
    -7.16882348e-02 -2.15283230e-01 -6.50261119e-02 -5.02354912e-02
     2.98213158e-02 -1.11432686e-01 -2.41661102e-01 -5.26951365e-02
    -5.36072142e-02 -5.23460284e-02  1.03132166e-01  6.77233487e-02
    -1.81364954e-01 -1.88883826e-01 -5.40710539e-02 -5.82276434e-02]
   [-4.61972424e-32  7.86895864e-03 -2.22780723e-02  1.68143362e-01
     3.84907387e-02  5.39150052e-02  4.28434536e-02  4.51192446e-02
    -1.96307227e-02  1.00729130e-01 -5.56690022e-02 -1.66203171e-01
     4.43487577e-02  4.21143770e-02 -1.53957918e-01 -8.98752585e-02
    -4.42564338e-02  7.96352420e-03 -1.27781361e-01 -1.10270381e-01
    -2.75149569e-02 -1.48330584e-01 -3.25818509e-02 -9.06028673e-02
     1.54242232e-01  3.05173278e-04  6.09421991e-02  6.37923479e-02
     4.43451712e-03  1.25846162e-01 -2.92867776e-02  5.79859875e-02]
   [-8.72380055e-33  7.07677379e-02  9.22864899e-02  1.37379661e-01
     4.07427363e-02 -9.61379427e-03  6.28950894e-02  5.36034741e-02
     9.15460289e-02 -8.15785751e-02  1.15659714e-01  3.43580581e-02
     6.02478795e-02  1.51465118e-01 -1.05320672e-02  5.02137877e-02
     7.18066841e-02 -1.54945627e-01  9.71518084e-02 -3.32089781e-04
     7.79504031e-02 -9.51870997e-03 -5.68056665e-02 -8.86793882e-02
    -6.21878728e-02 -2.23368108e-02  1.70552842e-02  1.53735429e-01
     1.12949423e-02  1.88911501e-02  4.60559577e-02  2.36885552e-03]
   [-1.16879888e-32  2.39783060e-02  1.18026193e-02 -4.83008884e-02
     9.50791240e-02  1.47661790e-02  6.91476762e-02  3.63410898e-02
     6.88621833e-04 -8.42224658e-02 -8.56947675e-02  1.21346481e-01
    -4.06376384e-02 -5.83235435e-02  3.54267508e-02  6.08181693e-02
    -4.53316122e-02 -2.82677952e-02  4.62327860e-02 -8.59684572e-02
    -2.16737241e-02 -5.55705503e-02 -4.96349707e-02 -4.19714712e-02
    -4.04572152e-02  3.25055607e-03 -2.44082185e-03  6.72940761e-02
    -1.58309415e-02 -5.47730774e-02 -3.03147379e-02  1.03074526e-02]
   [-1.38945460e-32 -5.55787273e-02  1.33413039e-02 -7.08735660e-02
     2.59956215e-02 -1.95809342e-02  5.18981591e-02 -1.70681085e-02
    -4.03599329e-02 -1.21370535e-02 -1.33560924e-02  4.75219712e-02
     6.22817352e-02 -8.13325644e-02  3.60970758e-02 -4.54454646e-02
    -8.95827189e-02  1.10530585e-01  1.52142728e-02 -2.00291798e-02
    -1.20211504e-02  1.15585094e-02  1.70408309e-01 -2.70844679e-02
     3.15380208e-02  3.24648060e-02 -4.30609211e-02 -1.35385171e-01
    -4.05620337e-02  1.05262391e-01 -5.31259552e-02 -1.37701063e-04]
   [ 1.70833360e-32  7.78268203e-02 -7.40032941e-02 -6.85025938e-03
    -1.27642065e-01 -3.17938589e-02 -3.43388319e-02  2.58695930e-02
    -4.14930575e-04  9.37985331e-02 -1.46821113e-02  2.15936714e-04
    -1.42052829e-01  3.80058549e-02  3.86766717e-03  4.18806858e-02
     1.03244282e-01 -6.05006590e-02  1.15876935e-01  2.82405447e-02
    -3.97271924e-02 -2.00279951e-02  6.92424774e-02  1.18265338e-02
     1.12908980e-04  1.42526910e-01 -8.93547088e-02 -4.95957881e-02
    -5.05667068e-02 -6.69049565e-03 -1.22753009e-02 -3.94292548e-03]
   [ 5.83918003e-32 -9.84443724e-02  8.91542360e-02 -6.13229051e-02
     9.08853412e-02  8.41446128e-03 -1.17175877e-01 -2.95213312e-02
    -6.27631024e-02 -1.99466348e-01 -1.88022181e-02  4.63568382e-02
     1.41090408e-01 -7.15043768e-02 -1.01712778e-01 -1.83266908e-01
    -8.46866667e-02 -1.20568886e-01  3.60686742e-02 -3.93876582e-02
    -1.09077794e-02  3.34408991e-02 -5.35843298e-02 -4.15303139e-03
     2.76711937e-02  1.45206302e-01  5.10349497e-03  1.68631831e-03
    -1.77445814e-01  5.06976284e-02 -7.51406327e-02 -1.79960743e-01]
   [-3.63868340e-32  1.31082870e-02  1.09175434e-02  6.03738241e-03
     5.02605643e-03  1.40237823e-01  1.88518111e-02  7.44735152e-02
     4.95110974e-02  1.92177873e-02  1.40081509e-03 -4.69450280e-02
    -1.10794552e-01 -1.50136731e-03 -8.96722823e-02  4.00232971e-02
    -1.45099729e-01  3.59733962e-02  4.54465710e-02 -5.46796294e-03
     4.76551279e-02  4.86008869e-03 -1.08296014e-02 -5.59582748e-03
     7.19936043e-02  3.86179127e-02 -4.43872390e-03  3.38344164e-02
    -5.69932945e-02  4.25546318e-02 -9.19593424e-02 -4.41773012e-02]
   [-2.75835980e-32  3.33859846e-02 -4.90927957e-02  1.29141122e-01
    -1.87039084e-03  1.82961132e-02 -2.39372328e-02 -2.39130780e-02
    -3.80059481e-02 -8.36530328e-02 -2.53915377e-02 -1.23062953e-01
     4.44062874e-02 -5.59881218e-02  8.79396424e-02  5.90514652e-02
    -3.11069004e-02 -7.83495754e-02  5.71813323e-02 -3.23616043e-02
    -1.52956601e-02 -5.81674576e-02 -5.31099550e-02 -2.32627969e-02
     5.13071083e-02  4.44824621e-02  5.69508523e-02  7.77393719e-03
     8.65617953e-03 -2.49131769e-03 -7.07023069e-02 -6.13517314e-02]
   [ 5.89560008e-33  9.18393768e-03 -4.19357754e-02  1.16618901e-01
     2.90121846e-02 -3.91846225e-02  2.32538488e-02  5.75332083e-02
     9.23643261e-02 -4.07292601e-03  6.95490167e-02  1.83559619e-02
     8.47248361e-02  2.09412351e-02  3.92258391e-02 -5.06428145e-02
     3.19107845e-02 -3.58064100e-02  6.72561526e-02  9.11055598e-03
    -7.55024999e-02  1.38766374e-02  8.78727809e-02 -1.20513476e-02
    -2.20289100e-02  8.63931105e-02 -1.03422012e-02  6.36021197e-02
    -3.58343273e-02 -8.63607451e-02  8.33828300e-02 -1.44166790e-03]
   [ 4.38642065e-32  1.14554465e-01  4.06625569e-02  5.86548708e-02
    -4.96049337e-02  8.08951482e-02 -4.09011589e-03 -7.31789097e-02
    -5.99095076e-02 -3.45804431e-02 -4.02432494e-02 -3.18087861e-02
     6.40060231e-02  9.63925347e-02 -2.25806478e-02 -1.00497324e-02
     3.11227739e-02  6.90630451e-02  9.37170908e-02 -2.52093114e-02
     6.48696646e-02  7.24543934e-05  8.19852203e-03  8.08719452e-03
     6.01512715e-02  7.80468881e-02 -3.30338962e-02  4.09357203e-03
     6.80147782e-02  4.14653979e-02  2.29355134e-02  3.44524793e-02]
   [ 5.77992159e-32 -1.34913914e-03 -7.82464221e-02  1.14407316e-01
    -1.45380460e-02  2.08136141e-02 -4.04576138e-02 -1.99406780e-02
     5.58390319e-02  3.79308835e-02 -1.01118073e-01 -7.24181384e-02
     2.58435532e-02  5.12115769e-02 -3.43714319e-02 -1.18238725e-01
     2.02776119e-01  1.06534250e-01 -3.48743573e-02  2.78179236e-02
    -7.58485720e-02  6.94383681e-02  1.04196280e-01  2.43695993e-02
    -8.27565715e-02  9.49175432e-02 -2.83660777e-02 -2.94658449e-02
     1.21361569e-01  4.34029996e-02  5.99145032e-02  3.14494371e-02]
   [-4.37746279e-32 -9.07196943e-03 -1.82713289e-02 -7.18855113e-03
     1.19221900e-02  7.99416937e-03  8.62512887e-02 -9.93882027e-03
     7.06877410e-02 -1.89584970e-01  2.98101921e-02 -1.14096403e-01
    -1.51424743e-02 -1.83089506e-02  3.35701890e-02  4.29822169e-02
     3.07138078e-03 -6.82665706e-02  1.06570281e-01 -6.46043494e-02
    -9.84177645e-03 -6.20470531e-02 -2.39945520e-02  2.71112621e-02
    -4.43097437e-03  8.67805704e-02  2.32860278e-02 -2.35888287e-02
     4.12118761e-03 -3.06712976e-03 -2.82035619e-02 -1.22072855e-02]
   [ 1.38856122e-32 -4.84195724e-03 -1.09792426e-01  8.87125209e-02
    -9.27316099e-02 -1.01441024e-02  5.37282899e-02 -8.02086145e-02
     1.27535343e-01 -3.52016613e-02 -7.64568448e-02  8.04756880e-02
     6.60466999e-02  4.07127924e-02  6.32030368e-02  8.24080408e-02
     4.53729741e-02 -1.24321496e-02  4.18546051e-02  8.30244273e-02
     1.17691211e-01 -4.18399125e-02 -4.90243770e-02 -6.17993325e-02
    -2.82602757e-03 -1.04261123e-01  8.22484028e-03 -2.96010170e-02
     2.49926429e-02 -5.51733412e-02 -3.32620926e-02 -1.07968383e-01]
   [ 1.97604950e-32 -8.86855647e-02  1.70215607e-01 -4.39926051e-02
     2.02267960e-01 -1.07413188e-01  1.26895010e-01  6.07114434e-02
     3.44911702e-02 -2.22061984e-02  9.20471624e-02 -5.72510287e-02
    -1.34210467e-01 -1.38465255e-01 -3.17821689e-02  7.82051235e-02
    -2.88056016e-01 -1.32081747e-01  1.35068923e-01 -6.60060644e-02
     2.10248418e-02 -5.98123148e-02 -1.09284282e-01 -1.04577780e-01
    -3.10703628e-02 -2.75080763e-02 -2.09900681e-02  3.20979580e-03
    -4.73110788e-02 -9.28308442e-02 -2.73054671e-02 -9.58374962e-02]
   [ 8.11184260e-33 -1.37800127e-01  1.78444926e-02  1.03460826e-01
    -4.25942009e-04 -1.89085528e-02  4.47876519e-03 -3.84374559e-02
     2.05058549e-02 -1.20114505e-01  1.08261658e-02 -1.62326396e-01
    -3.35895270e-02 -5.37074544e-02 -9.05876383e-02 -4.70864028e-02
    -6.65058494e-02  8.01467802e-03 -4.48431037e-02  1.51464313e-01
    -3.01572285e-03 -5.69061115e-02 -7.49180168e-02  9.28820446e-02
    -7.87894875e-02 -4.16678675e-02  7.17872977e-02  5.72701469e-02
     1.58266515e-01 -1.25165656e-01 -8.44070339e-04 -9.16087348e-03]]

  [[-3.30657921e-32 -5.68327606e-02  1.27735332e-01 -9.53704566e-02
     8.50447044e-02 -4.83557209e-02  3.66522856e-02  1.15841441e-02
    -1.64946765e-02 -7.48133212e-02 -3.41990776e-02  1.21477498e-02
     2.82053221e-02 -9.75413695e-02 -1.77145228e-02 -2.42559295e-02
    -5.27150370e-03 -1.50798243e-02 -9.07532647e-02  1.04314715e-01
     2.29457095e-02  1.15186401e-01  1.27617255e-01  7.39170536e-02
     2.37239804e-02  9.71945226e-02 -1.23633286e-02 -9.21819583e-02
    -5.14305010e-02  4.94811572e-02 -6.00390285e-02  4.50219773e-02]
   [ 1.12875420e-32  9.44465175e-02 -1.80856556e-01 -7.50449002e-02
    -1.96341258e-02  4.67011966e-02 -2.70097330e-02 -5.54788150e-02
     2.25208141e-02  1.08427413e-01  7.32128024e-02 -3.02905720e-02
    -1.83078974e-01  2.05705338e-03  5.44983931e-02 -1.99315026e-02
    -6.38140216e-02 -3.14070657e-02 -1.38698101e-01  5.89801334e-02
     2.04490170e-01  6.92811832e-02  1.03413150e-01 -2.61330158e-02
     1.49604782e-01  3.63812372e-02 -4.64671291e-02  5.72203547e-02
    -1.13508396e-01  1.04855292e-01 -7.00312778e-02  1.11550219e-01]
   [-4.07652919e-32  5.13505861e-02 -9.56898648e-03  7.82184303e-02
    -1.19282221e-02 -3.80590046e-03 -1.84147451e-02 -3.61694358e-02
    -9.81723773e-04  8.76738057e-02 -1.43484771e-01 -7.33065382e-02
    -1.72603205e-01 -1.22345639e-02 -2.90086847e-02 -9.81138498e-02
     5.12122326e-02  1.02726556e-01  7.81565160e-02 -1.23627566e-01
     4.13189046e-02  3.88106890e-02  1.39828760e-03 -7.93690830e-02
     5.72445691e-02 -5.28173558e-02  7.79088028e-03  1.57812521e-01
     1.50150016e-01 -3.46006006e-02  1.86899863e-02 -1.01407185e-01]
   [ 3.31301181e-33  8.81785247e-03 -1.70915630e-02 -6.48224056e-02
    -5.09682344e-03 -3.76186357e-03 -7.26821050e-02  7.64665231e-02
    -2.68183481e-02 -1.29654463e-02 -1.78941190e-01  1.76283792e-02
     2.28690896e-02 -2.90819034e-02  7.24851713e-02 -4.86268923e-02
    -3.45044881e-02  3.43823098e-02 -3.24112028e-02  7.08938912e-02
    -7.85126910e-02  4.11906056e-02  1.57191120e-02  4.08314653e-02
    -2.31783278e-02  9.01686773e-02 -1.77318454e-02 -5.17766215e-02
    -5.72401136e-02  3.91685590e-03 -1.23889402e-01 -2.95229815e-02]
   [ 3.57451081e-32  3.22068445e-02  8.62684920e-02 -3.67398523e-02
     7.30884746e-02 -3.53870541e-02 -7.42295235e-02 -6.01318926e-02
    -1.34968879e-02 -4.39916588e-02  9.26990360e-02 -3.55761498e-02
    -1.58325173e-02  4.02133837e-02  6.78952634e-02  1.00007445e-01
    -1.80395901e-01 -4.75860424e-02  2.46898420e-02  3.53620425e-02
    -1.21035194e-02  1.82456814e-03  2.29819641e-02  2.87670586e-02
    -6.66664019e-02 -6.75220191e-02 -5.42057380e-02 -1.11737840e-01
    -7.53276572e-02  1.02988081e-02 -9.94664952e-02 -6.83623459e-03]
   [ 4.40553654e-32  1.07485475e-02  1.15139782e-02  3.22321840e-02
    -1.17268980e-01  3.71863432e-02 -3.90599445e-02 -6.06778730e-03
     4.90780585e-02  5.48997782e-02 -8.55605677e-02  2.09129043e-02
     6.06759898e-02  1.59688375e-03 -1.30811548e-02  4.83501703e-02
    -1.92209706e-01  6.81676641e-02  1.22143529e-01 -4.72879708e-02
     5.07656336e-02  1.41168041e-02 -6.75302371e-02  2.33095735e-02
     1.42419055e-01 -8.68146345e-02  1.44462744e-02 -1.01587035e-01
    -7.39075616e-02  1.38703555e-01 -7.70944580e-02  3.55309853e-03]
   [ 5.12455822e-32 -5.61452173e-02 -3.09266243e-02 -7.26479962e-02
     2.23750016e-03  4.02311683e-02  1.47309629e-02  6.42847940e-02
    -6.72284365e-02 -4.57605422e-02  4.85454760e-02 -1.66794673e-01
    -2.36595544e-04 -1.32157386e-03 -2.88168907e-01 -1.59734059e-02
     1.50750995e-01 -9.96179655e-02  6.59880191e-02 -6.85716942e-02
    -4.72992957e-02 -6.08167574e-02 -1.87489346e-01 -3.45564485e-02
    -2.95254830e-02  1.50910467e-02 -1.07114404e-01  3.22960131e-02
    -3.39472368e-02 -1.02985531e-01  5.11521958e-02  2.77786050e-02]
   [-2.72862743e-32 -2.73078792e-02 -5.03630042e-02  8.75785667e-03
     6.86213747e-02 -1.61581859e-02 -7.79712945e-02  4.94587235e-02
     2.27540284e-02  7.07884431e-02 -1.28820175e-02  3.07234284e-02
     7.71753415e-02 -3.99708897e-02  1.76094230e-02  5.14579378e-02
     5.71612418e-02 -4.55478430e-02  6.42818511e-02  1.12629933e-02
     2.74235662e-02  6.76973686e-02 -6.08984614e-03 -6.35513514e-02
     1.70439426e-02 -6.23547770e-02  3.43920439e-02 -1.66680161e-02
    -9.71738547e-02 -5.70194051e-03 -3.07370331e-02 -4.48213741e-02]
   [ 2.01509413e-32  1.11842121e-03 -4.61471714e-02 -3.29068713e-02
     1.32908389e-01  5.94106689e-02  5.12757860e-02  5.10494970e-02
     3.37298624e-02  3.74262803e-03  1.71684194e-02 -2.85270605e-02
    -1.18184444e-02  7.12115169e-02 -4.58176713e-03  4.29635821e-03
    -6.06015101e-02  6.44953847e-02 -5.13682961e-02  7.17537254e-02
    -5.91032058e-02  3.17264125e-02  4.39406671e-02  3.77942547e-02
    -1.33432329e-01  2.41790526e-02 -4.63545732e-02 -3.90834548e-02
    -1.47329941e-01 -4.02133055e-02  1.94028597e-02 -9.75354866e-04]
   [ 3.97136682e-32 -5.93190826e-02  8.67645442e-02 -1.88125502e-02
     6.33835793e-02 -1.22360237e-01 -6.87661618e-02 -5.07028662e-02
    -5.79570569e-02 -1.07162558e-02  2.86794733e-02 -2.30603144e-02
     1.52176442e-02  9.02861282e-02 -6.17454946e-02  8.04263428e-02
     6.11395761e-02  1.10642398e-02 -2.73728557e-02 -9.87251289e-03
    -1.21039171e-02  1.21642329e-01  2.98276171e-02  7.57979527e-02
     7.68797323e-02 -1.88028421e-02 -4.82807308e-02 -1.60943568e-02
     9.03345644e-04  2.82005575e-02  2.29384955e-02 -1.03306510e-01]
   [-4.38106098e-32  5.26317842e-02  1.49651347e-02  2.44665965e-02
    -8.01811516e-02  2.60607973e-02  1.25651807e-01  2.33854949e-02
    -2.31983606e-02 -3.39794345e-02 -5.89762144e-02  1.49848266e-02
     1.24795698e-01 -1.23465255e-01  7.64215961e-02 -3.86772268e-02
    -7.92814568e-02  3.56268398e-02  7.63622746e-02  3.11226994e-02
     3.05153448e-02 -2.25701164e-02  4.50916812e-02  3.69856171e-02
     3.49241905e-02 -3.44644189e-02 -1.39327487e-02 -5.05077876e-02
     9.66412723e-02 -3.93801592e-02  1.04355300e-02  1.73286051e-02]
   [ 1.63533099e-32  1.27060249e-01 -7.06370473e-02  1.08414374e-01
     6.10778481e-02  8.72997269e-02  4.07603867e-02 -9.55543071e-02
    -1.67118326e-01 -1.26950666e-01 -2.62635648e-01 -8.36264864e-02
    -1.61953866e-02  1.07496433e-01 -1.29286528e-01  5.51688969e-02
     4.13956959e-03  1.20178752e-01  2.86146253e-02  2.90350728e-02
     1.56709533e-02 -7.06687495e-02 -7.30482042e-02  2.38895975e-03
     1.42276892e-02 -5.36275059e-02  9.14094448e-02  1.31632015e-01
     3.11644897e-02 -3.64267528e-02 -2.18735188e-01 -7.47202560e-02]
   [ 5.35740660e-32  6.49349615e-02  1.66146010e-02  2.11344492e-02
    -8.53206441e-02  1.37266638e-02 -7.74077401e-02 -1.85980082e-01
     1.03684619e-01 -1.23361245e-01  3.82027812e-02  6.78502768e-02
    -3.06211784e-02 -7.19758775e-03  2.53474098e-02 -6.36019111e-02
    -1.78731661e-02  2.32755374e-02  3.81226614e-02  2.83282511e-02
    -4.46346514e-02  3.47303078e-02 -3.36306654e-02  1.95030402e-02
    -2.14250963e-02  9.06308647e-03 -9.16706398e-03  4.96179610e-02
     3.61656360e-02 -5.48535027e-02 -4.96054068e-03 -2.76630186e-02]
   [ 3.12287765e-32 -1.01996355e-01  3.23780701e-02  3.62124331e-02
    -5.90132177e-02 -2.58934014e-02 -2.71109003e-03 -5.88571876e-02
    -5.39699458e-02 -8.03387165e-02 -4.52059135e-02 -4.33190763e-02
    -1.26785666e-01  4.36819158e-02  1.41526312e-02 -9.68817547e-02
     3.63309979e-02  7.69337863e-02 -4.68859896e-02 -2.61923391e-02
    -3.63334715e-02  1.61320105e-01 -5.56980222e-02 -1.16357714e-01
    -1.65722564e-01  1.11743920e-02 -7.92839937e-03  1.34955034e-01
     3.46615650e-02  1.08028702e-01  4.66834083e-02 -8.23584348e-02]
   [-5.63540573e-32 -1.42572567e-01 -4.90684696e-02 -7.08477423e-02
    -3.73851508e-02 -1.16700955e-01 -3.93337123e-02 -6.09399192e-03
    -4.83430084e-03 -3.47195007e-02 -7.29455659e-03 -8.98943171e-02
    -1.15292639e-01 -4.16055657e-02 -9.57501307e-02  5.20940870e-02
     9.90529209e-02  6.30733296e-02 -3.30235437e-02 -1.29768685e-01
     3.37784514e-02 -8.32831115e-02 -3.15929689e-02 -2.97536086e-02
    -1.98394097e-02  7.10093305e-02 -1.15486316e-01 -1.21378154e-01
     4.50039953e-02  8.33904892e-02  7.86759630e-02  8.97517242e-03]
   [ 4.25008475e-32  6.83130771e-02  1.95922852e-02 -5.37129901e-02
     7.47312307e-02 -4.83467802e-02  8.86481106e-02  7.97373652e-02
     1.11362794e-02  4.12921980e-02  1.45005593e-02  1.77557638e-03
     6.47409856e-02  2.61986479e-02  9.28831026e-02 -2.70618126e-02
     1.90352388e-02 -4.85718511e-02  8.31398293e-02  5.05434629e-03
    -7.56299198e-02  6.04410795e-03 -6.77715316e-02  2.15713624e-02
     1.52117806e-02  5.13031781e-02  1.19453989e-01  4.51492108e-02
    -2.70460919e-02 -3.58153880e-02  5.24607673e-02 -6.67402074e-02]
   [-4.95945651e-32  1.03598135e-02  2.31487770e-03  3.73177305e-02
    -2.75215767e-02  9.26616862e-02 -3.34507339e-02  3.00776884e-02
    -6.42270893e-02 -5.93952313e-02 -6.67546352e-04 -4.82477285e-02
    -3.47545855e-02 -1.29968867e-01 -7.07473010e-02  3.68686952e-02
    -1.24300621e-01 -3.25369313e-02 -6.19080439e-02 -3.45343053e-02
     6.66452274e-02 -2.91395765e-02 -5.96550256e-02  1.20099969e-02
    -1.05339274e-01 -1.44064575e-01 -4.01797297e-04 -1.47041958e-02
    -8.35585073e-02 -1.06395938e-01 -3.62086222e-02 -1.21550068e-01]
   [-4.17882511e-33 -6.51377365e-02 -7.91692361e-02  1.76062230e-02
    -2.40857638e-02  4.93252128e-02 -9.25000235e-02 -1.49574116e-01
     1.02462331e-02  1.08401120e-01 -1.62994295e-01 -7.26707652e-02
    -1.47338603e-02 -2.52198398e-01 -1.33284077e-01  1.63144823e-02
    -8.42855722e-02  4.30531800e-02 -8.42479914e-02 -4.57427129e-02
     3.92952515e-03 -8.01703632e-02 -1.80029020e-01  2.30320226e-02
    -2.47500502e-02 -1.09215192e-01 -1.22728143e-02 -7.99462125e-02
     1.26804523e-02 -1.94391981e-02  7.03278929e-02 -1.19834006e-01]
   [-4.43700423e-32  6.01961575e-02 -1.69283822e-02  2.07982548e-02
    -2.09224485e-02  6.67228624e-02  2.29100082e-02  6.38099089e-02
     1.57805588e-02  2.73627695e-02  2.88337432e-02  2.46553943e-02
     3.83975431e-02  2.15834320e-01 -5.35628162e-02  1.68664344e-02
     8.86458009e-02  1.24869710e-02  5.63977733e-02  6.87599480e-02
    -4.70526889e-02 -6.86670542e-02 -8.16998258e-02  2.00956296e-02
    -1.62712187e-01  6.36223704e-02  8.09031501e-02  1.57434732e-01
    -3.61562595e-02 -1.68475360e-02  2.49499418e-02 -2.48239674e-02]
   [ 3.44705666e-32 -2.84050722e-02  1.20479716e-02  3.45267914e-02
     5.65741472e-02  8.42505787e-03  3.81344520e-02 -3.70592251e-02
    -3.13135460e-02 -5.79484254e-02  3.12822009e-03  2.84293406e-02
    -4.10137810e-02  6.20804280e-02 -4.90407012e-02  1.84832290e-02
    -6.38530999e-02 -3.69317122e-02  7.24491477e-02 -4.61575836e-02
     4.35987003e-02  1.89392474e-02 -1.26688018e-01  1.27082672e-02
    -6.66435882e-02 -6.09706203e-03 -7.87666142e-02 -1.91441868e-02
     1.89882983e-02 -6.93130121e-02 -1.32203680e-02 -6.32357225e-02]
   [-5.71246644e-32 -1.07618786e-01 -2.60698851e-02  1.43509991e-02
     5.47539443e-02 -6.27396926e-02 -7.37099051e-02  2.72545479e-02
     1.21256731e-01  6.57031834e-02 -2.24953573e-02 -2.39602663e-02
     2.95197107e-02 -6.79267645e-02 -5.36528528e-02 -4.43161875e-02
    -3.68963964e-02  1.32802695e-01 -6.93660975e-02 -2.99125742e-02
    -5.35618402e-02  9.98180881e-02 -4.22458770e-03 -1.45243006e-02
     3.14306505e-02  8.28291383e-03 -3.93328629e-02 -1.51684031e-01
    -4.27321233e-02  1.38433948e-01 -1.96840689e-02  2.81487145e-02]
   [-5.13449879e-32 -6.35985583e-02  1.17864706e-01 -2.20103096e-02
    -7.80562731e-03  1.08143957e-02  5.22978790e-02  5.80146676e-03
    -1.01064900e-02 -1.31254895e-02 -4.33671148e-03 -2.83400733e-02
    -2.19439976e-02  1.84176132e-01  1.03748828e-01  5.47010414e-02
     1.51763409e-01  1.42213002e-01  1.78239658e-03  2.59641949e-02
    -3.56504917e-02 -3.70369889e-02  3.64671908e-02  3.51484716e-02
    -5.27788848e-02  1.08357377e-01  3.74184437e-02  1.20401131e-02
     3.57437395e-02 -4.60823765e-03 -1.04375429e-01  4.99415509e-02]
   [ 4.28221278e-33 -8.80978853e-02 -5.24719320e-02  3.83554287e-02
    -9.89418030e-02  1.20384306e-01  1.12213632e-02 -1.61766112e-01
     2.16502547e-02  4.31923978e-02 -9.34411511e-02  8.52550492e-02
     3.49333361e-02 -1.63213253e-01 -5.24788387e-02  9.20602754e-02
     5.17277373e-03 -8.94150212e-02  2.21490394e-02 -4.03725766e-02
     2.46408992e-02  4.25951071e-02 -5.77989481e-02 -2.84942929e-02
     6.23938553e-02 -9.90166292e-02 -1.32801712e-01 -1.27722949e-01
    -5.36220931e-02 -8.62995759e-02 -9.00385827e-02 -3.70996036e-02]
   [-8.32062656e-33 -4.26443070e-02 -5.86623251e-02  9.54672415e-03
     1.33068301e-02  7.30800182e-02  1.90898720e-02  1.21411830e-01
     3.27242948e-02 -1.62569527e-02 -1.17173120e-02  7.31055662e-02
     1.78898256e-02 -1.23442747e-01  5.21867611e-02 -5.49730137e-02
    -1.08490303e-01  1.10943086e-01  5.72042866e-03  6.95823953e-02
     2.13762634e-02  7.65679106e-02  1.10785039e-02  7.70547474e-03
    -3.54523398e-02  6.26642331e-02  7.47335702e-02 -6.18552156e-02
     6.29164204e-02  1.07241750e-01 -5.93322366e-02 -1.99829638e-01]
   [ 3.99021264e-32 -5.73754273e-02  2.36355737e-02  8.60564038e-02
    -4.48561786e-03  7.22691789e-02 -2.11810991e-02  1.23866312e-01
     4.22818512e-02 -8.14054906e-02 -6.81639165e-02  1.41928066e-02
    -5.59467524e-02 -3.84201445e-02 -3.52147967e-02 -3.50413658e-02
    -9.94361821e-04  4.00234722e-02 -1.78091023e-02  1.15552275e-02
    -2.22711135e-02 -2.76289880e-02  1.36862407e-02  5.05336747e-02
     2.09600627e-02 -2.30675489e-02  7.72459060e-02  1.12934317e-02
    -1.51742634e-03  1.31543390e-02  4.70822044e-02 -1.40570194e-01]
   [-4.31077347e-32  5.11368029e-02  6.54182360e-02  4.47581038e-02
     4.36768979e-02 -1.42756375e-02 -3.22236307e-02  1.40645606e-02
    -2.90597845e-02 -1.11594409e-01 -1.56528190e-01 -9.29261744e-02
    -1.23591684e-01  4.81912307e-03  1.37373609e-02  6.75620735e-02
     5.00527099e-02  1.76823710e-03 -5.46731837e-02  2.81519033e-02
    -5.96864941e-03 -2.04822086e-02 -1.09072449e-02 -8.12502652e-02
    -9.05308574e-02 -6.80727214e-02 -1.99424233e-02 -7.93601107e-03
     9.88691207e-03 -3.19492421e-03  5.59494570e-02 -6.16259947e-02]
   [-5.21990257e-32 -2.13998239e-02 -5.66803738e-02  1.07542938e-02
     6.11639805e-02  8.89680460e-02  7.62840360e-02 -9.51010957e-02
    -3.79403569e-02  6.37565106e-02  9.75286365e-02  5.40599115e-02
     5.76361492e-02 -1.35732796e-02 -1.98515155e-03 -1.05785184e-01
     6.31793141e-02 -9.57591366e-03 -1.06133362e-02  2.61252578e-02
    -1.96915083e-02  1.01071216e-01 -3.43958400e-02  4.52741534e-02
     1.62887603e-01 -1.64380416e-01 -7.10435957e-02 -3.56889628e-02
     1.29529815e-02  3.44839394e-02  6.63923249e-02 -6.44347295e-02]
   [-2.43185448e-32  8.04583207e-02  9.32789743e-02  4.22360152e-02
    -1.15576470e-02  6.99427575e-02 -9.61183105e-04  5.12676872e-03
     3.53260599e-02 -2.05442053e-03 -1.12722963e-01  8.73729810e-02
     1.02500647e-01 -2.44144592e-02  3.83978188e-02 -9.96061563e-02
     1.28906354e-01  3.32914814e-02  1.19307250e-01 -4.28226292e-02
     1.22396708e-01  1.18704647e-01  8.85251164e-02  8.50447938e-02
    -1.14762001e-01  6.28697798e-02  5.92404306e-02  6.51061609e-02
     1.04479603e-01  5.71353994e-02  8.18898901e-02  3.34937610e-02]
   [ 1.35738961e-33  1.02467120e-01 -7.82809183e-02  6.44158944e-02
     7.38533810e-02  4.17026989e-02  1.16018364e-02  8.45519379e-02
    -1.31131080e-03  9.52689201e-02  1.29669923e-02  6.12640977e-02
     9.16782171e-02  5.81359193e-02  2.10087504e-02 -4.83994698e-03
    -4.82263044e-02 -8.67940113e-03  4.95816506e-02  1.65433418e-02
    -8.72325972e-02 -1.44314459e-02 -6.00649305e-02  5.56652099e-02
    -1.59187064e-01  7.63571113e-02  8.29940848e-03 -5.28390631e-02
    -9.99407694e-02  7.38007873e-02  1.84004474e-02 -1.11184958e-02]
   [-1.34890107e-32  1.67078599e-02 -1.67359829e-01  4.36201431e-02
    -6.55130744e-02  4.79875579e-02 -7.38722160e-02 -5.11874370e-02
    -1.28194056e-02  3.45205958e-03  1.71059072e-02  4.93182912e-02
     1.09290585e-01  1.61478855e-02  3.90057191e-02 -8.34239498e-02
     2.42071837e-01  6.58389851e-02 -6.90357834e-02  1.57233630e-03
     1.32587373e-01  3.34682837e-02  1.05911374e-01 -4.11922708e-02
     6.26779869e-02  5.60803376e-02 -2.71613114e-02  6.00605384e-02
     6.90236688e-02  9.95971411e-02  2.74919253e-03  4.61138003e-02]
   [-4.25388895e-32  9.23363566e-02  1.31769866e-01 -1.01315968e-01
     1.15148030e-01 -3.95200215e-03  4.00977619e-02 -1.13592677e-01
    -4.81167324e-02 -3.02221216e-02  1.14076070e-01 -5.08589447e-02
    -1.24380931e-01 -6.41188622e-02 -1.12695899e-02  2.91015790e-03
    -9.80566442e-03 -6.27841279e-02  2.78017973e-03 -6.31182268e-02
    -8.19195434e-02  2.51815729e-02  3.38965701e-03  6.70203716e-02
     5.29794432e-02 -5.66760413e-02  4.09786403e-02  1.36174615e-02
    -2.13495299e-01  2.74566989e-02  4.97217439e-02 -9.36351158e-03]
   [ 2.97015890e-32  3.01349349e-02 -8.19473267e-02 -8.60866997e-03
     1.01183929e-01  4.88565974e-02  2.77847871e-02 -5.09572923e-02
    -1.05018625e-02 -9.29186568e-02 -1.39811918e-01 -1.01375066e-01
    -3.10976710e-02  7.37816319e-02  1.93776600e-02 -2.44272519e-02
    -3.16571593e-02  5.57308234e-02 -4.44314629e-02 -6.88777566e-02
     1.20284595e-01  5.99509552e-02 -1.07110746e-01 -1.09474175e-01
    -3.76480911e-03  6.31640777e-02 -1.28849037e-03  2.27028038e-02
    -5.67250885e-02 -1.63603239e-02 -1.11638168e-02 -8.85967612e-02]]

  [[-1.08979978e-32 -1.19563658e-02  1.57215749e-03  1.07277609e-01
     4.56563085e-02  2.05296688e-02  6.57433122e-02  7.21621066e-02
     9.26739797e-02 -1.53502570e-02 -6.28995374e-02  3.45748253e-02
     5.98895550e-02  6.99936301e-02  1.48912817e-01 -1.62424579e-01
    -4.64317724e-02 -7.35214949e-02 -2.01208834e-02  1.65997294e-03
    -2.49983128e-02  7.69475251e-02  1.33182332e-01 -4.14669998e-02
     8.32039788e-02  7.25537762e-02  8.61738995e-03  3.13248252e-03
    -1.91846583e-02  2.81300060e-02 -2.93030702e-02 -4.21081260e-02]
   [ 1.93407318e-32  1.33610079e-02 -3.48702981e-03 -5.20465970e-02
    -4.93335165e-03 -4.62958217e-02 -5.99307157e-02  1.23797521e-01
     1.73331365e-01 -6.42073825e-02 -1.27955854e-01 -3.43698263e-02
    -1.65169716e-01 -5.70925921e-02 -2.45518610e-02 -1.95047230e-01
    -2.20414181e-03 -5.48456311e-02 -1.13691211e-01 -1.82790328e-02
    -7.27083907e-03  5.24213817e-03 -8.12600926e-02 -7.40634501e-02
    -3.76449451e-02 -6.14268817e-02  3.30558196e-02  1.70201845e-02
     2.13284194e-02  1.54664023e-02 -1.43493176e-01 -3.95291857e-03]
   [-3.51142438e-32 -1.81338295e-01  1.06072150e-01 -2.26637155e-01
     1.23574503e-01 -7.12086707e-02 -4.62825857e-02  1.15200631e-01
    -9.24129188e-02 -4.45798486e-02  1.41697511e-01 -8.22319090e-02
    -2.33094804e-02  9.11381561e-03 -2.49802154e-02 -9.46200266e-02
     1.96194835e-02  1.03213474e-01 -4.15461957e-02 -1.56488642e-01
    -2.39073902e-01 -1.09291915e-02  7.09656440e-03 -1.88280344e-02
    -3.56855020e-02  9.90252346e-02 -2.00161204e-01  2.78330334e-02
    -1.57502934e-03  6.59032837e-02 -7.41075501e-02 -4.44471054e-02]
   [-1.37114363e-32 -4.39452045e-02 -4.75157835e-02 -3.56452577e-02
     5.59850186e-02 -3.29453759e-02 -9.98899247e-03  2.41806265e-02
     7.35642435e-03  6.92015048e-03  2.75955107e-02 -7.93617498e-03
     2.14337129e-02  1.99584235e-02 -9.40177217e-03 -4.25298586e-02
    -4.71918918e-02  2.06517354e-02 -5.98866194e-02  1.21236421e-01
    -7.00858049e-03 -3.98577238e-03  1.11142389e-01  5.61305992e-02
     1.89161710e-02 -3.07784043e-02  3.50464992e-02 -5.11937365e-02
    -1.11123495e-01  4.41508368e-02 -1.00563606e-03  7.96105433e-03]
   [-4.04586906e-32  8.04370791e-02  9.90215689e-03  4.97274240e-03
    -7.48824477e-02 -3.00363805e-02 -7.36296102e-02  4.45774868e-02
     1.22458175e-01 -3.02943662e-02  1.33162439e-02 -4.18945588e-02
    -1.08269062e-02  4.60061654e-02 -1.19400267e-02  4.93086036e-03
     2.07689106e-02  6.21702224e-02  3.17034088e-02  1.63829014e-01
     5.79926651e-03  2.97046192e-02  8.74006227e-02 -3.44641618e-02
    -1.40935066e-03  1.11495703e-01 -3.08444202e-02 -8.17401633e-02
     2.59507596e-02  8.87396559e-02  6.33679852e-02  1.24931343e-01]
   [ 1.94382170e-32  8.20980743e-02  1.25654629e-02 -1.32899150e-01
    -8.34422633e-02  1.48243636e-01 -9.35258418e-02 -1.01970248e-01
     1.14457853e-01 -8.89971554e-02 -1.29843459e-01  4.47044484e-02
    -1.87361002e-01 -4.53866683e-02  7.86737651e-02 -4.09546234e-02
    -5.62640615e-02 -7.03704683e-03  1.16293738e-02  3.74377668e-02
     5.99840060e-02 -4.38719764e-02 -6.32631034e-02  4.00702953e-02
     4.98367921e-02  3.15819457e-02 -3.57593708e-02 -3.95423770e-02
    -8.11157450e-02 -2.55792476e-02 -1.25389844e-01 -1.58469584e-02]
   [-3.44983494e-32 -4.45089154e-02  3.47487368e-02 -8.18464980e-02
     7.31367767e-02  4.09794487e-02 -2.50078917e-01 -1.99955136e-01
     5.34527749e-02 -1.88688084e-01 -1.51707515e-01 -5.64572662e-02
     1.74018682e-03  6.46884292e-02  5.86451450e-03 -9.33151990e-02
    -7.14979768e-02  1.09284557e-01  5.05509079e-02 -1.29173100e-01
     4.99863662e-02  1.19083291e-02  4.29663435e-02  2.41804309e-02
    -1.74044650e-02  3.45139876e-02 -4.91147377e-02  1.00593597e-01
    -2.71292515e-02 -1.58720866e-01 -7.66238496e-02  2.13981383e-02]
   [-5.52731079e-32 -3.19772884e-02  3.25270519e-02 -3.67646068e-02
     7.10652247e-02  4.52411883e-02 -5.77872843e-02  4.39047739e-02
    -2.45746020e-02  3.01230568e-02 -2.75821779e-02  4.88355942e-02
     7.74590001e-02  2.19059046e-02  7.69348368e-02 -8.25726241e-02
     1.64519865e-02  3.83085236e-02 -6.35404419e-03 -4.19468693e-02
    -1.29077077e-01  5.93893565e-02  7.97566678e-03  7.12013468e-02
    -5.17812334e-02 -1.87382922e-02 -1.37818083e-02 -1.68759331e-01
    -7.18279853e-02  8.26959312e-03 -1.12635819e-02  3.05548944e-02]
   [ 3.12804807e-32 -4.56401557e-02 -2.99071278e-02  1.22230072e-02
    -8.36991221e-02 -1.12895824e-01 -3.54101621e-02  2.95152180e-02
     2.70067137e-02 -1.74524989e-02  1.53883114e-01  7.28572309e-02
    -4.53099944e-02  1.29235208e-01  2.21398380e-02 -1.42573729e-01
    -7.81145936e-05  6.17712038e-03 -1.16007641e-01 -3.51128243e-02
    -6.25578314e-02 -2.46106461e-02 -1.07449032e-01 -8.95611942e-02
    -1.08395880e-02  5.28183877e-02 -8.54564235e-02  1.91581845e-02
     4.85755242e-02  3.88629884e-02 -2.04451047e-02  1.86772682e-02]
   [-3.26952616e-32 -7.18009248e-02 -5.90032935e-02 -5.27066067e-02
     4.08922471e-02 -9.33566019e-02  7.98018128e-02 -1.86710898e-02
     2.46796627e-02 -7.96199590e-02  1.17023423e-01  4.20624856e-03
     7.02649206e-02  9.48724449e-02 -7.96935521e-03 -5.70006594e-02
     6.04649168e-03  3.16412970e-02 -3.14897150e-02  2.63717920e-02
     1.67069794e-03  2.33170930e-02  8.56504217e-02  3.66761722e-02
    -4.79144081e-02  1.66969020e-02  2.77796630e-02 -7.11175846e-03
    -1.00936018e-01  5.56680039e-02  5.93088828e-02  1.30766377e-01]
   [-3.41562394e-32  2.04005167e-02  2.02635955e-02 -9.75095406e-02
     7.31423646e-02  6.08979817e-03  4.75783125e-02 -4.24617454e-02
    -6.60458207e-02  5.76342037e-03  2.30729297e-01  1.15340196e-01
     4.97191250e-02 -1.15919150e-01 -1.19168237e-01  3.36536542e-02
    -5.27261235e-02 -1.11867338e-01 -6.04324369e-03 -5.61199822e-02
    -7.55552277e-02  2.58541480e-02 -3.41704823e-02 -8.53214338e-02
     5.03662117e-02  2.28794962e-02  2.09604902e-03 -3.58583592e-02
    -1.04179122e-01 -4.26202714e-02 -1.40692554e-02 -3.33598666e-02]
   [ 3.40226063e-32  8.03700164e-02 -4.11082134e-02 -5.68011366e-02
     1.61312044e-01  1.33127347e-01  2.50573814e-01  6.26383796e-02
     1.03050824e-02  7.86286667e-02 -9.28068683e-02  1.86216563e-03
    -4.81738411e-02 -2.34785274e-01 -1.38898820e-01 -6.66458830e-02
     3.00551020e-02  6.74499245e-03 -4.54096533e-02  1.10808015e-01
     9.83969346e-02 -5.72995618e-02 -1.73799083e-01 -4.17400561e-02
     2.27892417e-02 -2.06146777e-01 -4.11255211e-02 -1.21437028e-01
    -2.75149979e-02 -3.35647911e-01  5.85453101e-02  3.84943150e-02]
   [-2.82567903e-33 -5.25540635e-02  3.85965779e-02 -6.65405840e-02
    -7.04392865e-02 -4.99845669e-02 -1.19892158e-01 -1.41783923e-01
    -3.60450684e-03 -6.69203093e-03  6.01791870e-03  6.70945197e-02
     7.72278830e-02 -9.32645891e-03  8.48655030e-02  6.93438500e-02
    -4.52142619e-02  9.95334890e-03  1.59183353e-01  6.98414370e-02
    -1.34302201e-02 -1.85117498e-02 -1.16248045e-03 -1.04901984e-01
     4.76820022e-02  1.25478134e-01 -4.75713946e-02 -8.80744383e-02
     5.95304891e-02 -9.52223130e-03  1.29251312e-02  5.89560159e-02]
   [ 5.54018187e-32 -1.37867615e-01  1.20197153e-02 -6.36161640e-02
     1.07558064e-01  8.68813396e-02 -6.31187931e-02  5.50089069e-02
    -9.52171460e-02 -7.06781000e-02 -2.80719157e-02 -4.55145910e-02
     2.47864593e-02 -4.85472206e-04 -1.45775184e-01  1.59009188e-01
     3.34419720e-02  3.56772020e-02 -5.82444109e-02 -2.95977183e-02
    -2.95962781e-01  1.47244394e-01  3.61616388e-02 -1.15520954e-01
    -1.55111954e-01  2.54980158e-02  4.02577445e-02  7.59603307e-02
     1.22704133e-01 -7.87135214e-02 -7.48207048e-02 -2.29895171e-02]
   [ 9.71624692e-33 -2.03688964e-01  3.92688625e-02 -2.22510993e-02
    -9.81127620e-02 -6.07794970e-02 -2.50830680e-01 -2.81349629e-01
     1.29439116e-01 -8.09641108e-02  2.84734555e-03 -5.57084791e-02
    -3.12301796e-02 -1.57788530e-01  3.87720130e-02  9.01695862e-02
    -1.52861968e-01  3.97371724e-02  6.15324788e-02  5.19112917e-03
     3.52357849e-02  2.91740689e-02 -5.42292483e-02 -2.59255562e-02
     6.05289713e-02  5.02513461e-02  3.95895950e-02 -5.92366047e-02
     3.24575193e-02  1.03610151e-01 -1.04046397e-01  6.63137138e-02]
   [ 2.42713458e-32  5.28843179e-02 -2.75286124e-03 -5.04311919e-02
    -3.37190889e-02 -9.05692503e-02 -4.59358059e-02  8.94629657e-02
     1.63343847e-02 -2.70083155e-02 -1.41686015e-02 -3.11598908e-02
     1.11092649e-01  8.97610933e-02 -4.02924940e-02 -3.66890393e-02
     9.92427021e-03 -6.60523102e-02  3.19091380e-02  1.23835765e-01
     6.63586566e-03 -4.91358340e-02  9.49438959e-02  2.63002459e-02
    -6.05086870e-02  1.27186000e-01 -9.14756805e-02  3.68955173e-02
    -3.25497463e-02 -1.03273638e-01 -5.93510568e-02  2.40644272e-02]
   [ 2.48993581e-34  1.05811462e-01  5.97698092e-02  2.26691868e-02
    -2.24495772e-02 -4.09154706e-02 -3.01793981e-02 -6.73990995e-02
     1.38484895e-01 -3.89265455e-02 -3.03184371e-02 -4.38986048e-02
    -4.46454249e-02  4.76154499e-02 -1.84267026e-03  1.63046038e-03
    -3.76570933e-02  9.37226862e-02 -7.79962540e-03  8.06148630e-03
     5.06972289e-03 -1.05442787e-02  7.36669078e-02  3.32601443e-02
     2.16899253e-02 -3.10740955e-02  2.13403657e-01  6.32033795e-02
     1.93291542e-03  9.56234559e-02 -4.79588136e-02  4.77317981e-02]
   [ 2.32893275e-33 -1.06516808e-01 -3.86185683e-02 -1.41400248e-01
     8.10980611e-03 -1.26063511e-01  3.66854295e-02  1.05716161e-01
    -9.37789679e-02 -4.14603353e-02 -3.95965874e-02 -5.36586568e-02
    -6.34020381e-03 -5.68075702e-02 -6.97665736e-02 -5.97926006e-02
     1.96791925e-02  1.72018185e-01  1.03990532e-01 -1.04598857e-01
    -1.95103586e-02 -1.54876895e-02  1.02969311e-01  1.13276422e-01
     2.77084508e-03 -1.14151582e-01 -3.16293910e-02 -6.76172301e-02
     1.26278833e-01 -1.82904556e-01  6.95423186e-02 -2.80207455e-01]
   [ 5.77356628e-32 -3.38596813e-02  6.07816502e-02 -5.18195750e-03
     4.46657725e-02 -1.63241327e-02  1.93809107e-01  8.08454026e-03
    -1.15522884e-01 -2.03725368e-01 -7.18224049e-02  1.23844206e-01
     9.68312100e-03  9.72146764e-02 -1.69474125e-01  1.15175629e-02
    -2.05492396e-02  1.99581265e-01  6.39060140e-02 -1.11409472e-02
    -1.21942125e-01  1.25088351e-04  1.56340767e-02  9.94544029e-02
    -4.06409018e-02  9.70681310e-02 -3.09294574e-02  1.02195479e-01
     4.87790816e-02  1.45200733e-02  3.75938602e-02  5.44140264e-02]
   [ 4.72146828e-32  7.05283955e-02  2.01088674e-02  6.72134459e-02
    -9.29910913e-02 -4.10148688e-02 -5.19154556e-02 -3.81260850e-02
     9.94475856e-02 -7.88432360e-02  3.53394113e-02 -5.95128536e-02
     5.58576509e-02  1.45308957e-01 -3.40082310e-02 -2.40427162e-02
     7.72756115e-02  4.79810461e-02  6.13557883e-02 -1.81292575e-02
    -8.38219561e-03 -6.05182163e-02 -1.13990791e-02  2.75390642e-03
     5.63231818e-02  2.27824654e-02  1.10568814e-01  4.29985346e-03
    -3.12457141e-02  1.14854179e-01 -8.91296379e-03  1.08123340e-01]
   [-4.43596333e-32  1.67156197e-02 -1.87138747e-02 -4.51729856e-02
    -3.08451448e-02  1.24248117e-02  2.66857315e-02  9.04561430e-02
     1.53752893e-01 -5.00796176e-02  1.04745321e-01 -2.93237926e-03
     4.76105809e-02  1.13971338e-01  3.22527885e-02  9.81808528e-02
    -2.03614477e-02  5.48724122e-02 -8.14704075e-02  2.81093232e-02
     3.52531597e-02  1.27587661e-01  3.15479934e-02  1.35461465e-02
     7.37168863e-02  3.50094191e-03 -7.49338865e-02 -6.66793138e-02
     1.59116849e-01  4.31752019e-02 -1.19545430e-01 -4.12155874e-03]
   [-1.45886769e-32 -6.41219690e-02 -5.79560027e-02  2.59979013e-02
     3.54412012e-02 -6.67266324e-02 -1.32008875e-02  1.21385632e-02
     2.97342092e-02  1.09694123e-01 -8.31085816e-02  4.85132486e-02
     8.70960206e-02  6.40361980e-02  1.48595795e-01 -8.45239758e-02
    -1.20064002e-02  1.52358245e-02 -3.37007046e-02 -2.96478942e-02
    -1.07232533e-01  1.65142328e-01  2.88537536e-02  2.32128776e-03
    -5.96464686e-02 -1.33063551e-02  7.69955963e-02  5.91878146e-02
     6.62311837e-02  1.06516913e-01  3.94411385e-02 -1.38133004e-01]
   [-1.66356298e-32  1.20754610e-03  1.06862430e-02 -9.98403132e-02
     6.53933510e-02 -2.07398944e-02 -8.19603801e-02 -6.35044649e-02
     8.27639922e-03  5.17092552e-03 -1.34415746e-01  1.63657114e-01
     1.81564968e-02 -1.31273180e-01 -6.13190979e-02  1.30762311e-03
    -6.79905564e-02  7.70572899e-03 -4.22985703e-02  5.92738576e-02
     5.50618172e-02  3.75869274e-02 -1.46652013e-02  2.35208496e-02
     6.20166585e-02 -5.12641370e-02 -4.89469692e-02 -1.38165122e-02
     1.60361752e-02 -3.98020186e-02 -1.30214676e-01 -8.73814076e-02]
   [-3.92005325e-35 -7.19826017e-03  4.53090407e-02  2.72974968e-02
    -7.36139482e-03 -6.62556067e-02 -5.92465140e-02  2.65416522e-02
    -2.12856624e-02 -1.02532864e-01 -2.68360116e-02  9.53595247e-03
     9.02662873e-02 -7.72540271e-02 -1.25520870e-01 -1.36607960e-02
    -1.54397869e-02 -1.77075211e-02 -1.07659109e-01  6.81332052e-02
    -4.34341617e-02  7.13448226e-03  2.59000454e-02  6.62124157e-02
    -2.80683991e-02  3.45202209e-03 -1.64763127e-02  2.02873535e-02
     3.99507135e-02  9.92528535e-03  1.32437842e-02 -4.60020229e-02]
   [ 4.52327728e-32 -8.38831812e-02 -4.18252423e-02  7.19960481e-02
     8.74853879e-02 -1.11345928e-02  7.76555091e-02  1.01333726e-02
    -2.92351674e-02 -1.53517753e-01  3.50618027e-02 -1.77358553e-01
     3.33249220e-03 -4.02949490e-02  1.76660065e-02 -3.13118622e-02
    -5.89604788e-02  3.62736434e-02 -8.09603706e-02 -5.23421951e-02
    -2.68735588e-02 -8.80328193e-03  2.99150441e-02 -7.13306367e-02
    -1.80550888e-02 -3.10644484e-03 -3.54188122e-02  1.53432377e-02
    -2.08390042e-01  4.24103700e-02  7.88723007e-02 -5.44405840e-02]
   [-1.80907273e-32 -1.06955789e-01  1.43391863e-01 -3.96306999e-02
    -4.24640737e-02 -1.61965162e-01 -1.91795468e-01 -3.33642252e-02
     1.58574376e-02 -3.35994400e-02 -6.16937168e-02  6.29218444e-02
     1.25572622e-01  2.59709746e-01  8.73040594e-03 -2.59273108e-02
    -1.51270712e-02  9.83363017e-02 -5.28649725e-02 -1.79068476e-01
    -6.37563393e-02  4.69774902e-02  6.42778948e-02 -1.37356833e-01
     1.18673496e-01  1.41158372e-01  4.28643040e-02  2.22674664e-02
     9.21636224e-02  1.11078396e-01 -1.67582221e-02  8.40600729e-02]
   [ 2.73760703e-32 -7.04241917e-02  3.81857492e-02  6.26528263e-02
     1.81070901e-02  5.73285408e-02  5.69159612e-02 -3.50588337e-02
    -4.27306164e-03  5.39165623e-02  1.48731872e-01  9.74268317e-02
     6.52000532e-02 -2.94597130e-02 -5.45821302e-02  5.71152456e-02
     1.02234483e-02 -1.00129461e-02  1.43991942e-02  7.97406957e-02
     5.30376984e-03 -8.05989727e-02  8.78569856e-02 -5.34275286e-02
    -4.30837758e-02 -1.55487638e-02 -1.01027623e-01 -3.03960145e-02
     1.15959242e-01 -1.06691420e-01 -4.48311791e-02  4.88628969e-02]
   [ 1.63225149e-32  1.41912233e-02  1.26531884e-01 -3.05912178e-02
     3.28842886e-02  4.94177788e-02  3.19375321e-02  1.97127163e-02
    -1.65131211e-01 -6.30222086e-04 -1.11076601e-01  1.20405935e-01
     9.42985192e-02  5.57932965e-02 -9.19790193e-02  1.03483900e-01
     1.06756493e-01  2.07005609e-02  9.20277927e-03 -1.12975501e-02
    -1.37321860e-01  2.48888209e-02 -6.13870583e-02  4.70244847e-02
    -2.62584966e-02 -9.32841524e-02  1.63905248e-02  1.45516023e-01
     3.08308192e-02 -1.62018627e-01 -4.33492661e-02  4.84768748e-02]
   [-1.58435333e-32 -2.71877982e-02  2.47889180e-02 -6.58090115e-02
    -3.17786448e-02  5.49622253e-02  2.95363590e-02  6.15301989e-02
     2.45071091e-02  9.07083675e-02 -5.01431711e-02  1.07759222e-01
     1.34214371e-01  1.30470749e-02 -2.25548774e-01 -1.46231968e-02
     2.30221376e-02 -1.87781639e-02 -5.68410605e-02  6.16674982e-02
    -5.29630221e-02 -6.00675307e-02  9.65317711e-03 -8.58223066e-02
    -7.61302933e-02 -5.78149781e-02  7.95549154e-03  7.58820400e-02
     6.16138503e-02 -1.42850894e-02  3.40281823e-03 -1.47250863e-02]
   [-3.07597396e-32 -1.61205173e-01  5.49670532e-02  4.41780947e-02
     2.41894275e-02 -1.74070671e-01 -1.35059506e-01  9.04799104e-02
     2.11696718e-02  2.46110056e-02 -1.36640623e-01 -9.82451066e-03
    -4.79429774e-02  5.22127142e-03 -8.13974664e-02 -1.01288304e-01
    -3.12403347e-02  1.17124341e-01 -7.06265345e-02 -3.99924815e-03
    -7.81946704e-02 -1.50702894e-02 -1.11936182e-01 -6.28703013e-02
    -8.07214156e-02  6.76194578e-02  8.84849429e-02  5.34049496e-02
     1.17929012e-01  3.49435695e-02 -9.37322974e-02  8.32929760e-02]
   [ 2.15625675e-32 -9.21191201e-02  2.75565814e-02 -1.39245708e-02
    -2.27468442e-02 -1.41367450e-01 -5.79139702e-02 -3.45212184e-02
     1.36926919e-01  2.46593654e-02  1.21425591e-01 -6.79471791e-02
    -3.99024300e-02 -3.52139436e-02  5.52623644e-02 -2.96817627e-02
    -9.73274698e-04 -5.41545264e-02  1.20969079e-02  1.57419294e-02
     5.69412261e-02 -3.15151103e-02 -6.25776798e-02 -4.63702790e-02
     3.99342403e-02  3.58731784e-02 -1.31660715e-01 -9.35908630e-02
    -2.82222591e-02 -1.45969875e-02  2.60046776e-02 -2.49864720e-02]
   [ 3.99833089e-32  6.89938373e-04  3.92803773e-02 -2.82698777e-03
    -1.42406821e-02 -4.08630930e-02  8.11463315e-03 -1.97561644e-02
     3.30826901e-02 -7.60945901e-02  5.72436862e-02  9.52700619e-03
     6.69609681e-02 -3.20226662e-02 -2.31620222e-02 -4.31994237e-02
    -1.88617818e-02 -1.35098234e-01 -1.03690334e-01  2.91598905e-02
     2.10688785e-02 -5.43341227e-03  4.55385856e-02 -4.36630063e-02
     6.63326979e-02 -6.84470311e-02 -7.72538537e-04 -9.41619799e-02
    -9.31806564e-02 -9.54402611e-02  8.40424467e-03 -2.73538325e-02]]]


 [[[ 2.47617944e-32  2.93218996e-02  3.76648121e-02  3.06416005e-02
     4.95610237e-02 -6.15076013e-02 -6.54038927e-03 -5.14072329e-02
     6.65429607e-02 -6.94598630e-02  1.44953907e-01  6.70499131e-02
    -1.26607165e-01 -2.05002464e-02 -1.94977224e-02  1.04001695e-02
     7.23974686e-03 -8.45442042e-02 -2.66126893e-03  3.69689092e-02
     5.32047004e-02 -1.72747925e-01 -8.25004205e-02 -1.38901338e-01
    -1.55279944e-02 -5.39746583e-02 -7.32514337e-02 -8.58238935e-02
    -7.68316314e-02 -5.98456897e-02 -1.18505266e-02 -3.65619510e-02]
   [ 4.43579670e-32  1.31603302e-02 -1.21036589e-01  4.94613349e-02
     1.50771827e-01  1.02297515e-01  1.20169632e-02  1.72873750e-01
    -4.98712845e-02  9.56166238e-02 -1.90844492e-03 -6.47080392e-02
     1.52391400e-02 -1.52507663e-01  2.96654031e-02  1.03016429e-01
    -2.45915484e-02 -2.50454042e-02  1.71342432e-01  7.72146434e-02
     5.69112636e-02 -2.03909986e-02 -2.97292434e-02 -8.95018131e-02
     4.65341732e-02 -5.75817004e-02 -4.30076048e-02 -6.18186370e-02
    -1.94954649e-02  9.55360010e-02 -1.59466639e-02  1.82339288e-02]
   [-2.74018753e-32  4.48140912e-02  5.37616163e-02 -4.16549928e-02
    -6.71549439e-02  6.63300157e-02 -5.15053049e-03 -1.09997332e-01
    -7.17473030e-02 -3.75925079e-02 -4.95876484e-02  1.26425484e-02
    -5.07988315e-03  6.71983212e-02  8.17837492e-02 -1.01029605e-01
    -1.12929873e-01  3.74121368e-02  8.90192464e-02 -9.26593021e-02
    -7.73949623e-02  1.36140846e-02 -4.86338540e-04 -9.84272454e-03
    -8.74506589e-03 -9.16526988e-02 -9.48798433e-02 -6.44982308e-02
    -5.58772013e-02  7.42997974e-02 -1.22404955e-02 -4.72895652e-02]
   [ 4.87647278e-32  7.01622814e-02  1.25721231e-01 -5.66668846e-02
     3.18931304e-02 -1.66592777e-01  5.33955470e-02  1.24928974e-01
    -9.80179980e-02  5.41604720e-02  7.43880346e-02 -3.52497771e-02
    -8.42013136e-02 -2.08860282e-02  1.85022354e-02  6.14661537e-02
    -1.01760544e-01 -1.56155527e-01 -1.56880915e-03  4.02716268e-03
     1.01093970e-01 -6.24716617e-02 -3.68326306e-02 -2.77334619e-02
     7.50620365e-02  2.62852553e-02  7.25596119e-03 -2.05138493e-02
     1.53061021e-02 -1.95431128e-01 -1.17282040e-01 -7.90975094e-02]
   [-3.72819671e-32 -1.07258573e-04 -1.64058685e-01  4.45511825e-02
    -3.71882655e-02 -4.46796827e-02  6.70745224e-02  9.31629241e-02
     5.77398750e-04  4.30992506e-02  5.53096551e-03  2.14750841e-02
    -4.02228255e-03 -1.24485888e-01  4.65569086e-02  4.37528566e-02
    -7.10341930e-02 -7.81154111e-02  5.74068762e-02  5.97571991e-02
     3.57077159e-02  2.60486547e-02 -6.57385662e-02 -1.81755841e-01
    -2.33923607e-02  1.12336673e-01 -2.37534866e-02 -4.57615107e-02
     3.53870518e-03 -1.78139001e-01 -3.30282338e-02 -1.31863793e-02]
   [-5.89048859e-32 -7.58814141e-02 -7.08859563e-02 -1.86022669e-01
     8.15600529e-02  5.29298838e-03  2.18086205e-02  4.01777439e-02
     5.54953963e-02  5.70855103e-02  6.32692650e-02  3.61183612e-03
    -9.79454145e-02  6.98956847e-02  2.65093334e-02 -6.96202219e-02
    -3.25713307e-02 -9.64035913e-02 -5.07785892e-03  1.37514159e-01
     9.75148007e-02 -6.65898845e-02 -5.10873646e-03 -1.45804599e-01
     1.20753959e-01  1.00554183e-01  9.14090127e-02 -1.52412966e-01
     3.88850830e-02 -1.15583092e-01 -7.35228509e-02 -7.77594820e-02]
   [ 3.89439721e-32  2.89157499e-02 -3.71871322e-01 -6.61666617e-02
    -1.15372362e-02 -4.10525687e-02  8.10908675e-02  2.15640813e-02
     1.42115578e-01  4.46461216e-02 -1.56252515e-02 -1.12711899e-01
     7.26757199e-02 -2.74530496e-03  6.53411299e-02  1.79723591e-01
     9.84382480e-02  1.20040402e-01 -6.83820322e-02 -5.16668484e-02
     3.45233758e-03 -9.54090506e-02  1.80696264e-01 -8.34812690e-03
    -3.89072262e-02 -1.22848032e-02  5.42024933e-02  1.43795945e-02
     3.81236784e-02  1.20838940e-01 -3.11153792e-02 -5.22808312e-03]
   [-2.22301631e-33  4.91371490e-02  1.10275699e-02 -3.03642992e-02
    -2.27788649e-02 -4.44403477e-02  7.44827762e-02  1.54766470e-01
     8.63089412e-02 -3.95097397e-02 -1.96844470e-02 -7.97985960e-03
    -7.63272122e-02 -1.15428574e-01  1.49687082e-01  5.11212386e-02
    -5.62068745e-02 -2.81915367e-02 -6.86997324e-02  7.25598037e-02
     2.43816637e-02 -1.15697473e-01 -2.62367539e-02 -7.17780069e-02
    -4.02824162e-03  2.43633427e-02  9.60072801e-02 -6.73058555e-02
    -1.48357349e-02 -1.00244544e-01 -2.04463061e-02 -5.32237776e-02]
   [-1.00590402e-32  2.07689852e-02  4.24887054e-03 -2.97720078e-03
     3.43854465e-02 -8.89593512e-02 -6.74765185e-02  7.20243976e-02
    -9.88286268e-03 -7.18504516e-03  5.85153997e-02 -1.24235085e-04
    -7.04182535e-02 -1.47823751e-01 -7.15701841e-03  1.37627020e-01
    -1.00571685e-01  2.39745528e-03 -1.16451671e-02  1.84721891e-02
    -1.42047182e-01  3.96929495e-02 -4.49528843e-02 -3.55068408e-02
     3.04573569e-02  7.05060735e-02  3.42152268e-02 -3.53333564e-03
    -4.67378423e-02 -9.99868885e-02 -1.27927400e-02 -5.03523648e-02]
   [ 2.32275950e-32  3.26463394e-02  8.23332220e-02  2.36003175e-02
     2.30317656e-02 -6.05933331e-02  8.52681624e-05 -2.91102547e-02
    -3.05592418e-02 -4.23042588e-02  9.75064859e-02 -5.39670289e-02
    -5.94221503e-02 -6.98561370e-02  1.44742101e-01 -2.07149647e-02
    -4.07979591e-03 -1.34062752e-01  5.87424487e-02  1.37434416e-02
     3.30370516e-02  2.61016414e-02  1.49959726e-02 -4.86582052e-03
    -8.96821246e-02  1.29554421e-01 -1.80473439e-02  4.85071838e-02
    -4.83061224e-02 -6.81523979e-02 -1.19736001e-01 -1.90356467e-02]
   [-2.17282372e-32 -4.92735244e-02  8.97312388e-02  3.34677808e-02
    -8.59568641e-02 -8.13397318e-02 -7.13434070e-02  1.58314958e-01
    -5.40624782e-02 -6.55631162e-03 -3.12022679e-02 -1.98137108e-02
    -2.72705555e-02 -5.96225038e-02  1.95151325e-02 -1.13946475e-01
     6.78131953e-02 -1.12270795e-01 -5.51651269e-02 -2.59299651e-02
    -3.27239260e-02  8.27248842e-02  2.58600004e-02 -8.60428587e-02
    -6.15392029e-02 -3.61661613e-03 -9.56788287e-02 -5.65751716e-02
    -8.69702622e-02 -5.67935556e-02 -5.87814450e-02 -1.98518150e-02]
   [-4.67372645e-32  1.05088271e-01  9.05579329e-02 -7.50822797e-02
    -1.59007814e-02 -4.96982113e-02 -1.12641677e-01 -2.90093548e-03
    -1.13146275e-01  1.32349297e-01 -3.31914157e-01 -1.10734262e-01
     1.73790544e-01  7.26208091e-02 -9.65103954e-02 -1.45675972e-01
     4.44824956e-02  8.10907874e-03  7.69525394e-03  3.45418528e-02
    -4.82179411e-02  1.16956286e-01 -3.19291838e-02 -4.65832539e-02
     1.02417618e-02 -1.22026175e-01 -1.34903550e-01 -6.62585571e-02
     9.42315832e-02 -1.57323733e-01 -5.63196372e-03 -2.51279473e-02]
   [ 3.99182688e-32 -6.05471618e-02 -4.29751575e-02  3.47496159e-02
     5.99909164e-02 -2.84985523e-03  4.99653742e-02  1.60389207e-02
     1.30756516e-02 -2.37245336e-02  2.71046869e-02 -5.34062013e-02
    -1.00635864e-01  1.43923089e-02  7.83946887e-02 -1.55941187e-03
    -3.96297202e-02  8.94870237e-02 -9.46758222e-03  5.54104522e-03
    -6.88443482e-02  3.57832015e-03 -3.63909341e-02 -4.82892580e-02
     2.46466938e-02  5.30981757e-02 -7.85580650e-02  8.74774754e-02
     8.30303505e-02 -9.38984100e-03  4.96994779e-02 -4.63801883e-02]
   [-4.05897318e-32  1.05379887e-01  1.75349861e-01 -2.75687296e-02
    -1.90053303e-02 -1.30893871e-01 -5.52192070e-02  1.36529217e-02
    -3.53184901e-02  6.63210899e-02  3.44426185e-02  1.17473915e-01
     5.35266846e-02 -1.49885267e-01  5.34964129e-02 -1.44264251e-01
    -1.27764016e-01  1.07086264e-02  1.07412994e-01 -5.59388176e-02
     1.47437518e-02  2.26869807e-02 -1.51282437e-02  1.53301016e-03
     3.64587307e-02 -9.46659297e-02 -7.79021084e-02  3.37229930e-02
    -1.13064781e-01  2.98191328e-02  5.96383922e-02 -9.24033523e-02]
   [ 1.66183662e-32  4.33943793e-02 -2.23000705e-01 -1.48629993e-01
     1.08098313e-01  2.77794730e-02 -4.72964719e-02  4.09504399e-02
     5.65037178e-03 -1.12527475e-01 -2.97488086e-02  1.21462373e-02
     1.21521726e-02 -4.20091785e-02 -2.67700031e-02  8.37977603e-02
     5.86543814e-04  2.52079051e-02 -6.70932755e-02  8.37854017e-03
    -8.68016928e-02  4.79838476e-02 -1.42795662e-03 -1.59799561e-01
    -6.20642444e-03  1.72290988e-02 -3.90737504e-03  2.52824519e-02
    -3.45109478e-02 -1.41944839e-02  8.01165700e-02 -4.06795822e-04]
   [-4.48271244e-32  5.71915247e-02  4.72922362e-02 -6.87046647e-02
     8.91607627e-02 -4.78930511e-02 -2.65001189e-02  1.27259672e-01
     8.74402002e-02 -1.06577776e-01  1.59906954e-01  5.19775860e-02
    -1.43726200e-01 -4.85295430e-02  1.20480150e-01 -2.97530815e-02
    -5.62020503e-02 -9.19781998e-02  6.89390525e-02  1.95762096e-03
     1.00340702e-01 -3.28254849e-02  9.05038044e-03 -3.01720705e-02
     1.46178911e-02  9.28819701e-02 -5.16095310e-02 -6.72261864e-02
    -2.73843836e-02 -2.27132782e-01  3.28123719e-02 -8.59403461e-02]
   [-3.70463187e-32  1.55735135e-01 -2.16190442e-01  3.67011018e-02
    -3.97261530e-02  5.18924044e-03 -3.50394659e-03  1.53723463e-01
    -9.49135199e-02  2.00620573e-02 -5.26235811e-02  1.31519502e-02
    -1.10356279e-01 -1.75340232e-02 -2.57215984e-02  5.06109968e-02
    -5.76363085e-03 -5.00974022e-02 -1.24660410e-01  1.82490125e-02
    -1.97615158e-02 -9.56328884e-02  3.77740003e-02 -5.21815345e-02
     4.63452153e-02  3.00521404e-01  2.90090125e-02 -9.92612094e-02
    -1.95888411e-02 -5.12796864e-02 -1.62378594e-01  9.17975139e-03]
   [ 1.83210992e-32  3.68240029e-02 -3.01259756e-03  3.72463115e-03
    -3.86929773e-02  8.24169591e-02 -1.11032397e-01  1.19722649e-01
     3.92760262e-02 -7.96590224e-02 -2.83723474e-02  3.45745985e-03
     2.51378454e-02 -6.47863150e-02 -6.97192773e-02 -4.61951867e-02
    -3.62131931e-02  9.35867429e-05  5.94335757e-02 -1.31129980e-01
    -3.33349220e-02  7.60629587e-03  2.78822961e-04 -5.71711659e-02
     3.01008560e-02 -1.27355188e-01 -1.89035386e-02 -3.68162245e-02
    -7.41709024e-02 -7.37959053e-03  1.41952271e-02  4.63915169e-02]
   [ 3.24877192e-32  8.11340101e-03 -1.26570478e-01  1.16655324e-02
    -1.42658457e-01 -1.00852706e-01  2.65204702e-02  8.91890228e-02
     6.83626831e-02  1.24010950e-01  1.43555656e-01 -1.15315787e-01
    -7.99064264e-02 -2.41221320e-02  7.80307949e-02  1.37986004e-01
     6.25954270e-02 -4.24694642e-02 -4.72478382e-03  4.29085642e-02
     9.09289271e-02  4.91470890e-03  1.01686373e-01  1.25034787e-02
     1.00805394e-01  7.23485798e-02 -6.34020334e-03  3.25973555e-02
     6.30244538e-02  6.49100319e-02 -1.23344012e-01 -1.06551215e-01]
   [-5.10012087e-32 -3.34417112e-02 -4.57700752e-02  6.01387061e-02
     1.11520244e-03 -7.44333863e-02  1.24675915e-01  5.59061281e-02
     3.72269601e-02  1.56465340e-02 -1.64176449e-02  5.21100461e-02
    -1.78178936e-01 -1.60589367e-01  1.37521014e-01  2.12491564e-02
    -2.16086805e-02 -6.75917715e-02 -6.58180863e-02  3.49253081e-02
     4.04129252e-02  5.22440374e-02 -7.87301660e-02 -4.94273528e-02
     3.47272791e-02  3.56085449e-02 -6.31678328e-02  1.41406385e-02
     3.54443124e-04  4.15369086e-02 -1.06307883e-02 -4.74121422e-02]
   [ 2.78520985e-32 -5.94799258e-02  8.68241116e-02 -7.58664832e-02
     4.53903864e-04 -1.53896451e-01 -4.80101593e-02  7.54545033e-02
    -3.28364931e-02 -1.33886650e-01  6.38400344e-03  7.34172091e-02
     2.74276212e-02 -9.26403850e-02  6.38386905e-02 -3.42123769e-02
    -1.51062012e-01 -8.57593864e-02 -1.44286724e-02  8.00618343e-03
     2.67197974e-02 -1.75551176e-02 -5.09930542e-03 -2.12718636e-01
     9.19374898e-02 -6.98780641e-02 -1.95522085e-02 -4.89821807e-02
     1.34067824e-02 -2.58495301e-01  3.92169226e-03 -2.26374641e-02]
   [-4.79414909e-32  1.39667913e-01  6.15317002e-02  9.95324180e-02
    -2.47192923e-02  9.82433707e-02  7.34166354e-02 -1.10780500e-01
    -1.25465766e-01  1.54368952e-01  5.27029075e-02  1.29568085e-01
    -1.11019649e-01  4.88749295e-02 -1.06133707e-01 -5.44535965e-02
    -2.54004449e-03 -3.56501341e-02  1.51104286e-01  7.40756467e-03
    -3.21131386e-02  1.02417201e-01  3.37253585e-02  4.41391468e-02
    -7.90612549e-02 -3.90881151e-02 -1.42180160e-01 -1.23790376e-01
    -4.75696288e-02 -3.38974013e-03 -1.01209432e-01 -1.27865747e-01]
   [-2.24762587e-32 -9.74521935e-02  8.39805603e-02  6.13926351e-02
     5.31198680e-02  8.70777145e-02  3.28398831e-02 -2.80297417e-02
    -3.51587832e-02 -1.11275511e-02  4.88137566e-02  1.65877074e-01
    -4.35917825e-03  6.78310096e-02  1.00345492e-01 -3.35233770e-02
    -5.26948944e-02 -1.22867420e-01 -2.10843414e-01  1.48287296e-01
     4.34124842e-02 -2.49087110e-01 -1.83979318e-01 -6.76396415e-02
     1.49873495e-02  2.60867625e-02 -8.40339530e-03 -6.09354638e-02
     1.09048411e-01 -2.74233848e-01 -6.13390915e-02 -4.42413501e-02]
   [ 1.02687851e-32  1.17991105e-01  1.56657264e-01 -5.75545877e-02
    -1.49204731e-01 -1.10235445e-01 -8.77603795e-03 -5.51961269e-03
    -6.41105771e-02 -3.84450541e-03 -1.42505825e-01  9.84145626e-02
     2.87635438e-02  1.21908141e-02  1.98782206e-01 -1.41262218e-01
    -3.72299105e-02 -7.19522312e-02 -8.58130399e-03 -6.41097352e-02
     7.30781630e-02 -5.70844412e-02 -1.13427021e-01 -3.72629650e-02
     5.90329953e-02 -5.87261505e-02 -2.09775135e-01 -6.11211956e-02
    -2.18490809e-02 -2.02775240e-01 -2.79584676e-02  2.32641090e-04]
   [ 4.02183578e-32 -2.52860151e-02  1.48733612e-03  8.41934606e-02
    -7.51143321e-02  9.46303979e-02  3.75939906e-02 -1.52772903e-01
    -1.17144272e-01  7.93245137e-02  2.80182855e-03  2.31985766e-02
    -6.38381541e-02  5.40335812e-02  8.59676898e-02  2.63502449e-02
     9.88783762e-02  7.65050799e-02  1.72066148e-02 -9.36560240e-03
     5.55164786e-03  1.61901526e-02  5.75125180e-02  6.43716604e-02
    -3.62946838e-02 -2.11312752e-02 -1.92701116e-01 -7.27217868e-02
     1.17688281e-02 -5.89335039e-02 -5.68604246e-02 -4.76647280e-02]
   [-4.48022098e-32  2.25762259e-02  5.26623912e-02 -7.46424273e-02
     1.16978148e-02  4.01873291e-02  3.22277918e-02  2.60755941e-02
     9.84878093e-02 -2.89262403e-02  4.92272712e-02 -2.39987131e-02
    -8.98647904e-02 -1.34595618e-01  7.15582520e-02  9.61500779e-03
     8.53728317e-03  3.47658843e-02  2.75513120e-02  6.57343492e-02
     1.94068868e-02 -3.50946523e-02  4.08132598e-02 -7.91208595e-02
     5.95642626e-03  8.71556103e-02 -1.68295931e-02 -1.34581653e-02
    -9.59729925e-02 -1.22841503e-02 -2.30571236e-02 -5.38833477e-02]
   [ 5.87575318e-32 -1.20928876e-01  1.31937906e-01 -1.18738472e-01
     3.68091427e-02  4.85479180e-03  6.83535859e-02  6.55004010e-03
    -2.01149099e-03 -2.08924726e-01  7.66342692e-03  9.55573022e-02
     7.90585801e-02 -3.85950431e-02  5.05510382e-02  4.38501611e-02
    -7.51675218e-02  3.68570872e-02 -5.49879745e-02  8.47500190e-02
    -2.77259760e-02  1.75110921e-01 -1.96819436e-02  9.48933065e-02
    -2.87635736e-02  1.02680242e-02 -1.58049297e-02  1.18173860e-01
     2.53101643e-02 -9.92470384e-02  8.58602598e-02 -1.50531769e-01]
   [ 5.14206721e-32 -5.24160676e-02  5.36968969e-02  4.99008857e-02
    -2.84609292e-02 -7.58880458e-04 -7.80844390e-02  1.10271052e-01
     9.47627239e-03  2.88116038e-02  9.10392217e-03  4.49128151e-02
     3.30282189e-02  1.02981776e-01 -1.15373051e-02 -1.49303094e-01
     1.24355808e-01 -1.02306362e-02 -1.58095416e-02 -1.36988103e-01
     1.96899083e-02  1.80594232e-02  1.39140308e-01 -3.77482711e-03
     4.28604819e-02 -3.55180763e-02 -7.83314109e-02 -1.71026476e-02
     6.71007019e-03 -5.14664166e-02  3.64223011e-02  1.05431089e-02]
   [ 5.29982575e-33 -9.62850749e-02 -5.76291904e-02  8.21733847e-02
    -1.19280621e-01  6.19610138e-02 -5.08710220e-02  1.04384430e-01
     2.69256532e-02 -4.78418209e-02 -8.52162763e-02  1.19657956e-01
    -1.12362646e-01  4.10181412e-04 -7.98383635e-03  1.17672542e-02
     1.00183688e-01 -3.89060155e-02  1.22091554e-01  5.75656518e-02
     7.86250979e-02 -2.95722336e-02  8.87225475e-03  3.53895016e-02
     6.23741671e-02  3.41407582e-03  1.02114864e-01  2.12039277e-02
    -3.21141556e-02 -1.02846306e-02 -8.54435563e-02 -2.93649570e-03]
   [-4.69483245e-32  1.02492601e-01 -1.94415450e-02  2.18758415e-02
     5.90980537e-02  7.78747676e-03  2.82678399e-02 -6.88712695e-04
     5.09313457e-02  7.04136491e-02  8.19947291e-03  1.31441047e-02
    -1.26486376e-01 -8.38436093e-03  5.42701893e-02  2.56391279e-02
    -6.02472089e-02  6.06913865e-02  6.32372350e-02  4.10694890e-02
    -9.60171074e-02  3.02904509e-02  8.02832767e-02  5.44728264e-02
     1.22249700e-01 -9.22189802e-02  7.09034875e-02 -5.90303503e-02
    -2.56858487e-02  6.09608628e-02 -3.86668891e-02  4.33428772e-02]
   [-1.27968870e-32 -8.84046555e-02 -5.02618067e-02  1.39267653e-01
    -1.31297097e-01 -2.86463723e-02  1.07746944e-01  4.92878631e-02
     6.49052560e-02 -3.17161269e-02  2.06854001e-01 -5.05298078e-02
    -2.64854938e-01 -1.21606700e-01  1.36425078e-01  1.79899171e-01
     1.41318828e-01 -7.13141561e-02  9.07495841e-02  3.70820127e-02
     1.15222983e-01 -8.23564827e-02 -1.01353325e-01 -8.72785524e-02
    -2.01156698e-02  2.42017321e-02  4.10926864e-02  6.08941019e-02
    -5.37240654e-02 -2.71974355e-02 -4.82234396e-02 -1.91968139e-02]
   [ 1.81458800e-32 -2.01258529e-02 -1.73894614e-02  8.21742639e-02
    -1.88133329e-01  3.56533639e-02 -5.78899030e-03  1.23751961e-01
     1.48974331e-02 -4.27708626e-02 -5.40017299e-02 -8.70678723e-02
    -9.00110416e-03  4.29419912e-02  1.53776733e-02  2.06060000e-02
     2.14621112e-01  7.06993267e-02 -4.49831896e-02 -5.65472292e-03
    -3.02440301e-02  2.65196171e-02  5.92547730e-02  1.66746113e-03
     5.94448298e-02 -1.01103678e-01 -3.28314871e-01 -4.55652189e-04
     1.95962973e-02 -2.23541539e-02 -3.44136283e-02  4.61393148e-02]]

  [[-5.62023010e-32 -1.12708256e-01  3.61685082e-02  1.11131847e-01
     5.50900027e-02 -1.39907211e-01  1.18167605e-03  7.04452917e-02
     3.72885242e-02 -2.05499679e-02  3.44599932e-02  3.18232924e-02
    -2.22955048e-02 -1.29242763e-01  3.35753262e-02 -8.56378898e-02
     1.38688892e-01  4.80595678e-02 -3.04733384e-02 -1.86180230e-02
     1.44518623e-02  6.33212477e-02 -1.21047227e-02  3.36805992e-02
     1.10190222e-02 -1.44437232e-04  6.63211346e-02  8.51739123e-02
    -7.79541433e-02  1.17881797e-01 -4.67218459e-02 -6.78525269e-02]
   [ 5.68592377e-32  5.75309880e-02 -7.45628774e-02  3.88031974e-02
     7.20276758e-02  4.21778969e-02  1.19489111e-01 -2.11038869e-02
    -5.97466081e-02 -1.93936825e-02 -2.89645400e-02  2.10335124e-02
     5.88783771e-02 -8.15732107e-02 -5.78572713e-02  5.33382781e-02
     3.97996828e-02  9.49347764e-02 -2.13176906e-02 -2.75754575e-02
     9.08912197e-02 -1.84089497e-01  1.08497545e-01  4.00999412e-02
     1.20487683e-01  3.60952988e-02 -5.69537356e-02  1.04743049e-01
    -1.09125510e-01  1.16389222e-01  5.32037653e-02 -6.16991781e-02]
   [ 5.72020589e-32  2.21284870e-02  1.46748228e-02 -5.38225751e-03
    -3.58695276e-02 -8.75574127e-02 -1.10924676e-01 -5.84314801e-02
     1.09674521e-02 -2.57194079e-02 -1.97814047e-01  7.94225410e-02
    -5.42115746e-03  7.64735136e-03  9.20546129e-02 -4.49051596e-02
     1.92551520e-02 -8.75914656e-03 -1.12197660e-01  7.41887987e-02
     5.46437800e-02  1.34369954e-01  3.68580855e-02 -1.75028387e-02
    -1.78453848e-01  6.96880966e-02 -5.24598770e-02 -2.44639646e-02
     1.23014756e-01 -1.66725591e-01 -2.82519888e-02  2.47091502e-02]
   [-1.06505680e-32  2.65725260e-03  1.03097677e-01  5.15762232e-02
    -4.89666127e-03 -1.89616848e-02  5.72817363e-02  5.85016608e-02
     5.06928610e-03 -1.86932683e-02  7.01305643e-02 -6.08043522e-02
     3.95790450e-02 -8.13559219e-02  8.20607767e-02 -6.87743425e-02
    -3.42531987e-02 -9.28552747e-02 -1.93052720e-02  4.94717248e-02
     4.52697799e-02  2.51917783e-02 -4.58597168e-02  5.55201620e-02
     6.90250397e-02  5.64905629e-02 -3.15993838e-02  3.13754976e-02
     3.78904752e-02 -9.08031836e-02 -8.81048143e-02 -8.21978226e-02]
   [-5.50528379e-32  1.64470877e-02 -1.86933801e-02  1.09748393e-01
     4.35216166e-02  6.52804133e-03  2.33540777e-02 -4.25392240e-02
    -9.53807980e-02 -1.98480710e-02  7.41252527e-02 -4.95781228e-02
    -3.22327167e-02 -1.11961648e-01 -3.05577964e-02  2.35570241e-02
     1.22943232e-02 -6.01652153e-02  4.35404927e-02 -7.20833987e-02
     1.27051771e-01 -8.65880549e-02 -2.96161380e-02 -3.37735824e-02
    -1.81186013e-02  5.66009879e-02 -6.26903027e-03  4.04056460e-02
    -1.82521641e-01  1.67087633e-02  7.49366079e-03 -7.06995726e-02]
   [ 2.17322986e-32  1.54182352e-02 -1.05115503e-01 -1.12647831e-01
    -1.10029494e-02 -4.69298288e-02  7.07190633e-02  1.81503128e-02
    -1.37620214e-02  8.21542516e-02 -9.04887840e-02 -3.31437774e-02
    -6.68833777e-03  1.04504995e-01 -4.06185389e-02  1.77785337e-01
    -4.91659530e-02  8.48928932e-03  6.25569224e-02 -6.53109476e-02
    -1.08379181e-02 -7.59250671e-02 -5.28667727e-03 -1.64342403e-01
    -6.05496615e-02  1.24860741e-02  3.07929628e-02 -1.98822707e-01
     1.33974671e-01  8.63439217e-03 -2.19603926e-02 -6.97546229e-02]
   [-2.84905506e-32 -4.80594859e-02 -1.57966018e-01  9.27958339e-02
     2.97169741e-02  9.50128511e-02  6.70068264e-02 -7.45934173e-02
     8.30832031e-03  3.96661013e-02  4.86018993e-02 -7.03962073e-02
     2.15428323e-01 -3.19174081e-02 -1.97357669e-01  3.63747552e-02
     1.87689941e-02  9.05553475e-02  7.42847100e-04 -1.78382788e-02
    -1.06751077e-01 -3.66449133e-02  2.26670280e-02 -8.26006532e-02
     4.18015346e-02  3.94184031e-02 -3.57825048e-02  3.59772816e-02
     9.83821154e-02  3.20221707e-02  8.61545373e-03  7.09759220e-02]
   [-4.59504856e-32  6.47029057e-02  4.10061479e-02  2.75428370e-02
    -2.45494507e-02 -5.20555349e-03  4.53702770e-02 -5.89772360e-03
     4.52102683e-02 -3.56812850e-02  4.10279632e-02  8.58073980e-02
    -5.67176379e-02  2.52401400e-02  2.50440333e-02  6.10861480e-02
    -3.51587124e-02 -6.09831139e-02 -7.09654838e-02  5.12929149e-02
     6.51990399e-02 -6.12316169e-02 -4.10240293e-02  1.81702129e-03
     3.24666239e-02 -8.55065510e-03 -1.28168415e-03  6.06893636e-02
    -7.11715370e-02  1.90085843e-02 -8.74665752e-02 -4.49641198e-02]
   [ 1.01819374e-33  3.08227632e-02  6.59694448e-02  5.00937179e-03
     1.58416899e-03  8.47497117e-03  3.32660973e-02 -6.20579859e-03
     4.33383770e-02  3.46290432e-02 -9.72783193e-02  2.08686907e-02
    -6.86426414e-03 -6.84224442e-02 -2.23185495e-02 -9.05066058e-02
    -8.52163956e-02  3.50880772e-02  1.16007581e-01  7.97252823e-03
    -1.29641697e-01  3.59414355e-03 -9.84231010e-02 -9.99131203e-02
    -4.80962433e-02 -3.43570337e-02 -6.12542778e-03  6.41960949e-02
     3.76781337e-02  4.60052304e-02 -7.54334405e-02  3.06620486e-02]
   [ 7.81921504e-33 -3.32086831e-02 -1.89791173e-02  4.30025198e-02
    -9.74489935e-03 -2.11674627e-02  7.75676817e-02  9.84638706e-02
     5.50461337e-02 -4.44075651e-02  8.45881850e-02  2.39929929e-03
    -1.00894198e-01 -7.96981007e-02  1.76630926e-03 -2.63132676e-02
     1.05850704e-01 -1.75094828e-02  7.32444823e-02  4.04739864e-02
     4.64579426e-02 -3.55190299e-02 -8.79477039e-02 -4.77364101e-02
    -1.67724416e-02  1.62706692e-02 -1.09773949e-02  4.76149619e-02
    -7.68540353e-02 -3.04854009e-02 -4.13418114e-02 -2.68004164e-02]
   [-2.78384863e-32 -6.93543106e-02  3.84975858e-02 -1.38073295e-01
    -4.51656468e-02  4.72138785e-02 -1.54310288e-02  3.92619707e-02
    -1.43450238e-02 -1.45500720e-01  2.25144699e-02  4.38761339e-02
    -7.65032321e-02 -2.37608086e-02  2.66362000e-02 -4.97222766e-02
    -1.36995343e-02 -8.51335600e-02  7.89072737e-02  9.97110922e-03
     8.69646072e-02 -7.36539438e-02 -6.93955570e-02  3.27131338e-02
    -1.28188739e-02 -2.58290153e-02 -7.85535481e-03  1.01329982e-02
     3.70030478e-02 -2.07332661e-03  5.47376685e-02 -7.25627765e-02]
   [-2.25165502e-33  4.29538116e-02  1.73673276e-02 -4.52427045e-02
    -8.90731998e-03 -3.67911942e-02 -9.38085839e-04  5.57403415e-02
    -1.03348158e-02 -1.06368577e-02 -1.33696437e-01  3.35190184e-02
     5.56301251e-02 -3.61711197e-02  1.04920022e-01  3.45418639e-02
    -4.71713804e-02  1.16662271e-01 -3.72470543e-02 -1.69149265e-01
    -6.31170347e-02  5.20884320e-02  5.18136360e-02 -5.70862629e-02
    -1.52719602e-01 -1.48189694e-01 -9.80490819e-02 -3.95904183e-02
     7.94235319e-02  2.57662926e-02  1.08576201e-01  2.54061520e-02]
   [-9.75871900e-34 -8.04390386e-02  4.11416888e-02 -7.04861656e-02
    -1.97634771e-02 -1.75566077e-02  8.37245435e-02 -7.97939859e-03
    -6.08730763e-02  1.08669139e-02 -4.42900360e-02  3.85359637e-02
     8.00443068e-02 -3.15094180e-02 -1.10134296e-01  6.70125186e-02
    -1.78737659e-02  5.77182136e-02 -4.49488312e-02 -1.01661477e-02
     2.35456205e-03  1.91707127e-02  3.15503031e-02  4.25046757e-02
    -9.09139141e-02 -5.97018190e-02 -8.33624080e-02 -6.90047592e-02
    -2.05035448e-01  2.54949778e-02 -3.12455986e-02  3.77887413e-02]
   [-2.07786847e-32  4.15221006e-02 -3.26282866e-02 -2.01376617e-01
     9.64222178e-02 -3.74543369e-02 -1.03507414e-01 -4.17149905e-03
    -1.91001967e-02  4.06870395e-02 -7.14639621e-03  1.17702102e-02
    -1.61583386e-02 -4.16014867e-04  5.62695600e-02 -7.08855689e-02
    -1.05268531e-01 -2.57656425e-02 -1.30460635e-01 -8.10842142e-02
    -7.65254535e-03  6.18707249e-03  3.04562263e-02 -4.91586067e-02
    -1.21020392e-01  4.99690436e-02 -1.06782794e-01  7.26661086e-02
     1.81149077e-02 -9.89012346e-02  6.19757995e-02 -8.28326494e-02]
   [-7.64026072e-33 -4.53190431e-02 -8.36176798e-02 -1.67523026e-02
     9.21577122e-03 -5.28539978e-02  1.31742042e-02  1.50065841e-02
    -1.30469859e-01  3.04854084e-02  7.74780437e-02 -9.17766988e-02
     5.26561216e-02 -5.04376516e-02 -6.22231998e-02  4.33759727e-02
     5.51622026e-02  9.03964508e-03  5.00456281e-02 -3.18104923e-02
     1.00323290e-01 -7.09778741e-02 -5.16418107e-02  8.07540938e-02
    -7.24793300e-02  8.30137506e-02  8.24597552e-02 -4.11561318e-02
    -9.91645232e-02  9.04877856e-02  4.82882448e-02  6.35719374e-02]
   [-3.18663559e-32 -7.00467825e-02 -7.81807080e-02  3.18765901e-02
    -9.30929463e-03 -3.79330032e-02 -3.21014039e-02  6.91371784e-02
     9.01661292e-02  2.90577244e-02  3.83527912e-02 -3.62673774e-02
     1.32149383e-02 -6.18772395e-02  1.28683060e-01  4.17554975e-02
     5.76009490e-02 -3.68920527e-02 -7.10917339e-02 -7.24784508e-02
    -5.39299008e-03  3.27767171e-02 -5.69431372e-02 -4.73889150e-02
     9.19578895e-02  1.09105073e-01 -1.60863638e-01  2.00861711e-02
    -4.78971042e-02  8.89537483e-02  8.51706415e-03 -1.35290310e-01]
   [ 3.65319510e-33  5.20440564e-02  1.00774929e-01  3.94529570e-03
    -3.57474908e-02  7.11960578e-03  1.52919054e-01 -5.62418029e-02
    -2.06055976e-02  1.40665144e-01  5.51363751e-02  2.83711348e-02
    -3.22590023e-02 -1.51863232e-01 -1.53913960e-01  7.81112239e-02
    -1.00675179e-02  1.10699125e-01  1.28933266e-01 -9.13688764e-02
     1.71936844e-02  3.60030755e-02 -6.60536885e-02  3.04493699e-02
     2.17739120e-02  3.41907106e-02  4.52887341e-02  5.72999679e-02
    -8.74819234e-03  8.31327960e-02 -2.58564144e-01  3.50523144e-02]
   [-4.37055559e-32 -1.70273893e-02  1.01800531e-01 -2.02607930e-01
    -4.45410050e-02  7.18531525e-03  4.16859612e-02 -4.70410213e-02
     5.38899824e-02 -1.69260446e-02  6.65300936e-02 -7.35681579e-02
    -8.45450908e-02 -1.05731577e-01 -1.26096278e-01 -7.54750818e-02
    -2.50359494e-02  4.46140813e-03 -5.63942865e-02  6.91450611e-02
    -1.35499462e-01 -2.02871878e-02  1.50635680e-02  2.86672302e-02
    -6.81930855e-02 -2.93556917e-02  5.98428026e-02 -9.40659940e-02
     9.17741731e-02 -7.44869411e-02 -7.65073821e-02 -3.66665386e-02]
   [ 1.75557987e-33  8.51230994e-02 -1.54742405e-01  4.22469117e-02
    -1.24077417e-01 -8.12611431e-02  3.68915126e-02  1.43971056e-01
     2.33037025e-02  8.49731341e-02  1.17037840e-01  2.71364860e-02
     2.19695474e-04  4.58037443e-02 -3.70931588e-02  4.52523530e-02
     9.33266282e-02  5.55601902e-02  1.99621823e-02 -9.88978967e-02
    -6.88695069e-03 -7.88216069e-02 -3.43659217e-03  3.78677733e-02
    -2.33223736e-02  2.67004762e-02 -4.71364241e-03  1.01078320e-02
     5.84218577e-02 -2.66976543e-02 -1.61463231e-01 -7.27452561e-02]
   [ 9.10825626e-33  1.30332336e-02 -3.50090326e-03  5.58740925e-03
    -4.58301343e-02 -5.36534982e-03 -1.27593279e-02 -1.23171480e-02
    -7.41664469e-02 -1.86545439e-02 -4.54964675e-02 -1.95207056e-02
    -2.74263844e-02 -5.20756887e-03 -4.36704904e-02  5.10986224e-02
    -4.64108214e-02 -9.17252079e-02  5.02851605e-02  6.76658899e-02
     4.70882505e-02  6.24826178e-02 -1.10410377e-01  8.11167583e-02
    -7.89261423e-03  8.56965128e-03 -9.12243351e-02 -4.46010530e-02
    -1.62659675e-01 -3.32099432e-03  6.85674953e-04 -1.13476301e-02]
   [ 1.02125021e-33 -6.01398721e-02 -9.91732702e-02  8.42895284e-02
    -1.35923428e-02 -7.74918944e-02 -1.13781117e-01  9.76689830e-02
     1.72452889e-02 -7.02537969e-02  2.28141621e-02 -8.66333675e-03
    -5.14622554e-02 -2.97118612e-02  1.09459154e-01 -4.93029132e-02
    -6.73507974e-02 -5.23669505e-03 -5.88929988e-02  1.25793859e-01
     8.46463889e-02 -9.58857238e-02 -6.33712262e-02 -5.40977493e-02
    -3.28246430e-02  1.00046329e-01 -1.70762703e-01  1.79943889e-02
    -8.45787451e-02  3.16890553e-02  1.24640211e-01  3.15335579e-02]
   [-1.44451446e-32 -8.14325362e-02  1.98297203e-02 -1.90779381e-02
    -3.03444043e-02 -3.12350877e-02  7.22674653e-02  2.79632006e-02
     7.87417889e-02 -4.09783833e-02  4.50187884e-02 -7.45355291e-03
     1.32721499e-01  1.79443792e-01  5.72069958e-02 -1.14664741e-01
     4.05642986e-02 -1.51448313e-03  3.59045453e-02  1.52875958e-02
     1.39005452e-01  6.26846030e-02  9.61625502e-02  1.46481350e-01
    -6.61436990e-02 -2.10520681e-02  4.50290777e-02  4.48817164e-02
     8.17926880e-03  4.20168415e-03  4.86018397e-02 -9.20598730e-02]
   [-2.70004352e-32  1.13055907e-01  1.33454809e-02 -4.18391377e-02
    -3.30534540e-02 -2.28417069e-02  5.73070943e-02 -2.46031359e-02
     5.46569712e-02  9.76108611e-02  1.44086257e-01  1.39343366e-01
     3.13698985e-02 -3.93178873e-02  1.03680238e-01  1.60015538e-01
     1.01711221e-01  5.91023080e-02  9.26595926e-02  5.67574054e-02
     7.81485513e-02 -5.74086681e-02 -1.34050995e-01  5.00496142e-02
    -2.22493671e-02  3.17015052e-02 -5.15124202e-02  2.22235429e-03
     1.71154797e-01 -2.41254762e-01  1.00367367e-01 -4.51040156e-02]
   [-4.93554872e-32 -1.26702219e-01  1.89823154e-02 -1.42406464e-01
     7.89234340e-02 -3.13735716e-02  3.28530706e-02 -1.33155659e-02
     5.53540364e-02 -1.47319930e-02 -2.46596523e-02  1.29392460e-01
    -1.46873910e-02 -6.65189028e-02  1.66425928e-01 -1.54799879e-01
    -1.84863750e-02 -7.44204521e-02  1.56620778e-02 -3.42677608e-02
     8.85543153e-02  5.44035435e-02 -1.68437827e-02  1.26386788e-02
     9.95006338e-02  1.68168135e-02 -2.74707466e-01 -6.60452992e-02
     2.44494975e-02 -2.21398622e-01  1.52241318e-02  6.90759495e-02]
   [-2.07811121e-32 -5.93467094e-02  9.85657517e-03 -2.30914056e-02
     1.41581530e-02 -8.74990150e-02  2.88393768e-03 -2.39268821e-02
     5.43303601e-03 -2.01798771e-02 -1.23937475e-02  8.93340334e-02
     2.04185862e-03  1.36087686e-02  1.21570185e-01 -2.12172449e-01
     5.70155792e-02  1.25405332e-02  4.62053204e-03  9.13867429e-02
     1.08792640e-01  9.12633613e-02  6.22909665e-02  7.73235708e-02
     9.46185663e-02 -7.88115337e-02 -1.89751402e-01  9.56324767e-03
     1.39444724e-01 -1.09846033e-01 -2.18352606e-03  1.89536363e-02]
   [-3.12900786e-32  1.07661009e-01 -2.76356819e-03 -9.56411436e-02
    -1.04390837e-01 -7.19179809e-02 -5.74594252e-02  3.13481651e-02
    -1.57134756e-02  3.03987321e-02  1.05028860e-01  6.18259870e-02
     3.69315520e-02  2.47985274e-02 -2.57870257e-02 -4.39283215e-02
     9.61849615e-02 -4.39203493e-02 -6.59545930e-03  6.26890659e-02
    -2.91779209e-02  8.88576806e-02 -2.71088583e-03 -3.87938730e-02
    -9.11717128e-04  1.70954093e-02 -1.08245619e-01  7.70583898e-02
     6.76378831e-02 -1.07798316e-02 -3.81182730e-02 -2.97579505e-02]
   [ 8.97585152e-33 -7.13811666e-02  8.95269886e-02 -1.83281619e-02
     1.42616153e-01  7.15171220e-04 -3.09212506e-03 -1.32748932e-02
     8.97506177e-02  3.98662277e-02  4.48241830e-02 -5.36000431e-02
     1.20239303e-01 -2.15762691e-03 -1.17660843e-01 -1.18494786e-01
    -5.71583817e-03  4.41661328e-02 -8.76800194e-02  4.76206914e-02
    -1.28352597e-01  9.46672112e-02 -1.78443734e-03  8.81006271e-02
     4.41805553e-03  8.28200802e-02 -5.10125868e-02  4.28837910e-02
    -1.91787654e-03  5.41886361e-03  1.39589757e-01  1.94422540e-03]
   [-3.92811156e-32  2.31801569e-02  9.94343385e-02 -9.27327201e-02
    -6.84139729e-02 -6.44772649e-02 -9.55979805e-03 -3.31446305e-02
    -7.08712488e-02  7.41227642e-02  1.96437612e-01  1.29272357e-01
     1.31344646e-01  7.29392841e-02  3.34794782e-02 -9.94209349e-02
     1.61392272e-01  6.31970689e-02 -7.24874064e-02 -7.90797845e-02
    -7.67881870e-02 -1.15647480e-01  9.86558795e-02 -4.96159904e-02
    -1.55999839e-01  9.99207944e-02  2.13150959e-02 -5.88737428e-02
     2.29106084e-01 -8.55972245e-02  3.82031798e-02 -8.86911899e-02]
   [ 1.03293172e-32 -5.37950592e-03  2.16571447e-02 -3.46057490e-02
     5.94533794e-03  7.89724961e-02  1.19557254e-01 -3.11618168e-02
     1.05947882e-01 -5.84704205e-02 -1.96324047e-02 -1.14829410e-02
     8.31759870e-02  2.27854811e-02  4.53607962e-02 -4.06148732e-02
     4.69597131e-02  4.88013364e-02 -6.99132010e-02 -1.04436487e-01
    -7.00429315e-04 -6.84209540e-02  2.11089198e-02  1.57700516e-02
     5.30643910e-02 -1.06994383e-01  2.79936437e-02  9.63636264e-02
    -4.49275114e-02 -8.54585916e-02  2.72550285e-02 -8.64638388e-02]
   [ 5.77871260e-32  8.74701422e-03 -5.15045263e-02 -5.79490960e-02
     9.76653993e-02  3.93815860e-02  6.60410672e-02 -8.01343843e-02
    -1.18343504e-02  8.53045955e-02 -4.02580239e-02  5.45428358e-02
    -1.02677429e-02  5.11539308e-03 -3.03984433e-02 -1.30154386e-01
    -7.37214163e-02  1.87325150e-01 -4.72744144e-02  1.54041529e-01
    -1.81096822e-01  1.10224776e-01  9.24824625e-02  1.37551629e-03
    -6.54238164e-02 -8.44931155e-02  8.90672430e-02  1.99836530e-02
    -2.59031523e-02  7.07040206e-02  2.22710185e-02 -4.49482240e-02]
   [ 2.75570964e-32  2.21039616e-02  1.07010670e-01  1.17530055e-01
    -7.65214786e-02  9.57293808e-03  1.65582195e-01  1.61865592e-01
     5.39499409e-02  6.39185533e-02 -7.14621767e-02 -9.20107961e-02
    -2.62809861e-02 -2.84192145e-01 -7.87954964e-03  1.23967886e-01
    -3.18625122e-02 -2.85379961e-02  2.43906602e-02 -8.42031911e-02
    -1.69837952e-01  4.89865467e-02 -1.57084003e-01 -9.27389562e-02
    -8.19463690e-04 -7.78503437e-03 -9.89331398e-03  8.47197846e-02
    -1.86465114e-01  5.29278852e-02 -1.03445724e-01 -6.47223294e-02]
   [ 5.57427238e-32  1.37186185e-01  8.01407769e-02 -3.57927307e-02
    -3.75724249e-02 -6.62166253e-02  2.84442306e-02 -1.33438975e-01
    -2.21371986e-02 -5.34402467e-02 -2.83673823e-01  7.80507363e-03
    -3.94439735e-02 -3.98231186e-02 -1.08478032e-01 -2.24781662e-01
     7.42432289e-03  9.69488099e-02 -1.91917941e-02 -1.34882972e-01
    -5.06169498e-02  2.46965382e-02 -9.37531218e-02 -2.58105323e-02
     1.25895618e-02 -1.58890724e-01  1.48307551e-02  9.24106538e-02
     1.64948478e-01 -1.08497143e-01  6.55563027e-02  3.43202837e-02]]

  [[-1.27089453e-32 -9.72556397e-02 -2.52502784e-02  1.04071528e-01
    -2.94882432e-02 -8.89268611e-03 -4.53470871e-02  9.09320861e-02
     2.33183742e-01  3.23314518e-02 -6.43919632e-02  4.24943082e-02
    -1.03583649e-01 -1.74233913e-01  8.02523270e-02 -1.49504393e-01
     8.36492458e-04 -1.93587512e-01 -4.69866395e-02  4.57725413e-02
     1.45064399e-01  1.24775298e-01 -1.04921170e-01  2.82300301e-02
    -1.43187717e-02  4.42135185e-02  8.91469419e-03  3.16702910e-02
    -1.26190022e-01 -9.44519192e-02 -1.68276168e-02 -4.97508794e-02]
   [-1.23581896e-32 -5.99132963e-02 -9.90649499e-03 -3.95643339e-02
    -1.18519261e-01 -1.74162760e-02 -2.78353672e-02  1.36064645e-02
    -6.46532774e-02 -2.56761871e-02 -7.45740086e-02 -8.79588053e-02
    -1.06028028e-01 -1.46286473e-01 -1.55710518e-01  7.24428818e-02
    -6.07004296e-03  1.24742761e-01  5.74784838e-02  6.68321103e-02
     9.96336415e-02  2.33879853e-02  3.98195051e-02  1.29947048e-02
     4.47816849e-02 -5.88428602e-02 -5.60002998e-02  2.74371263e-02
    -4.16048318e-02  1.75556600e-01 -7.08500389e-03 -1.74371719e-01]
   [-1.10874060e-32 -2.07630351e-01  1.71609242e-02 -1.06882557e-01
    -5.83679043e-02 -1.08999245e-01 -3.66506875e-01  7.49130324e-02
     1.42600909e-02 -3.10688540e-02 -5.43525219e-02  7.04005510e-02
    -1.02013024e-02 -2.73812544e-02  5.47052994e-02 -3.06563964e-03
    -1.19304530e-01 -3.98678221e-02 -1.27062321e-01 -4.55473773e-02
     1.20308667e-01  4.32246588e-02 -8.79205391e-02 -4.11622152e-02
     5.84271224e-03  1.33974534e-02 -5.30915111e-02 -1.22536957e-01
     9.85454097e-02 -1.35237649e-02  3.40385661e-02  1.40310496e-01]
   [-9.49937776e-33 -4.45135757e-02  9.94426310e-02  5.92310205e-02
     5.85265420e-02 -2.27062032e-02  9.19172689e-02  6.03671744e-02
    -2.02889671e-03 -1.75657887e-02  1.67420506e-01 -7.01646209e-02
     7.06423521e-02 -4.69496883e-02  7.30777085e-02  4.27256748e-02
    -3.78153026e-02 -7.67918751e-02 -7.15175867e-02  9.06741396e-02
     5.11048734e-02 -7.84446821e-02  1.13357738e-01 -6.32489845e-03
     2.84307748e-02  9.96007845e-02  4.15698327e-02  5.35224080e-02
    -3.35492007e-02  2.36393195e-02  8.06710124e-03 -5.01725897e-02]
   [ 3.78474445e-32  5.58762699e-02 -6.25861287e-02  3.52530368e-03
     8.71310011e-02  2.69480068e-02  4.20188764e-03 -1.23597018e-01
     4.47478844e-03 -6.00996602e-04  8.55604187e-02  2.93633295e-03
     1.00333169e-01 -9.47690159e-02  1.33463323e-01  7.22398087e-02
     4.31340113e-02 -1.71038788e-02  6.46160915e-02  5.06465919e-02
     5.18664904e-02 -5.27869277e-02 -1.41878370e-02  8.29892978e-03
     2.37572156e-02 -1.69908591e-02  6.52787387e-02  5.84665760e-02
    -4.33291495e-02  9.24109071e-02  2.88906638e-02  3.69572341e-02]
   [ 5.26408528e-32  8.04099217e-02 -5.17103113e-02  1.51364431e-02
     5.30109182e-02  4.13671471e-02  6.23394959e-02 -2.07020529e-02
    -2.88666189e-02  5.45533560e-02  5.66813946e-02  7.82184899e-02
     1.11755453e-01  1.12790111e-02 -4.45635105e-03  1.15655670e-02
    -1.51895164e-02  7.51363561e-02 -3.03353239e-02  9.31649134e-02
    -1.26129976e-02 -1.17659442e-01 -6.80980235e-02  6.37504086e-02
    -2.94097401e-02  2.59873178e-02  2.05189623e-02 -3.52741890e-02
     1.30477622e-01  2.00551376e-02 -5.75030074e-02 -1.56419903e-01]
   [-6.72360140e-33 -5.09735718e-02 -7.22580776e-02 -7.31527712e-03
    -6.91673830e-02  1.24427825e-02 -3.70944440e-02 -1.85470209e-01
    -5.92029765e-02 -7.17270747e-02 -1.82758763e-01 -1.16757371e-01
    -4.18442674e-03  1.57798246e-01 -1.89479962e-02 -1.27985895e-01
    -2.92428043e-02 -1.53841767e-02 -6.31916011e-03  4.98173796e-02
     1.25074923e-01  5.65625587e-03  6.52618706e-02  9.16891843e-02
    -2.07721040e-01 -3.19506079e-02  6.73662424e-02  3.56000215e-02
     1.14679061e-01 -1.06777288e-01 -1.76358223e-01 -3.18824574e-02]
   [-2.19559158e-32  6.70923069e-02 -6.97994083e-02  4.60743345e-02
     6.95847571e-02 -1.21168811e-02 -6.44701794e-02 -1.49329137e-02
    -8.48570913e-02 -6.81885853e-02  1.05678149e-01 -3.54879834e-02
     1.25482148e-02  5.31368330e-02  3.65222953e-02 -1.29063078e-03
    -2.46213768e-02 -1.77624896e-02  6.93393573e-02 -1.24481339e-02
     8.20000004e-03  9.38891154e-03  5.28481975e-03  3.21352705e-02
     1.81883108e-02 -3.04703582e-02  1.05740212e-01 -1.16861075e-01
    -1.89333320e-01  2.88674049e-02 -1.10362684e-02  2.79904511e-02]
   [-5.54448183e-32 -5.20206839e-02  8.32510367e-02 -7.68751698e-03
    -2.19710916e-02 -1.21091992e-01 -2.31254939e-02 -7.27713630e-02
     1.02056138e-01  6.17045350e-02  1.07942522e-02 -1.31604197e-02
     9.70911980e-03 -5.07282354e-02 -2.75499746e-02 -1.26141325e-01
    -4.60907631e-03  1.47635728e-01  1.23778395e-01 -1.19372956e-01
     1.26152605e-01  5.31541407e-02  1.35854771e-03  3.58815715e-02
     1.59606873e-03  1.13663115e-02  1.12152614e-01 -4.95409817e-02
    -2.98621245e-02  6.11751899e-02  7.09682629e-02  1.48063600e-02]
   [-7.43520601e-33 -3.94366495e-02 -1.50700942e-01  5.84766679e-02
    -4.59775068e-02 -2.59610433e-02  3.73911783e-02 -9.18308720e-02
    -1.51808569e-02 -9.23539884e-03  2.31750049e-02 -7.80186579e-02
     1.54349655e-01  9.35064033e-02  1.25212297e-02 -5.78515232e-02
     3.81995887e-02 -1.88019164e-02 -6.50764182e-02 -2.87975906e-03
     3.82818505e-02  2.47788671e-02  1.51222974e-01 -2.10753754e-02
     5.36572151e-02  5.11760302e-02  1.40074193e-01  9.65811834e-02
    -1.40270069e-02  1.08255915e-01  1.52345538e-01  5.03601544e-02]
   [-1.77376911e-32 -7.60424510e-02  3.06956284e-02 -7.70398378e-02
     1.35033978e-02 -7.86994621e-02  3.66763994e-02  3.47333439e-02
    -1.12001589e-02 -2.30276994e-02 -7.47071113e-03 -2.74079908e-02
     1.35937780e-01  1.21046295e-02  1.38668984e-01 -3.82105969e-02
     1.15948491e-01 -1.27573386e-01 -1.01148501e-01  1.68128330e-02
    -1.34647876e-01 -2.63359048e-03  2.47028321e-02  1.79898720e-02
    -1.28082372e-02  6.58708205e-03 -5.64810224e-02  1.87628586e-02
    -1.23858415e-01 -2.14057602e-03  7.68153444e-02  1.71127953e-02]
   [ 2.87089986e-32  6.69241548e-02  7.19350204e-03  1.23736724e-01
    -2.56287623e-02  1.52106687e-01  4.07045148e-02  1.16495557e-01
    -4.14136797e-02 -1.86566308e-01 -8.12541991e-02  1.57468170e-01
     3.90436943e-03  6.56177178e-02  1.76488593e-01 -2.29771331e-01
     7.50807971e-02 -1.57457605e-01  5.68034314e-02  4.98927794e-02
    -1.77662226e-03 -8.22383687e-02 -4.25916240e-02  9.37021449e-02
     3.92724909e-02 -6.50032312e-02 -1.55681372e-01 -8.50089788e-02
    -8.99580494e-02 -1.92493815e-02  2.81911287e-02 -1.68935936e-02]
   [ 2.91606265e-32  1.30392304e-02 -9.34881195e-02  3.36099416e-02
     1.03528127e-01  4.94851870e-03  1.30114630e-01  1.50146158e-02
    -9.06722918e-02  9.53139365e-03 -1.35916984e-02  6.86980598e-03
     1.75029673e-02  1.07581271e-02  6.88903257e-02  1.36890173e-01
     1.25253142e-03  7.96981901e-02  5.52865341e-02  1.23096339e-01
    -9.14251655e-02  6.91455603e-02  1.29428908e-01 -2.58678123e-02
    -9.72382799e-02 -7.14444742e-03  2.35333055e-01 -4.19905335e-02
     8.22999887e-03  2.52762258e-01  3.65237780e-02  2.58568078e-02]
   [-2.00986024e-33 -1.21062487e-01 -7.05595016e-02 -1.64528310e-01
    -3.87668610e-02 -1.62699535e-01 -1.37782574e-01  1.72743142e-01
    -2.25225464e-02  3.92930992e-02  1.02192082e-01  3.03628128e-02
     1.98689266e-03 -1.47500277e-01  1.30306423e-01 -1.01263605e-01
     3.56412679e-02 -5.08327708e-02 -2.48341430e-02 -6.61589876e-02
     9.80396420e-02  2.79778913e-02  2.95875501e-02  7.30622979e-03
     8.87574703e-02  6.04996495e-02 -1.06787801e-01 -1.38378553e-02
     1.14283495e-01 -1.60904199e-01  9.70498249e-02  1.32797807e-01]
   [ 1.02438852e-32 -5.05620316e-02 -1.91503227e-01  5.11546619e-02
     3.06170508e-02  4.42812741e-02  4.94879521e-02 -3.37189473e-02
    -5.39348200e-02 -4.86925356e-02 -6.28654510e-02 -6.03195429e-02
    -3.52164097e-02  9.01049934e-03 -9.41684321e-02  7.71682411e-02
     5.75176813e-02  2.04254724e-02 -3.31448726e-02  2.28048727e-01
    -6.66325539e-02  3.78763750e-02  1.55459374e-01  4.48205415e-03
     1.53389797e-02 -1.39390588e-01  1.37914836e-01  8.41539949e-02
    -1.11394808e-01  3.14636141e-01 -1.13060057e-01  6.24340121e-03]
   [ 1.13123067e-32 -6.11308403e-02 -7.99855441e-02  7.57400319e-02
    -1.01785943e-01 -2.97591463e-02 -3.36624198e-02 -1.19558861e-03
    -1.00422855e-02 -1.40972003e-01 -2.59050354e-02  3.08556389e-02
     4.63787429e-02  7.94394612e-02  1.70934871e-01 -5.22092544e-02
    -9.03100669e-02 -7.74462298e-02  6.67868257e-02  2.07782779e-02
     5.53570502e-03  3.94874103e-02  1.36882678e-01  6.92088977e-02
     4.48500796e-04  9.46020521e-03  5.46167046e-03 -7.45155886e-02
    -1.52797133e-01  1.03617728e-01 -2.52392665e-02  1.66207850e-02]
   [-5.53063744e-32  7.50494674e-02  1.76689982e-01  2.59756129e-02
     9.52403322e-02  8.19052979e-02  1.13387749e-01 -1.23142406e-01
    -3.11976932e-02 -6.87507913e-04  2.04758365e-02  4.19994667e-02
    -3.37903909e-02 -3.07211303e-03  3.17582712e-02  5.97014762e-02
     2.86102816e-02  2.80331280e-02  1.38210580e-01  4.67693731e-02
    -1.10003529e-02  7.59552047e-02  4.43952996e-03 -1.50328809e-02
     1.08324639e-01 -1.15919448e-01  1.06696613e-01  3.11022419e-02
     6.62481487e-02  5.69563918e-02 -6.19079657e-02 -1.81655362e-01]
   [ 3.47026357e-32 -1.23096565e-02  3.40589769e-02 -8.26975703e-02
     8.98955390e-02 -1.70071512e-01 -9.90272239e-02  1.69181585e-01
     3.03174015e-02 -2.57617950e-01  3.07523776e-02 -1.17152836e-02
     9.55265295e-03 -5.76176792e-02  1.07480939e-02 -7.25772530e-02
    -2.16260031e-01  1.81474946e-02 -5.95811456e-02  4.14812416e-02
    -1.29762128e-01  4.33559865e-02 -1.04571216e-01 -3.55153307e-02
    -2.07284659e-01  1.05541863e-01 -2.45216042e-02 -9.62687135e-02
     1.33999521e-02 -1.76474124e-01 -9.93762314e-02 -7.12183788e-02]
   [ 3.07377608e-32  3.74130458e-02  1.22604847e-01  1.03037313e-01
    -4.18703407e-02  1.21861264e-01  5.10042459e-02 -8.13991651e-02
    -9.42414701e-02  2.80965436e-02  3.94713245e-02 -7.79062137e-02
     7.31556416e-02  1.28849084e-02  4.74186651e-02 -1.08180240e-01
     8.95714201e-03  1.08384520e-01  5.67959622e-02 -2.68216599e-02
    -1.04164042e-01 -3.75637561e-02  1.24744333e-01 -5.10754017e-03
    -7.15341568e-02 -1.36437519e-02 -3.12669552e-03  5.46903647e-02
     5.15634827e-02  2.15748519e-01  8.26359987e-02  7.55391195e-02]
   [ 4.39913656e-32  7.69168958e-02 -1.74414460e-02  1.04221575e-01
     5.25572523e-03 -4.35452424e-02 -1.83919314e-02 -1.15180261e-01
     3.78598459e-02  3.19570750e-02  1.14514261e-01 -7.27810338e-02
     6.01772517e-02 -1.65971443e-02 -6.79178834e-02  3.05517558e-02
     5.02261296e-02 -1.48057461e-01  6.87728524e-02  1.85249761e-01
    -4.26594615e-02  9.93522815e-03  6.29609376e-02 -4.77973409e-02
     1.28884837e-01  7.94959366e-02  6.77545220e-02  5.88752590e-02
    -4.53646667e-02  2.15588827e-02  3.64128873e-02  2.05894839e-02]
   [ 2.48356742e-32  1.11042513e-02 -5.64870350e-02  7.21969977e-02
     2.81048170e-03  1.31149613e-03 -2.45915741e-01  5.92464395e-03
     6.72692358e-02 -1.36849254e-01 -4.14293483e-02 -1.43956572e-01
    -9.98299941e-03 -1.88112944e-01  1.68879688e-01 -5.62897548e-02
     1.66864495e-03  5.77388406e-02  6.65988922e-02  3.15243639e-02
     9.60762277e-02  6.63063154e-02  9.15459171e-02 -3.55691016e-02
    -1.11931577e-01  5.12410887e-03 -5.67138195e-02 -1.41528612e-02
    -4.61792946e-02 -8.12110230e-02 -5.38153155e-03 -2.95757055e-02]
   [ 2.27982486e-32 -1.13771684e-01  4.17995863e-02  9.62571725e-02
    -3.99993807e-02 -5.46296779e-03  4.52682301e-02  4.42943675e-03
    -2.07737312e-02  5.56354458e-03  1.80731602e-02  5.27775623e-02
    -2.29727961e-02  2.17651859e-01  1.43119022e-01 -8.27588588e-02
     4.53130119e-02 -1.91196594e-02 -1.67958871e-01 -1.56327296e-05
     4.28308621e-02  4.20839824e-02  1.57982156e-01 -6.23984151e-02
     1.37922959e-02  1.16724046e-02 -6.64410815e-02 -2.21541896e-02
     3.11834421e-02  4.34379578e-02  1.07886724e-01 -4.34492454e-02]
   [ 1.25893829e-32 -8.34879577e-02 -1.21188033e-02 -1.23227827e-01
     9.09862816e-02  9.98835661e-04  1.36142626e-01 -5.26372679e-02
    -5.04125170e-02  3.72844413e-02  3.66682261e-02  5.64415716e-02
     1.13381363e-01  3.99770401e-02 -9.85177420e-03  4.97920811e-02
    -5.64819984e-02 -1.09646350e-01 -2.29206532e-02  8.19011480e-02
     8.73532295e-02 -3.45997214e-02 -2.47102473e-02  1.16279155e-01
     5.86123727e-02  4.86894185e-03 -1.45716667e-01 -6.70474842e-02
     7.64307454e-02  1.21267237e-01  1.03787053e-02 -4.93804179e-02]
   [ 4.12923865e-32 -1.12125896e-01  4.45978418e-02  1.35444533e-02
    -2.26091240e-02  3.53909433e-02 -5.62284924e-02 -5.58724217e-02
    -1.43761467e-02 -4.14011702e-02 -3.94249856e-02  7.13513047e-02
    -1.12890946e-02 -1.21221386e-01  1.92913160e-01 -1.56411082e-01
     4.85206489e-03 -3.34139466e-02  1.54882267e-01  3.54156010e-02
     1.80684507e-01 -8.07974711e-02 -6.83535710e-02  4.55731452e-02
    -6.04547523e-02  5.94311133e-02 -2.76793271e-01  3.06413625e-03
    -5.32563031e-02 -2.59958744e-01  3.92995030e-02  8.58583003e-02]
   [-8.59975357e-33 -1.63860962e-01  2.38956269e-02  4.94548008e-02
    -1.63545236e-02  8.17937497e-03  1.25530241e-02 -3.34139317e-02
     9.67444573e-03  4.20126598e-03  1.94218680e-02 -4.23733145e-02
     9.69712250e-03  9.96282399e-02  8.56391340e-02 -2.73993939e-01
    -5.70551027e-03  3.82732898e-02  7.56031498e-02 -1.76716857e-02
     1.91067874e-01  5.46326162e-03  5.10393195e-02  6.75986111e-02
    -1.53344497e-01 -5.36071807e-02 -4.47746217e-01 -2.93470523e-03
     1.40320450e-01 -3.52373064e-01  1.22360624e-01  8.15228447e-02]
   [ 5.21292366e-33 -5.17790951e-02  5.45009673e-02  3.95084806e-02
    -9.14722914e-04 -6.10724874e-02 -2.01314583e-01 -1.60790116e-01
    -7.47390762e-02  7.64045939e-02 -4.56207618e-03  7.99794272e-02
     9.15196016e-02 -9.30900350e-02  7.57190064e-02 -8.57829154e-02
    -9.51377973e-02  8.13797414e-02 -1.31871942e-02 -7.23179951e-02
     7.25717843e-02 -5.28312363e-02 -9.40631405e-02  2.54567377e-02
    -4.00059372e-02 -1.29653821e-02 -3.31224687e-02 -4.74355668e-02
     1.36551280e-02  2.70549487e-02  9.75161046e-02 -6.62010629e-04]
   [ 5.22677686e-34  9.24900640e-03 -5.14566228e-02 -1.69398487e-01
    -1.11626275e-01 -6.63317442e-02  1.48810297e-01 -4.71036620e-02
     1.70408815e-01 -1.12385275e-02  9.34963897e-02 -7.77385458e-02
     5.60161807e-02  1.51781216e-01 -4.62424271e-02 -5.10381311e-02
     2.68142279e-02  8.24002624e-02  8.28219205e-02  1.74089804e-01
     1.00346498e-01 -1.92376643e-01  9.42916274e-02  1.77244991e-02
    -8.50221738e-02  1.28659368e-01  5.59743978e-02 -9.40587819e-02
     3.82010639e-02  1.78519800e-01  6.64984733e-02  1.12380140e-01]
   [-4.78401515e-32 -2.00203788e-02  6.27887845e-02 -7.44958892e-02
    -3.48634087e-02 -1.10663176e-01 -8.17089248e-03  1.69852450e-01
    -6.58322126e-02 -3.38890515e-02  6.03569783e-02 -2.86496673e-02
     1.60051689e-01  4.45509665e-02 -6.11858163e-03 -7.16157034e-02
     2.46064700e-02  5.88336820e-03 -1.98931023e-01  1.37444317e-01
     3.15795727e-02  9.63764936e-02 -1.14228480e-01 -4.67722081e-02
    -1.04317822e-01 -1.57598518e-02 -2.46248320e-01  1.10862248e-01
     1.13039427e-01 -1.19257104e-02 -1.86896455e-02 -9.91774797e-02]
   [ 5.70854322e-32  1.01064127e-02  7.78586976e-03  4.31055725e-02
    -1.84388198e-02 -5.41712195e-02  1.62586242e-01  7.43551850e-02
    -6.93265572e-02 -1.11302212e-01 -5.42733073e-02 -2.90365536e-02
     8.45861807e-02 -4.50612530e-02 -2.17010416e-02 -1.23647667e-01
    -1.86536405e-02 -2.36388762e-02 -1.65899366e-01 -4.07375544e-02
    -5.39424121e-02 -6.11989275e-02  1.09273689e-02 -6.69648573e-02
    -7.39746392e-02 -9.13836211e-02  6.09970826e-04 -5.56668267e-04
    -8.93536285e-02  2.54582558e-02 -2.02665757e-02 -5.95145412e-02]
   [ 4.99806562e-32  4.18731458e-02  5.05376123e-02 -7.17834532e-02
    -2.50780117e-02 -2.40714513e-02 -1.05872326e-01  2.51635164e-02
    -9.53329057e-02  9.48645249e-02 -2.73717456e-02  3.34913060e-02
    -3.33601311e-02 -4.67357226e-02 -7.95876384e-02  1.97786503e-02
     3.40333506e-02 -2.18420420e-02 -1.15341768e-01  4.34439331e-02
    -3.22902985e-02  6.43867478e-02 -4.42219153e-02 -1.19230613e-01
    -5.16760014e-02 -1.62657890e-02  2.11890880e-02  3.21992231e-03
     2.23231148e-02 -2.37905178e-02 -6.20741546e-02 -3.85105424e-02]
   [ 2.84037227e-32 -1.05143435e-01  6.80972449e-03  6.18573129e-02
    -1.00341618e-01 -1.80517938e-02  2.21534930e-02 -2.30255425e-02
     6.37306320e-03  8.87809843e-02 -4.37747985e-02  1.46134291e-02
     5.94542474e-02 -1.08717613e-01  1.29606696e-02 -7.61900395e-02
    -6.53596893e-02 -8.57087523e-02 -3.07793263e-02  5.91424666e-02
     3.47939022e-02 -7.83331096e-02 -1.30649284e-01 -8.06619786e-03
     5.20322658e-02  3.41591164e-02 -1.31879896e-01  2.03274731e-02
    -1.17882892e-01 -1.60302445e-01 -4.77765836e-02  3.95970643e-02]
   [ 4.89225497e-32  1.03089951e-01  4.85494398e-02 -9.65468062e-04
    -4.22973819e-02 -5.72645441e-02  8.72757584e-02 -4.19248156e-02
    -6.38410300e-02 -2.55465358e-01 -1.90329149e-01  3.54596451e-02
    -1.60564799e-02 -1.04770906e-01  1.17249273e-01 -1.49899870e-01
     4.96207178e-02 -5.64754978e-02 -2.13367984e-01 -1.25915036e-01
    -9.98121500e-03 -8.60092789e-02  6.92915842e-02  2.00335607e-01
    -1.71261877e-01 -6.97296336e-02 -1.53467432e-01  2.47533135e-02
     3.63075137e-02 -1.44559488e-01  1.20205477e-01  9.60212126e-02]]]]

Bias shape : (32,)
[-3.4536256e-03  3.6002353e-02 -9.2409186e-02  1.9755185e-05
 -6.0147149e-03  1.8020911e-03  1.0245634e-02  5.6080259e-02
 -7.5126536e-02  1.3189018e-03 -1.8116891e-02  7.2375610e-02
  3.8427006e-02 -5.7710744e-02 -6.9775864e-02  4.1387439e-02
 -4.8421219e-02  1.1684279e-01 -1.0039882e-02 -4.3633260e-02
 -2.8935181e-02 -7.4699409e-02  2.0618003e-02  5.7150681e-02
  1.9072356e-02  3.5531685e-02  9.3532972e-02 -6.1169110e-02
  8.0335855e-02 -5.7736259e-02  1.1414993e-02  4.0845383e-02]

Layer index: 10
Layer: dense
Weight shape: (32, 16)
[[-2.18865904e-03  1.67784169e-01 -3.15697223e-01 -1.85918748e-01
  -2.30143629e-02 -1.65960655e-01  7.99456462e-02  1.90565303e-01
   2.04929218e-01 -1.38014019e-01 -2.31605433e-02 -2.71669514e-02
   2.98373818e-01 -1.24360077e-01  1.20380908e-01  1.54883817e-01]
 [ 1.13720536e-01 -1.75429974e-02 -1.98991135e-01 -8.70909020e-02
  -4.62224811e-01  2.06474170e-01  1.36851687e-02  7.29619041e-02
  -2.78300941e-01  1.79097384e-01  1.30998909e-01 -2.62190700e-01
   3.55383247e-01  2.77259797e-02 -1.36896238e-01  4.16091084e-01]
 [-3.83269995e-01 -6.53933525e-01  2.63282776e-01  1.81043223e-01
  -1.60009488e-01  1.11350473e-02  1.07152387e-01 -8.59895945e-02
  -7.08934814e-02 -1.67194530e-02  1.97671354e-01  3.89090836e-01
  -2.65187651e-01  8.05120170e-02  2.57701069e-01  4.09221947e-01]
 [-1.20898791e-01 -9.63568464e-02 -3.23718004e-02 -2.73012221e-01
  -9.87911671e-02  2.66425192e-01  2.02459678e-01  3.79933834e-01
   4.22865689e-01 -3.71414870e-02  1.21344052e-01  2.38652557e-01
   1.84675753e-01  1.03638604e-01 -1.31208181e-01 -4.74067867e-01]
 [ 3.54267269e-01 -4.19603914e-01 -2.37567931e-01 -2.75511652e-01
  -2.76965320e-01  2.32449308e-01  8.78977962e-03 -1.41264543e-01
   7.21939728e-02 -2.03221336e-01  1.04584545e-01  6.14604838e-02
   5.89882247e-02  2.27955356e-01 -2.23960608e-01  8.53770524e-02]
 [ 4.64835137e-01 -9.15808380e-02 -7.03943893e-02 -9.57614556e-02
  -9.87289567e-03 -1.06976554e-01  4.32439856e-02 -4.15919125e-02
   2.43063569e-01 -3.34039778e-01 -4.11732167e-01  7.02667888e-03
   1.12196809e-04  5.13976574e-01 -2.53974646e-01  6.21533617e-02]
 [-6.24373145e-02 -2.91789807e-02 -1.34224873e-02 -8.66507962e-02
  -2.60226458e-01 -2.03727141e-01  7.43916305e-03 -1.45137563e-01
  -3.75468910e-01  5.16246974e-01 -9.56881046e-03 -2.08977133e-01
   3.87704462e-01  2.29663223e-01  1.35535821e-01 -9.96799543e-02]
 [-3.23216198e-03  2.31243819e-01 -2.36638874e-01 -2.65373349e-01
   2.11046115e-01 -4.89981510e-02  1.11991100e-01 -1.18703367e-02
   3.04459035e-01 -1.93065912e-01 -1.57642692e-01  1.55081704e-01
   3.64674866e-01  3.18729170e-02  2.07304254e-01 -3.30458313e-01]
 [-2.37698227e-01  1.33314073e-01  6.54862449e-02  4.43338841e-01
   2.09167048e-01 -6.73284940e-03  4.37362455e-02  2.53262669e-01
   1.61061630e-01  1.49259120e-01 -3.86658877e-01 -1.31672278e-01
  -3.60465884e-01 -1.32927731e-01 -1.77226990e-01 -6.96749240e-02]
 [ 2.17799678e-01 -1.70927227e-01 -4.11584117e-02  1.54267401e-01
   3.85203719e-01 -4.17972617e-02  2.59132653e-01 -1.85975000e-01
  -3.17624837e-01  2.32181042e-01  1.42814860e-01 -1.37257846e-02
  -5.73916912e-01 -1.44072443e-01 -2.50172377e-01  1.08926214e-01]
 [ 1.89472124e-01 -2.33255476e-01 -4.53387797e-01 -1.34134933e-01
   5.62315702e-01 -9.19271633e-02  2.96064317e-01 -1.12687461e-01
  -4.24393900e-02  2.51998454e-01  3.16058576e-01  4.34199303e-01
  -2.76660532e-01 -1.30674511e-01 -4.13251445e-02 -4.07915533e-01]
 [ 2.56142884e-01 -1.43178254e-01 -8.30341429e-02 -3.06001306e-01
   1.94530025e-01 -2.57773817e-01  4.43826467e-02 -3.05323511e-01
  -4.90678459e-01  6.31965026e-02  2.78192818e-01  6.90213740e-02
   2.97033936e-01  1.49327055e-01  1.67763367e-01  2.70505548e-01]
 [ 7.15926811e-02  4.72770154e-01  3.00412700e-02  5.00390381e-02
  -1.02704860e-01  7.71194845e-02 -2.39667758e-01  1.09298334e-01
  -2.13474110e-01  3.46656382e-01 -2.25100014e-02 -4.79399502e-01
  -1.84161201e-01 -3.51640023e-02  7.33106434e-02 -2.59052515e-01]
 [-3.69514436e-01  2.96088964e-01  2.87550420e-01  3.75098556e-01
  -4.64087069e-01  8.80116597e-02 -2.38224462e-01  3.01877528e-01
  -2.57083982e-01  5.58323205e-01  7.14548156e-02 -1.77395567e-01
  -5.25776982e-01 -1.08300015e-01  1.90092921e-01 -4.21347097e-02]
 [-1.97738931e-01 -1.95855603e-01  3.35556984e-01  3.00446674e-02
   2.16083359e-02 -3.78268003e-01  5.89100681e-02  1.11731946e-01
   1.84778050e-01 -5.54823782e-03 -1.80762380e-01  4.57164586e-01
   1.46118268e-01 -9.91294309e-02 -9.54896212e-02 -6.36430010e-02]
 [ 3.09092700e-01  2.98170656e-01  2.78038055e-01 -2.89492160e-01
   7.06284046e-02 -1.05728969e-01 -2.57525921e-01 -2.66151726e-01
  -1.80727363e-01 -5.43141544e-01 -9.92295295e-02 -4.49718833e-02
   4.28522639e-02 -4.07155789e-02 -3.01989615e-01  4.13870007e-01]
 [ 3.80437613e-01 -1.92529619e-01  1.22698680e-01 -1.75697301e-02
   1.51036456e-01 -2.66188681e-01  2.81195164e-01  2.31345996e-01
   1.53450549e-01  3.25792865e-03 -4.27644849e-01  3.71003747e-02
   1.22603670e-01  3.64520401e-01 -3.14337552e-01 -1.59579858e-01]
 [ 1.30010664e-01 -6.17494956e-02  1.72785208e-01  4.82458472e-01
   1.60935640e-01  4.30157244e-01 -1.26668587e-01 -8.78778547e-02
   2.83526778e-01 -1.32533997e-01  2.07930356e-01  5.98072186e-02
   2.02181324e-01  1.40065178e-01  1.89728588e-01  4.72267807e-01]
 [-1.68274492e-01 -2.90907085e-01  2.74523288e-01  1.37094960e-01
   2.56080061e-01  2.14143291e-01  1.48339674e-01 -1.91562161e-01
   3.03676337e-01 -5.06440818e-01 -7.44543448e-02  3.75521816e-02
   1.28024369e-01 -2.68154979e-01 -1.03270113e-01  1.28745526e-01]
 [-3.07160199e-01  1.77316085e-01  3.37514937e-01  5.98719306e-02
  -4.25627559e-01  9.68551338e-02  3.11485119e-02  1.71163678e-01
   2.68009342e-02 -1.42113253e-01  2.94619352e-01  2.50415623e-01
  -4.21244532e-01  2.13483915e-01 -1.51710540e-01  2.97095835e-01]
 [-1.65483698e-01 -2.61257321e-01 -3.86244692e-02 -4.64387834e-02
   5.24180271e-02 -2.11407751e-01  1.58048188e-03  4.35113870e-02
   4.08882052e-01 -1.76080137e-01 -1.58940062e-01  1.58110783e-01
   1.45889565e-01  2.19002500e-01  1.23968199e-01 -3.50880980e-01]
 [ 6.22494332e-02 -3.21736783e-01 -3.15199256e-01 -1.06836863e-01
  -4.49495673e-01  1.00199193e-01 -3.14146638e-01 -4.13060822e-02
   3.56355131e-01  2.13263929e-02 -2.05642823e-03 -3.29474866e-01
  -4.04087082e-03  3.50723565e-02  2.60391831e-01 -1.83019906e-01]
 [ 2.80454040e-01 -5.90429492e-02 -4.61514145e-01  2.32782543e-01
   3.64117652e-01 -7.74321519e-03  2.62607217e-01 -1.78240076e-01
  -2.02621683e-01  1.40104573e-02 -3.85975279e-02 -3.95629972e-01
   6.18483499e-03 -3.82515103e-01 -2.91907281e-01 -1.21490940e-01]
 [ 4.31558788e-01  2.37832934e-01 -8.01631659e-02 -1.53514624e-01
   3.37173492e-01  5.90171665e-02  2.45192572e-01  4.36280705e-02
   1.41709954e-01  1.65867731e-02 -3.24466765e-01 -1.30024537e-01
   2.35485509e-01  9.05701332e-03 -3.07869077e-01 -1.50796294e-01]
 [-7.73607343e-02 -2.39864457e-02 -1.57313287e-01  3.49574596e-01
   9.69269127e-02 -6.31980658e-01 -2.94373363e-01 -2.33403936e-01
  -7.55300969e-02 -2.73828387e-01 -3.16448778e-01  4.07263525e-02
   9.19224992e-02 -6.05771765e-02  6.75770283e-01 -1.39666587e-01]
 [ 1.32622972e-01  1.27486348e-01  2.07573354e-01 -2.17309475e-01
   1.11336470e-01  1.21444259e-02  3.16224486e-01  3.96374077e-01
  -3.30678560e-02  2.12516859e-01  8.74560922e-02  3.53282124e-01
   9.72223207e-02 -1.37348443e-01 -1.67755768e-01 -3.57430011e-01]
 [ 1.42339051e-01  6.08362496e-01 -2.46047035e-01 -9.97297317e-02
   3.78102273e-01  3.95237744e-01 -3.64396662e-01  8.91522318e-02
   3.10381860e-01 -3.53189707e-01 -6.87799901e-02  8.81974548e-02
  -2.77230501e-01 -1.58548683e-01  3.35480601e-01 -3.99211138e-01]
 [-1.60012230e-01  3.87589902e-01 -2.40645763e-02 -1.35498598e-01
  -3.47618341e-01  2.25622617e-02 -1.54162705e-01  2.83041954e-01
   3.96403939e-01 -4.62274849e-01 -2.41499394e-01  2.02638507e-01
   6.06295392e-02  1.49668697e-02 -4.52573635e-02 -1.28971472e-01]
 [ 1.18233770e-01  2.45545641e-01  1.69734120e-01  1.70274109e-01
   8.55280608e-02 -1.64111525e-01  4.10605334e-02 -1.14407741e-01
  -2.05730870e-01 -1.64201215e-01 -3.60872298e-01 -2.05915049e-01
   3.28306705e-01 -1.22657092e-02 -1.51189789e-01  5.68944514e-01]
 [-6.50157034e-02  1.00473434e-01 -5.08400261e-01  2.05484524e-01
   1.96070239e-01  5.48153043e-01 -1.00659028e-01 -7.53558576e-02
   3.24649155e-01 -1.79159865e-01  2.02411301e-02 -7.98863918e-02
  -5.07724762e-01 -3.20434809e-01  2.65901573e-02 -2.76458059e-02]
 [-2.48249337e-01 -2.76152194e-01 -2.01192517e-02  1.48336887e-01
   1.33903334e-02 -3.05455495e-02  2.79805899e-01  3.81523035e-02
  -1.59545362e-01  1.22690402e-01  3.84686202e-01  1.43299460e-01
  -1.08845972e-01 -5.41428685e-01 -1.60652876e-01  3.13353002e-01]
 [-3.12665612e-01 -9.73131880e-03  3.12431693e-01 -2.67864048e-01
   1.25324503e-01 -2.33061418e-01  4.88911718e-01  3.48710775e-01
  -1.30491182e-01  4.05092090e-01  1.51833490e-01  4.60769117e-01
   2.39885360e-01  5.54562435e-02 -1.34657606e-01 -2.85807967e-01]]

Bias shape : (16,)
[ 0.00416588  0.25764382  0.0707284  -0.00637316  0.12552004 -0.0249752
 -0.06567109  0.01322031 -0.0213078   0.13258825  0.16772904 -0.01300944
  0.13310045  0.07108569  0.18050762  0.10475808]

Layer index: 12
Layer: dense_1
Weight shape: (16, 10)
[[-2.5307858   0.6543894  -2.1585557  -1.4859998  -1.6067542   2.3770103
  -1.9907019   0.76436675  0.73655844  0.4041148 ]
 [-1.397682    2.9816499  -1.2506999   1.0705764  -2.0020301  -2.7843082
  -2.1506238   2.6243434  -2.5994563  -2.35832   ]
 [ 2.6682987  -0.87072855  1.5849537   2.2024739  -1.8277658  -1.1159558
  -2.3704765  -1.8681103  -2.0951502  -2.0429113 ]
 [-2.8305683  -2.5422494  -2.011498    2.5820458   2.5657     -1.5535775
  -1.2623544  -1.4029217  -1.7900523   1.1318686 ]
 [-2.0238502   2.8831635  -1.1670083  -1.9409484   2.370004   -1.2742679
  -2.8392112  -2.325457    1.5662775  -1.2503967 ]
 [-2.2050345  -1.9836982  -2.4218214  -1.9222087  -0.5083624  -2.187434
  -1.5659993   1.7074764  -0.7863067   2.6486857 ]
 [-2.4161665  -1.3725412   1.339177    0.5088786  -1.4059992   0.36011973
  -2.313116   -2.0375981   2.1286495  -0.11177091]
 [-2.7208655  -1.8303336   1.8342024   1.6687394  -1.6650463  -2.5827272
  -1.6562101   1.6541014   0.17994186 -1.4071285 ]
 [-2.2612076  -2.5894544   2.1026282  -2.8929207   2.0386252  -1.7281103
  -1.6949822   1.8019726  -2.2530758   0.45724103]
 [-2.614526   -2.0416305  -1.8618412   2.202659   -1.9722806  -0.04264772
   2.7379284  -1.305282    2.2717245  -2.5342944 ]
 [ 1.6342645  -1.5411483  -2.263604   -2.1662037  -1.0971475  -2.0762327
   1.4212588  -0.713645    1.9294788   1.677041  ]
 [ 2.1560593  -1.4942945   2.150919   -2.2315755   0.36070105 -2.5673175
  -1.5730038  -2.082192    1.6147513  -2.0419548 ]
 [-2.828199    1.2635251   1.6503049  -1.0755665  -2.4161525   2.1981902
   1.8917434  -2.5181592  -2.5500624  -2.1664705 ]
 [ 1.2930465  -1.7871928   0.8887057  -0.81935805 -1.7699021   1.8237149
   0.7392242   1.3790318  -1.6192509  -2.4869714 ]
 [ 0.5942881   0.47072917 -1.9738786  -2.5917926   2.0138018  -2.6763718
   2.5458603  -2.2733421  -2.2393625  -2.2410786 ]
 [ 1.7266448  -1.8244252  -2.1866508   1.3181317  -1.5195526   1.5752411
  -2.3823884  -2.8221736  -2.3127933   2.5065074 ]]

Bias shape : (10,)
[ 0.61880404 -0.13597868 -0.516501   -0.504315   -0.3984572   0.4888781
  0.20335867 -0.05745198  0.30743116  0.05899076]

